INFO:     Will watch for changes in these directories: ['/home/nkululeko/project-otto/backend']
INFO:     Uvicorn running on http://0.0.0.0:8000 (Press CTRL+C to quit)
INFO:     Started reloader process [27464] using WatchFiles
INFO:     Started server process [27488]
INFO:     Waiting for application startup.
2026-01-29 22:13:02,363 INFO sqlalchemy.engine.Engine BEGIN (implicit)
2026-01-29 22:13:02,364 INFO sqlalchemy.engine.Engine PRAGMA main.table_info("users")
2026-01-29 22:13:02,364 INFO sqlalchemy.engine.Engine [raw sql] ()
2026-01-29 22:13:02,366 INFO sqlalchemy.engine.Engine PRAGMA main.table_info("pros")
2026-01-29 22:13:02,366 INFO sqlalchemy.engine.Engine [raw sql] ()
2026-01-29 22:13:02,366 INFO sqlalchemy.engine.Engine PRAGMA main.table_info("labels")
2026-01-29 22:13:02,367 INFO sqlalchemy.engine.Engine [raw sql] ()
2026-01-29 22:13:02,367 INFO sqlalchemy.engine.Engine PRAGMA main.table_info("publishers")
2026-01-29 22:13:02,367 INFO sqlalchemy.engine.Engine [raw sql] ()
2026-01-29 22:13:02,368 INFO sqlalchemy.engine.Engine PRAGMA main.table_info("artists")
2026-01-29 22:13:02,368 INFO sqlalchemy.engine.Engine [raw sql] ()
2026-01-29 22:13:02,368 INFO sqlalchemy.engine.Engine PRAGMA main.table_info("releases")
2026-01-29 22:13:02,369 INFO sqlalchemy.engine.Engine [raw sql] ()
2026-01-29 22:13:02,369 INFO sqlalchemy.engine.Engine PRAGMA main.table_info("tracks")
2026-01-29 22:13:02,369 INFO sqlalchemy.engine.Engine [raw sql] ()
2026-01-29 22:13:02,370 INFO sqlalchemy.engine.Engine PRAGMA main.table_info("works")
2026-01-29 22:13:02,370 INFO sqlalchemy.engine.Engine [raw sql] ()
2026-01-29 22:13:02,370 INFO sqlalchemy.engine.Engine PRAGMA main.table_info("contracts")
2026-01-29 22:13:02,370 INFO sqlalchemy.engine.Engine [raw sql] ()
2026-01-29 22:13:02,371 INFO sqlalchemy.engine.Engine PRAGMA main.table_info("royalties")
2026-01-29 22:13:02,371 INFO sqlalchemy.engine.Engine [raw sql] ()
2026-01-29 22:13:02,371 INFO sqlalchemy.engine.Engine PRAGMA main.table_info("documents")
2026-01-29 22:13:02,371 INFO sqlalchemy.engine.Engine [raw sql] ()
2026-01-29 22:13:02,372 INFO sqlalchemy.engine.Engine PRAGMA main.table_info("notes")
2026-01-29 22:13:02,372 INFO sqlalchemy.engine.Engine [raw sql] ()
2026-01-29 22:13:02,372 INFO sqlalchemy.engine.Engine PRAGMA main.table_info("events")
2026-01-29 22:13:02,373 INFO sqlalchemy.engine.Engine [raw sql] ()
2026-01-29 22:13:02,373 INFO sqlalchemy.engine.Engine PRAGMA main.table_info("playlists")
2026-01-29 22:13:02,373 INFO sqlalchemy.engine.Engine [raw sql] ()
2026-01-29 22:13:02,374 INFO sqlalchemy.engine.Engine PRAGMA main.table_info("audit_logs")
2026-01-29 22:13:02,374 INFO sqlalchemy.engine.Engine [raw sql] ()
2026-01-29 22:13:02,374 INFO sqlalchemy.engine.Engine PRAGMA main.table_info("activities")
2026-01-29 22:13:02,374 INFO sqlalchemy.engine.Engine [raw sql] ()
2026-01-29 22:13:02,375 INFO sqlalchemy.engine.Engine PRAGMA main.table_info("companies")
2026-01-29 22:13:02,375 INFO sqlalchemy.engine.Engine [raw sql] ()
2026-01-29 22:13:02,375 INFO sqlalchemy.engine.Engine PRAGMA main.table_info("contacts")
2026-01-29 22:13:02,375 INFO sqlalchemy.engine.Engine [raw sql] ()
2026-01-29 22:13:02,376 INFO sqlalchemy.engine.Engine PRAGMA main.table_info("tasks")
2026-01-29 22:13:02,376 INFO sqlalchemy.engine.Engine [raw sql] ()
2026-01-29 22:13:02,377 INFO sqlalchemy.engine.Engine COMMIT
INFO:     Application startup complete.
✅ OTTO - Record Label Operating System v1.0.0 started
📊 Database: sqlite:////home/nkululeko/project-otto/backend/otto.db
📁 Upload directory: ./uploads
2026-01-29 22:19:59,614 INFO sqlalchemy.engine.Engine BEGIN (implicit)
2026-01-29 22:19:59,651 INFO sqlalchemy.engine.Engine SELECT users.id AS users_id, users.email AS users_email, users.hashed_password AS users_hashed_password, users.full_name AS users_full_name, users.is_active AS users_is_active, users.is_superuser AS users_is_superuser, users.role AS users_role, users.created_at AS users_created_at, users.updated_at AS users_updated_at, users.last_login AS users_last_login 
FROM users 
WHERE users.email = ?
 LIMIT ? OFFSET ?
2026-01-29 22:19:59,652 INFO sqlalchemy.engine.Engine [generated in 0.00269s] ('admin@otto.com', 1, 0)
2026-01-29 22:20:00,080 INFO sqlalchemy.engine.Engine ROLLBACK
INFO:     127.0.0.1:47876 - "POST /api/auth/token HTTP/1.1" 200 OK
INFO:     127.0.0.1:47876 - "OPTIONS /api/auth/me HTTP/1.1" 200 OK
2026-01-29 22:20:00,617 INFO sqlalchemy.engine.Engine BEGIN (implicit)
2026-01-29 22:20:00,618 INFO sqlalchemy.engine.Engine SELECT users.id AS users_id, users.email AS users_email, users.hashed_password AS users_hashed_password, users.full_name AS users_full_name, users.is_active AS users_is_active, users.is_superuser AS users_is_superuser, users.role AS users_role, users.created_at AS users_created_at, users.updated_at AS users_updated_at, users.last_login AS users_last_login 
FROM users 
WHERE users.email = ?
 LIMIT ? OFFSET ?
2026-01-29 22:20:00,619 INFO sqlalchemy.engine.Engine [cached since 0.9691s ago] ('admin@otto.com', 1, 0)
2026-01-29 22:20:00,678 INFO sqlalchemy.engine.Engine ROLLBACK
INFO:     127.0.0.1:47880 - "GET /api/auth/me HTTP/1.1" 200 OK
INFO:     127.0.0.1:47880 - "OPTIONS /api/analytics/kpi HTTP/1.1" 200 OK
2026-01-29 22:20:01,046 INFO sqlalchemy.engine.Engine BEGIN (implicit)
2026-01-29 22:20:01,047 INFO sqlalchemy.engine.Engine SELECT users.id AS users_id, users.email AS users_email, users.hashed_password AS users_hashed_password, users.full_name AS users_full_name, users.is_active AS users_is_active, users.is_superuser AS users_is_superuser, users.role AS users_role, users.created_at AS users_created_at, users.updated_at AS users_updated_at, users.last_login AS users_last_login 
FROM users 
WHERE users.email = ?
 LIMIT ? OFFSET ?
2026-01-29 22:20:01,047 INFO sqlalchemy.engine.Engine [cached since 1.397s ago] ('admin@otto.com', 1, 0)
INFO:     127.0.0.1:47880 - "OPTIONS /api/analytics/catalog-growth HTTP/1.1" 200 OK
INFO:     127.0.0.1:47888 - "OPTIONS /api/analytics/upcoming-events?limit=5 HTTP/1.1" 200 OK
INFO:     127.0.0.1:47904 - "OPTIONS /api/analytics/recent-activity?limit=10 HTTP/1.1" 200 OK
INFO:     127.0.0.1:47920 - "OPTIONS /api/analytics/latest-release HTTP/1.1" 200 OK
INFO:     127.0.0.1:47932 - "OPTIONS /api/analytics/pending-contracts HTTP/1.1" 200 OK
2026-01-29 22:20:01,072 INFO sqlalchemy.engine.Engine SELECT count(*) AS count_1 
FROM (SELECT artists.id AS artists_id, artists.artist_id AS artists_artist_id, artists.name AS artists_name, artists.aka AS artists_aka, artists.id_number AS artists_id_number, artists.ipi_number AS artists_ipi_number, artists.contact_email AS artists_contact_email, artists.contact_phone AS artists_contact_phone, artists.physical_address AS artists_physical_address, artists.banking_details AS artists_banking_details, artists.profile_image_url AS artists_profile_image_url, artists.streaming_links AS artists_streaming_links, artists.social_media AS artists_social_media, artists.label_id AS artists_label_id, artists.publisher_id AS artists_publisher_id, artists.pro_id AS artists_pro_id, artists.created_at AS artists_created_at, artists.updated_at AS artists_updated_at 
FROM artists) AS anon_1
2026-01-29 22:20:01,072 INFO sqlalchemy.engine.Engine [generated in 0.00034s] ()
INFO:     127.0.0.1:47888 - "OPTIONS /api/analytics/catalog-growth HTTP/1.1" 200 OK
INFO:     127.0.0.1:47880 - "OPTIONS /api/analytics/upcoming-events?limit=5 HTTP/1.1" 200 OK
2026-01-29 22:20:01,099 INFO sqlalchemy.engine.Engine SELECT count(*) AS count_1 
FROM (SELECT releases.id AS releases_id, releases.release_id AS releases_release_id, releases.title AS releases_title, releases.upc_code AS releases_upc_code, releases.release_date AS releases_release_date, releases.release_type AS releases_release_type, releases.cover_art_url AS releases_cover_art_url, releases.label_id AS releases_label_id, releases.artist_id AS releases_artist_id, releases.distributor_id AS releases_distributor_id, releases.created_at AS releases_created_at, releases.updated_at AS releases_updated_at 
FROM releases) AS anon_1
2026-01-29 22:20:01,100 INFO sqlalchemy.engine.Engine [generated in 0.00080s] ()
INFO:     127.0.0.1:47932 - "OPTIONS /api/analytics/recent-activity?limit=10 HTTP/1.1" 200 OK
INFO:     127.0.0.1:47920 - "OPTIONS /api/analytics/latest-release HTTP/1.1" 200 OK
INFO:     127.0.0.1:47904 - "OPTIONS /api/analytics/pending-contracts HTTP/1.1" 200 OK
2026-01-29 22:20:01,106 INFO sqlalchemy.engine.Engine SELECT count(*) AS count_1 
FROM (SELECT works.id AS works_id, works.work_id AS works_work_id, works.title AS works_title, works.iswc_code AS works_iswc_code, works.composers AS works_composers, works.composers_text AS works_composers_text, works.arrangers AS works_arrangers, works.arrangers_text AS works_arrangers_text, works.publisher_id AS works_publisher_id, works.pro_id AS works_pro_id, works.created_at AS works_created_at, works.updated_at AS works_updated_at 
FROM works) AS anon_1
2026-01-29 22:20:01,109 INFO sqlalchemy.engine.Engine [generated in 0.00283s] ()
2026-01-29 22:20:01,121 INFO sqlalchemy.engine.Engine SELECT count(*) AS count_1 
FROM (SELECT contracts.id AS contracts_id, contracts.contract_id AS contracts_contract_id, contracts.artist_id AS contracts_artist_id, contracts.label_id AS contracts_label_id, contracts.publisher_id AS contracts_publisher_id, contracts.start_date AS contracts_start_date, contracts.end_date AS contracts_end_date, contracts.royalty_rate AS contracts_royalty_rate, contracts.terms AS contracts_terms, contracts.file_path AS contracts_file_path, contracts.status AS contracts_status, contracts.title AS contracts_title, contracts.is_template AS contracts_is_template, contracts.created_at AS contracts_created_at, contracts.updated_at AS contracts_updated_at 
FROM contracts 
WHERE contracts.end_date >= ? OR contracts.end_date IS NULL) AS anon_1
2026-01-29 22:20:01,123 INFO sqlalchemy.engine.Engine [generated in 0.00208s] ('2026-01-29',)
2026-01-29 22:20:01,123 INFO sqlalchemy.engine.Engine BEGIN (implicit)
2026-01-29 22:20:01,125 INFO sqlalchemy.engine.Engine SELECT users.id AS users_id, users.email AS users_email, users.hashed_password AS users_hashed_password, users.full_name AS users_full_name, users.is_active AS users_is_active, users.is_superuser AS users_is_superuser, users.role AS users_role, users.created_at AS users_created_at, users.updated_at AS users_updated_at, users.last_login AS users_last_login 
FROM users 
WHERE users.email = ?
 LIMIT ? OFFSET ?
2026-01-29 22:20:01,125 INFO sqlalchemy.engine.Engine [cached since 1.475s ago] ('admin@otto.com', 1, 0)
2026-01-29 22:20:01,147 INFO sqlalchemy.engine.Engine SELECT events.id AS events_id, events.title AS events_title, events.description AS events_description, events.start_datetime AS events_start_datetime, events.end_datetime AS events_end_datetime, events.all_day AS events_all_day, events.category AS events_category, events.color AS events_color, events.location AS events_location, events.recurrence_rule AS events_recurrence_rule, events.recurrence_end_date AS events_recurrence_end_date, events.reminder_minutes AS events_reminder_minutes, events.related_entity_type AS events_related_entity_type, events.related_entity_id AS events_related_entity_id, events.created_by AS events_created_by, events.created_at AS events_created_at, events.updated_at AS events_updated_at 
FROM events 
WHERE events.start_datetime >= ? ORDER BY events.start_datetime
 LIMIT ? OFFSET ?
2026-01-29 22:20:01,147 INFO sqlalchemy.engine.Engine [generated in 0.00089s] ('2026-01-29 22:20:01.132106', 5, 0)
2026-01-29 22:20:01,151 INFO sqlalchemy.engine.Engine ROLLBACK
2026-01-29 22:20:01,151 INFO sqlalchemy.engine.Engine BEGIN (implicit)
2026-01-29 22:20:01,152 INFO sqlalchemy.engine.Engine SELECT users.id AS users_id, users.email AS users_email, users.hashed_password AS users_hashed_password, users.full_name AS users_full_name, users.is_active AS users_is_active, users.is_superuser AS users_is_superuser, users.role AS users_role, users.created_at AS users_created_at, users.updated_at AS users_updated_at, users.last_login AS users_last_login 
FROM users 
WHERE users.email = ?
 LIMIT ? OFFSET ?
2026-01-29 22:20:01,153 INFO sqlalchemy.engine.Engine [cached since 1.503s ago] ('admin@otto.com', 1, 0)
2026-01-29 22:20:01,155 INFO sqlalchemy.engine.Engine BEGIN (implicit)
2026-01-29 22:20:01,156 INFO sqlalchemy.engine.Engine SELECT users.id AS users_id, users.email AS users_email, users.hashed_password AS users_hashed_password, users.full_name AS users_full_name, users.is_active AS users_is_active, users.is_superuser AS users_is_superuser, users.role AS users_role, users.created_at AS users_created_at, users.updated_at AS users_updated_at, users.last_login AS users_last_login 
FROM users 
WHERE users.email = ?
 LIMIT ? OFFSET ?
2026-01-29 22:20:01,156 INFO sqlalchemy.engine.Engine [cached since 1.506s ago] ('admin@otto.com', 1, 0)
2026-01-29 22:20:01,158 INFO sqlalchemy.engine.Engine BEGIN (implicit)
2026-01-29 22:20:01,159 INFO sqlalchemy.engine.Engine SELECT users.id AS users_id, users.email AS users_email, users.hashed_password AS users_hashed_password, users.full_name AS users_full_name, users.is_active AS users_is_active, users.is_superuser AS users_is_superuser, users.role AS users_role, users.created_at AS users_created_at, users.updated_at AS users_updated_at, users.last_login AS users_last_login 
FROM users 
WHERE users.email = ?
 LIMIT ? OFFSET ?
2026-01-29 22:20:01,159 INFO sqlalchemy.engine.Engine [cached since 1.51s ago] ('admin@otto.com', 1, 0)
2026-01-29 22:20:01,162 INFO sqlalchemy.engine.Engine BEGIN (implicit)
2026-01-29 22:20:01,162 INFO sqlalchemy.engine.Engine SELECT users.id AS users_id, users.email AS users_email, users.hashed_password AS users_hashed_password, users.full_name AS users_full_name, users.is_active AS users_is_active, users.is_superuser AS users_is_superuser, users.role AS users_role, users.created_at AS users_created_at, users.updated_at AS users_updated_at, users.last_login AS users_last_login 
FROM users 
WHERE users.email = ?
 LIMIT ? OFFSET ?
2026-01-29 22:20:01,162 INFO sqlalchemy.engine.Engine [cached since 1.513s ago] ('admin@otto.com', 1, 0)
INFO:     127.0.0.1:47876 - "GET /api/analytics/kpi HTTP/1.1" 200 OK
2026-01-29 22:20:01,167 INFO sqlalchemy.engine.Engine SELECT count(*) AS count_1 
FROM (SELECT contracts.id AS contracts_id, contracts.contract_id AS contracts_contract_id, contracts.artist_id AS contracts_artist_id, contracts.label_id AS contracts_label_id, contracts.publisher_id AS contracts_publisher_id, contracts.start_date AS contracts_start_date, contracts.end_date AS contracts_end_date, contracts.royalty_rate AS contracts_royalty_rate, contracts.terms AS contracts_terms, contracts.file_path AS contracts_file_path, contracts.status AS contracts_status, contracts.title AS contracts_title, contracts.is_template AS contracts_is_template, contracts.created_at AS contracts_created_at, contracts.updated_at AS contracts_updated_at 
FROM contracts 
WHERE contracts.end_date >= ? OR contracts.end_date IS NULL) AS anon_1
2026-01-29 22:20:01,177 INFO sqlalchemy.engine.Engine SELECT releases.id AS releases_id, releases.release_id AS releases_release_id, releases.title AS releases_title, releases.upc_code AS releases_upc_code, releases.release_date AS releases_release_date, releases.release_type AS releases_release_type, releases.cover_art_url AS releases_cover_art_url, releases.label_id AS releases_label_id, releases.artist_id AS releases_artist_id, releases.distributor_id AS releases_distributor_id, releases.created_at AS releases_created_at, releases.updated_at AS releases_updated_at 
FROM releases ORDER BY releases.release_date DESC
 LIMIT ? OFFSET ?
2026-01-29 22:20:01,178 INFO sqlalchemy.engine.Engine [generated in 0.00171s] (1, 0)
2026-01-29 22:20:01,175 INFO sqlalchemy.engine.Engine SELECT activities.id AS activities_id, activities.user_id AS activities_user_id, activities.action AS activities_action, activities.entity_type AS activities_entity_type, activities.entity_id AS activities_entity_id, activities.entity_name AS activities_entity_name, activities.timestamp AS activities_timestamp 
FROM activities 
WHERE activities.user_id = ? ORDER BY activities.timestamp DESC
 LIMIT ? OFFSET ?
2026-01-29 22:20:01,181 INFO sqlalchemy.engine.Engine [generated in 0.00662s] (1, 10, 0)
2026-01-29 22:20:01,177 INFO sqlalchemy.engine.Engine [cached since 0.05611s ago] ('2026-01-29',)
2026-01-29 22:20:01,168 INFO sqlalchemy.engine.Engine ROLLBACK
2026-01-29 22:20:01,168 INFO sqlalchemy.engine.Engine SELECT count(*) AS count_1 
FROM (SELECT works.id AS works_id, works.work_id AS works_work_id, works.title AS works_title, works.iswc_code AS works_iswc_code, works.composers AS works_composers, works.composers_text AS works_composers_text, works.arrangers AS works_arrangers, works.arrangers_text AS works_arrangers_text, works.publisher_id AS works_publisher_id, works.pro_id AS works_pro_id, works.created_at AS works_created_at, works.updated_at AS works_updated_at 
FROM works) AS anon_1
2026-01-29 22:20:01,182 INFO sqlalchemy.engine.Engine [cached since 0.07567s ago] ()
2026-01-29 22:20:01,181 INFO sqlalchemy.engine.Engine BEGIN (implicit)
2026-01-29 22:20:01,185 INFO sqlalchemy.engine.Engine SELECT users.id AS users_id, users.email AS users_email, users.hashed_password AS users_hashed_password, users.full_name AS users_full_name, users.is_active AS users_is_active, users.is_superuser AS users_is_superuser, users.role AS users_role, users.created_at AS users_created_at, users.updated_at AS users_updated_at, users.last_login AS users_last_login 
FROM users 
WHERE users.email = ?
 LIMIT ? OFFSET ?
2026-01-29 22:20:01,184 INFO sqlalchemy.engine.Engine SELECT count(*) AS count_1 
FROM (SELECT releases.id AS releases_id, releases.release_id AS releases_release_id, releases.title AS releases_title, releases.upc_code AS releases_upc_code, releases.release_date AS releases_release_date, releases.release_type AS releases_release_type, releases.cover_art_url AS releases_cover_art_url, releases.label_id AS releases_label_id, releases.artist_id AS releases_artist_id, releases.distributor_id AS releases_distributor_id, releases.created_at AS releases_created_at, releases.updated_at AS releases_updated_at 
FROM releases) AS anon_1
2026-01-29 22:20:01,185 INFO sqlalchemy.engine.Engine [cached since 0.08639s ago] ()
2026-01-29 22:20:01,186 INFO sqlalchemy.engine.Engine SELECT count(*) AS count_1 
FROM (SELECT artists.id AS artists_id, artists.artist_id AS artists_artist_id, artists.name AS artists_name, artists.aka AS artists_aka, artists.id_number AS artists_id_number, artists.ipi_number AS artists_ipi_number, artists.contact_email AS artists_contact_email, artists.contact_phone AS artists_contact_phone, artists.physical_address AS artists_physical_address, artists.banking_details AS artists_banking_details, artists.profile_image_url AS artists_profile_image_url, artists.streaming_links AS artists_streaming_links, artists.social_media AS artists_social_media, artists.label_id AS artists_label_id, artists.publisher_id AS artists_publisher_id, artists.pro_id AS artists_pro_id, artists.created_at AS artists_created_at, artists.updated_at AS artists_updated_at 
FROM artists) AS anon_1
2026-01-29 22:20:01,185 INFO sqlalchemy.engine.Engine [cached since 1.535s ago] ('admin@otto.com', 1, 0)
2026-01-29 22:20:01,186 INFO sqlalchemy.engine.Engine [cached since 0.1148s ago] ()
INFO:     127.0.0.1:47888 - "GET /api/analytics/upcoming-events?limit=5 HTTP/1.1" 200 OK
2026-01-29 22:20:01,197 INFO sqlalchemy.engine.Engine SELECT count(*) AS count_1 
FROM (SELECT artists.id AS artists_id, artists.artist_id AS artists_artist_id, artists.name AS artists_name, artists.aka AS artists_aka, artists.id_number AS artists_id_number, artists.ipi_number AS artists_ipi_number, artists.contact_email AS artists_contact_email, artists.contact_phone AS artists_contact_phone, artists.physical_address AS artists_physical_address, artists.banking_details AS artists_banking_details, artists.profile_image_url AS artists_profile_image_url, artists.streaming_links AS artists_streaming_links, artists.social_media AS artists_social_media, artists.label_id AS artists_label_id, artists.publisher_id AS artists_publisher_id, artists.pro_id AS artists_pro_id, artists.created_at AS artists_created_at, artists.updated_at AS artists_updated_at 
FROM artists) AS anon_1
2026-01-29 22:20:01,199 INFO sqlalchemy.engine.Engine [cached since 0.1277s ago] ()
2026-01-29 22:20:01,199 INFO sqlalchemy.engine.Engine ROLLBACK
2026-01-29 22:20:01,201 INFO sqlalchemy.engine.Engine SELECT count(*) AS count_1 
FROM (SELECT releases.id AS releases_id, releases.release_id AS releases_release_id, releases.title AS releases_title, releases.upc_code AS releases_upc_code, releases.release_date AS releases_release_date, releases.release_type AS releases_release_type, releases.cover_art_url AS releases_cover_art_url, releases.label_id AS releases_label_id, releases.artist_id AS releases_artist_id, releases.distributor_id AS releases_distributor_id, releases.created_at AS releases_created_at, releases.updated_at AS releases_updated_at 
FROM releases) AS anon_1
2026-01-29 22:20:01,201 INFO sqlalchemy.engine.Engine [cached since 0.1026s ago] ()
2026-01-29 22:20:01,202 INFO sqlalchemy.engine.Engine SELECT count(*) AS count_1 
FROM (SELECT works.id AS works_id, works.work_id AS works_work_id, works.title AS works_title, works.iswc_code AS works_iswc_code, works.composers AS works_composers, works.composers_text AS works_composers_text, works.arrangers AS works_arrangers, works.arrangers_text AS works_arrangers_text, works.publisher_id AS works_publisher_id, works.pro_id AS works_pro_id, works.created_at AS works_created_at, works.updated_at AS works_updated_at 
FROM works) AS anon_1
2026-01-29 22:20:01,202 INFO sqlalchemy.engine.Engine [cached since 0.09612s ago] ()
2026-01-29 22:20:01,199 INFO sqlalchemy.engine.Engine ROLLBACK
2026-01-29 22:20:01,199 INFO sqlalchemy.engine.Engine ROLLBACK
2026-01-29 22:20:01,199 INFO sqlalchemy.engine.Engine ROLLBACK
2026-01-29 22:20:01,206 INFO sqlalchemy.engine.Engine SELECT count(*) AS count_1 
FROM (SELECT contracts.id AS contracts_id, contracts.contract_id AS contracts_contract_id, contracts.artist_id AS contracts_artist_id, contracts.label_id AS contracts_label_id, contracts.publisher_id AS contracts_publisher_id, contracts.start_date AS contracts_start_date, contracts.end_date AS contracts_end_date, contracts.royalty_rate AS contracts_royalty_rate, contracts.terms AS contracts_terms, contracts.file_path AS contracts_file_path, contracts.status AS contracts_status, contracts.title AS contracts_title, contracts.is_template AS contracts_is_template, contracts.created_at AS contracts_created_at, contracts.updated_at AS contracts_updated_at 
FROM contracts 
WHERE contracts.end_date >= ? OR contracts.end_date IS NULL) AS anon_1
2026-01-29 22:20:01,208 INFO sqlalchemy.engine.Engine [cached since 0.08727s ago] ('2026-01-29',)
2026-01-29 22:20:01,207 INFO sqlalchemy.engine.Engine BEGIN (implicit)
2026-01-29 22:20:01,210 INFO sqlalchemy.engine.Engine SELECT users.id AS users_id, users.email AS users_email, users.hashed_password AS users_hashed_password, users.full_name AS users_full_name, users.is_active AS users_is_active, users.is_superuser AS users_is_superuser, users.role AS users_role, users.created_at AS users_created_at, users.updated_at AS users_updated_at, users.last_login AS users_last_login 
FROM users 
WHERE users.email = ?
 LIMIT ? OFFSET ?
2026-01-29 22:20:01,210 INFO sqlalchemy.engine.Engine [cached since 1.56s ago] ('admin@otto.com', 1, 0)
INFO:     127.0.0.1:47880 - "GET /api/analytics/recent-activity?limit=10 HTTP/1.1" 200 OK
INFO:     127.0.0.1:47920 - "GET /api/analytics/pending-contracts HTTP/1.1" 200 OK
INFO:     127.0.0.1:47932 - "GET /api/analytics/catalog-growth HTTP/1.1" 200 OK
INFO:     127.0.0.1:47904 - "GET /api/analytics/latest-release HTTP/1.1" 200 OK
2026-01-29 22:20:01,247 INFO sqlalchemy.engine.Engine ROLLBACK
2026-01-29 22:20:01,248 INFO sqlalchemy.engine.Engine SELECT events.id AS events_id, events.title AS events_title, events.description AS events_description, events.start_datetime AS events_start_datetime, events.end_datetime AS events_end_datetime, events.all_day AS events_all_day, events.category AS events_category, events.color AS events_color, events.location AS events_location, events.recurrence_rule AS events_recurrence_rule, events.recurrence_end_date AS events_recurrence_end_date, events.reminder_minutes AS events_reminder_minutes, events.related_entity_type AS events_related_entity_type, events.related_entity_id AS events_related_entity_id, events.created_by AS events_created_by, events.created_at AS events_created_at, events.updated_at AS events_updated_at 
FROM events 
WHERE events.start_datetime >= ? ORDER BY events.start_datetime
 LIMIT ? OFFSET ?
2026-01-29 22:20:01,249 INFO sqlalchemy.engine.Engine [cached since 0.1026s ago] ('2026-01-29 22:20:01.247932', 5, 0)
INFO:     127.0.0.1:47876 - "GET /api/analytics/kpi HTTP/1.1" 200 OK
2026-01-29 22:20:01,251 INFO sqlalchemy.engine.Engine ROLLBACK
INFO:     127.0.0.1:47888 - "GET /api/analytics/upcoming-events?limit=5 HTTP/1.1" 200 OK
2026-01-29 22:20:01,344 INFO sqlalchemy.engine.Engine BEGIN (implicit)
2026-01-29 22:20:01,345 INFO sqlalchemy.engine.Engine SELECT users.id AS users_id, users.email AS users_email, users.hashed_password AS users_hashed_password, users.full_name AS users_full_name, users.is_active AS users_is_active, users.is_superuser AS users_is_superuser, users.role AS users_role, users.created_at AS users_created_at, users.updated_at AS users_updated_at, users.last_login AS users_last_login 
FROM users 
WHERE users.email = ?
 LIMIT ? OFFSET ?
2026-01-29 22:20:01,345 INFO sqlalchemy.engine.Engine [cached since 1.695s ago] ('admin@otto.com', 1, 0)
2026-01-29 22:20:01,350 INFO sqlalchemy.engine.Engine SELECT activities.id AS activities_id, activities.user_id AS activities_user_id, activities.action AS activities_action, activities.entity_type AS activities_entity_type, activities.entity_id AS activities_entity_id, activities.entity_name AS activities_entity_name, activities.timestamp AS activities_timestamp 
FROM activities 
WHERE activities.user_id = ? ORDER BY activities.timestamp DESC
 LIMIT ? OFFSET ?
2026-01-29 22:20:01,354 INFO sqlalchemy.engine.Engine [cached since 0.1803s ago] (1, 10, 0)
2026-01-29 22:20:01,354 INFO sqlalchemy.engine.Engine BEGIN (implicit)
2026-01-29 22:20:01,358 INFO sqlalchemy.engine.Engine SELECT users.id AS users_id, users.email AS users_email, users.hashed_password AS users_hashed_password, users.full_name AS users_full_name, users.is_active AS users_is_active, users.is_superuser AS users_is_superuser, users.role AS users_role, users.created_at AS users_created_at, users.updated_at AS users_updated_at, users.last_login AS users_last_login 
FROM users 
WHERE users.email = ?
 LIMIT ? OFFSET ?
2026-01-29 22:20:01,358 INFO sqlalchemy.engine.Engine [cached since 1.708s ago] ('admin@otto.com', 1, 0)
2026-01-29 22:20:01,363 INFO sqlalchemy.engine.Engine BEGIN (implicit)
2026-01-29 22:20:01,363 INFO sqlalchemy.engine.Engine SELECT users.id AS users_id, users.email AS users_email, users.hashed_password AS users_hashed_password, users.full_name AS users_full_name, users.is_active AS users_is_active, users.is_superuser AS users_is_superuser, users.role AS users_role, users.created_at AS users_created_at, users.updated_at AS users_updated_at, users.last_login AS users_last_login 
FROM users 
WHERE users.email = ?
 LIMIT ? OFFSET ?
2026-01-29 22:20:01,363 INFO sqlalchemy.engine.Engine [cached since 1.714s ago] ('admin@otto.com', 1, 0)
2026-01-29 22:20:01,365 INFO sqlalchemy.engine.Engine BEGIN (implicit)
2026-01-29 22:20:01,365 INFO sqlalchemy.engine.Engine SELECT users.id AS users_id, users.email AS users_email, users.hashed_password AS users_hashed_password, users.full_name AS users_full_name, users.is_active AS users_is_active, users.is_superuser AS users_is_superuser, users.role AS users_role, users.created_at AS users_created_at, users.updated_at AS users_updated_at, users.last_login AS users_last_login 
FROM users 
WHERE users.email = ?
 LIMIT ? OFFSET ?
2026-01-29 22:20:01,366 INFO sqlalchemy.engine.Engine [cached since 1.716s ago] ('admin@otto.com', 1, 0)
2026-01-29 22:20:01,381 INFO sqlalchemy.engine.Engine SELECT count(*) AS count_1 
FROM (SELECT contracts.id AS contracts_id, contracts.contract_id AS contracts_contract_id, contracts.artist_id AS contracts_artist_id, contracts.label_id AS contracts_label_id, contracts.publisher_id AS contracts_publisher_id, contracts.start_date AS contracts_start_date, contracts.end_date AS contracts_end_date, contracts.royalty_rate AS contracts_royalty_rate, contracts.terms AS contracts_terms, contracts.file_path AS contracts_file_path, contracts.status AS contracts_status, contracts.title AS contracts_title, contracts.is_template AS contracts_is_template, contracts.created_at AS contracts_created_at, contracts.updated_at AS contracts_updated_at 
FROM contracts 
WHERE contracts.end_date >= ? OR contracts.end_date IS NULL) AS anon_1
2026-01-29 22:20:01,382 INFO sqlalchemy.engine.Engine SELECT releases.id AS releases_id, releases.release_id AS releases_release_id, releases.title AS releases_title, releases.upc_code AS releases_upc_code, releases.release_date AS releases_release_date, releases.release_type AS releases_release_type, releases.cover_art_url AS releases_cover_art_url, releases.label_id AS releases_label_id, releases.artist_id AS releases_artist_id, releases.distributor_id AS releases_distributor_id, releases.created_at AS releases_created_at, releases.updated_at AS releases_updated_at 
FROM releases ORDER BY releases.release_date DESC
 LIMIT ? OFFSET ?
2026-01-29 22:20:01,385 INFO sqlalchemy.engine.Engine [cached since 0.2081s ago] (1, 0)
2026-01-29 22:20:01,384 INFO sqlalchemy.engine.Engine SELECT count(*) AS count_1 
FROM (SELECT works.id AS works_id, works.work_id AS works_work_id, works.title AS works_title, works.iswc_code AS works_iswc_code, works.composers AS works_composers, works.composers_text AS works_composers_text, works.arrangers AS works_arrangers, works.arrangers_text AS works_arrangers_text, works.publisher_id AS works_publisher_id, works.pro_id AS works_pro_id, works.created_at AS works_created_at, works.updated_at AS works_updated_at 
FROM works) AS anon_1
2026-01-29 22:20:01,392 INFO sqlalchemy.engine.Engine [cached since 0.2855s ago] ()
2026-01-29 22:20:01,392 INFO sqlalchemy.engine.Engine ROLLBACK
2026-01-29 22:20:01,384 INFO sqlalchemy.engine.Engine ROLLBACK
INFO:     127.0.0.1:47904 - "GET /api/analytics/latest-release HTTP/1.1" 200 OK
2026-01-29 22:20:01,384 INFO sqlalchemy.engine.Engine [cached since 0.2634s ago] ('2026-01-29',)
2026-01-29 22:20:01,399 INFO sqlalchemy.engine.Engine SELECT count(*) AS count_1 
FROM (SELECT releases.id AS releases_id, releases.release_id AS releases_release_id, releases.title AS releases_title, releases.upc_code AS releases_upc_code, releases.release_date AS releases_release_date, releases.release_type AS releases_release_type, releases.cover_art_url AS releases_cover_art_url, releases.label_id AS releases_label_id, releases.artist_id AS releases_artist_id, releases.distributor_id AS releases_distributor_id, releases.created_at AS releases_created_at, releases.updated_at AS releases_updated_at 
FROM releases) AS anon_1
2026-01-29 22:20:01,402 INFO sqlalchemy.engine.Engine [cached since 0.3032s ago] ()
2026-01-29 22:20:01,403 INFO sqlalchemy.engine.Engine SELECT count(*) AS count_1 
FROM (SELECT artists.id AS artists_id, artists.artist_id AS artists_artist_id, artists.name AS artists_name, artists.aka AS artists_aka, artists.id_number AS artists_id_number, artists.ipi_number AS artists_ipi_number, artists.contact_email AS artists_contact_email, artists.contact_phone AS artists_contact_phone, artists.physical_address AS artists_physical_address, artists.banking_details AS artists_banking_details, artists.profile_image_url AS artists_profile_image_url, artists.streaming_links AS artists_streaming_links, artists.social_media AS artists_social_media, artists.label_id AS artists_label_id, artists.publisher_id AS artists_publisher_id, artists.pro_id AS artists_pro_id, artists.created_at AS artists_created_at, artists.updated_at AS artists_updated_at 
FROM artists) AS anon_1
2026-01-29 22:20:01,403 INFO sqlalchemy.engine.Engine [cached since 0.3313s ago] ()
INFO:     127.0.0.1:47880 - "GET /api/analytics/recent-activity?limit=10 HTTP/1.1" 200 OK
2026-01-29 22:20:01,407 INFO sqlalchemy.engine.Engine ROLLBACK
INFO:     127.0.0.1:47888 - "GET /api/analytics/catalog-growth HTTP/1.1" 200 OK
2026-01-29 22:20:01,409 INFO sqlalchemy.engine.Engine ROLLBACK
INFO:     127.0.0.1:47876 - "GET /api/analytics/pending-contracts HTTP/1.1" 200 OK
2026-01-29 22:20:49,386 INFO sqlalchemy.engine.Engine BEGIN (implicit)
2026-01-29 22:20:49,391 INFO sqlalchemy.engine.Engine SELECT users.id AS users_id, users.email AS users_email, users.hashed_password AS users_hashed_password, users.full_name AS users_full_name, users.is_active AS users_is_active, users.is_superuser AS users_is_superuser, users.role AS users_role, users.created_at AS users_created_at, users.updated_at AS users_updated_at, users.last_login AS users_last_login 
FROM users 
WHERE users.email = ?
 LIMIT ? OFFSET ?
2026-01-29 22:20:49,392 INFO sqlalchemy.engine.Engine [cached since 49.74s ago] ('admin@otto.com', 1, 0)
2026-01-29 22:20:49,394 INFO sqlalchemy.engine.Engine BEGIN (implicit)
2026-01-29 22:20:49,395 INFO sqlalchemy.engine.Engine SELECT users.id AS users_id, users.email AS users_email, users.hashed_password AS users_hashed_password, users.full_name AS users_full_name, users.is_active AS users_is_active, users.is_superuser AS users_is_superuser, users.role AS users_role, users.created_at AS users_created_at, users.updated_at AS users_updated_at, users.last_login AS users_last_login 
FROM users 
WHERE users.email = ?
 LIMIT ? OFFSET ?
2026-01-29 22:20:49,395 INFO sqlalchemy.engine.Engine [cached since 49.75s ago] ('admin@otto.com', 1, 0)
2026-01-29 22:20:49,417 INFO sqlalchemy.engine.Engine SELECT count(*) AS count_1 
FROM (SELECT artists.id AS artists_id, artists.artist_id AS artists_artist_id, artists.name AS artists_name, artists.aka AS artists_aka, artists.id_number AS artists_id_number, artists.ipi_number AS artists_ipi_number, artists.contact_email AS artists_contact_email, artists.contact_phone AS artists_contact_phone, artists.physical_address AS artists_physical_address, artists.banking_details AS artists_banking_details, artists.profile_image_url AS artists_profile_image_url, artists.streaming_links AS artists_streaming_links, artists.social_media AS artists_social_media, artists.label_id AS artists_label_id, artists.publisher_id AS artists_publisher_id, artists.pro_id AS artists_pro_id, artists.created_at AS artists_created_at, artists.updated_at AS artists_updated_at 
FROM artists) AS anon_1
2026-01-29 22:20:49,417 INFO sqlalchemy.engine.Engine [cached since 48.35s ago] ()
2026-01-29 22:20:49,419 INFO sqlalchemy.engine.Engine SELECT count(*) AS count_1 
FROM (SELECT releases.id AS releases_id, releases.release_id AS releases_release_id, releases.title AS releases_title, releases.upc_code AS releases_upc_code, releases.release_date AS releases_release_date, releases.release_type AS releases_release_type, releases.cover_art_url AS releases_cover_art_url, releases.label_id AS releases_label_id, releases.artist_id AS releases_artist_id, releases.distributor_id AS releases_distributor_id, releases.created_at AS releases_created_at, releases.updated_at AS releases_updated_at 
FROM releases) AS anon_1
2026-01-29 22:20:49,422 INFO sqlalchemy.engine.Engine [cached since 48.32s ago] ()
2026-01-29 22:20:49,423 INFO sqlalchemy.engine.Engine SELECT count(*) AS count_1 
FROM (SELECT works.id AS works_id, works.work_id AS works_work_id, works.title AS works_title, works.iswc_code AS works_iswc_code, works.composers AS works_composers, works.composers_text AS works_composers_text, works.arrangers AS works_arrangers, works.arrangers_text AS works_arrangers_text, works.publisher_id AS works_publisher_id, works.pro_id AS works_pro_id, works.created_at AS works_created_at, works.updated_at AS works_updated_at 
FROM works) AS anon_1
2026-01-29 22:20:49,423 INFO sqlalchemy.engine.Engine [cached since 48.32s ago] ()
2026-01-29 22:20:49,424 INFO sqlalchemy.engine.Engine SELECT count(*) AS count_1 
FROM (SELECT releases.id AS releases_id, releases.release_id AS releases_release_id, releases.title AS releases_title, releases.upc_code AS releases_upc_code, releases.release_date AS releases_release_date, releases.release_type AS releases_release_type, releases.cover_art_url AS releases_cover_art_url, releases.label_id AS releases_label_id, releases.artist_id AS releases_artist_id, releases.distributor_id AS releases_distributor_id, releases.created_at AS releases_created_at, releases.updated_at AS releases_updated_at 
FROM releases) AS anon_1
2026-01-29 22:20:49,424 INFO sqlalchemy.engine.Engine [cached since 48.33s ago] ()
2026-01-29 22:20:49,428 INFO sqlalchemy.engine.Engine SELECT count(*) AS count_1 
FROM (SELECT artists.id AS artists_id, artists.artist_id AS artists_artist_id, artists.name AS artists_name, artists.aka AS artists_aka, artists.id_number AS artists_id_number, artists.ipi_number AS artists_ipi_number, artists.contact_email AS artists_contact_email, artists.contact_phone AS artists_contact_phone, artists.physical_address AS artists_physical_address, artists.banking_details AS artists_banking_details, artists.profile_image_url AS artists_profile_image_url, artists.streaming_links AS artists_streaming_links, artists.social_media AS artists_social_media, artists.label_id AS artists_label_id, artists.publisher_id AS artists_publisher_id, artists.pro_id AS artists_pro_id, artists.created_at AS artists_created_at, artists.updated_at AS artists_updated_at 
FROM artists) AS anon_1
2026-01-29 22:20:49,444 INFO sqlalchemy.engine.Engine [cached since 48.37s ago] ()
2026-01-29 22:20:49,444 INFO sqlalchemy.engine.Engine SELECT count(*) AS count_1 
FROM (SELECT works.id AS works_id, works.work_id AS works_work_id, works.title AS works_title, works.iswc_code AS works_iswc_code, works.composers AS works_composers, works.composers_text AS works_composers_text, works.arrangers AS works_arrangers, works.arrangers_text AS works_arrangers_text, works.publisher_id AS works_publisher_id, works.pro_id AS works_pro_id, works.created_at AS works_created_at, works.updated_at AS works_updated_at 
FROM works) AS anon_1
2026-01-29 22:20:49,445 INFO sqlalchemy.engine.Engine [cached since 48.34s ago] ()
2026-01-29 22:20:49,446 INFO sqlalchemy.engine.Engine SELECT count(*) AS count_1 
FROM (SELECT contracts.id AS contracts_id, contracts.contract_id AS contracts_contract_id, contracts.artist_id AS contracts_artist_id, contracts.label_id AS contracts_label_id, contracts.publisher_id AS contracts_publisher_id, contracts.start_date AS contracts_start_date, contracts.end_date AS contracts_end_date, contracts.royalty_rate AS contracts_royalty_rate, contracts.terms AS contracts_terms, contracts.file_path AS contracts_file_path, contracts.status AS contracts_status, contracts.title AS contracts_title, contracts.is_template AS contracts_is_template, contracts.created_at AS contracts_created_at, contracts.updated_at AS contracts_updated_at 
FROM contracts 
WHERE contracts.end_date >= ? OR contracts.end_date IS NULL) AS anon_1
2026-01-29 22:20:49,447 INFO sqlalchemy.engine.Engine [cached since 48.33s ago] ('2026-01-29',)
2026-01-29 22:20:49,447 INFO sqlalchemy.engine.Engine ROLLBACK
INFO:     127.0.0.1:56134 - "GET /api/analytics/catalog-growth HTTP/1.1" 200 OK
2026-01-29 22:20:49,450 INFO sqlalchemy.engine.Engine ROLLBACK
INFO:     127.0.0.1:56138 - "GET /api/analytics/kpi HTTP/1.1" 200 OK
2026-01-29 22:20:49,483 INFO sqlalchemy.engine.Engine BEGIN (implicit)
2026-01-29 22:20:49,486 INFO sqlalchemy.engine.Engine SELECT users.id AS users_id, users.email AS users_email, users.hashed_password AS users_hashed_password, users.full_name AS users_full_name, users.is_active AS users_is_active, users.is_superuser AS users_is_superuser, users.role AS users_role, users.created_at AS users_created_at, users.updated_at AS users_updated_at, users.last_login AS users_last_login 
FROM users 
WHERE users.email = ?
 LIMIT ? OFFSET ?
2026-01-29 22:20:49,487 INFO sqlalchemy.engine.Engine [cached since 49.84s ago] ('admin@otto.com', 1, 0)
2026-01-29 22:20:49,502 INFO sqlalchemy.engine.Engine SELECT count(*) AS count_1 
FROM (SELECT works.id AS works_id, works.work_id AS works_work_id, works.title AS works_title, works.iswc_code AS works_iswc_code, works.composers AS works_composers, works.composers_text AS works_composers_text, works.arrangers AS works_arrangers, works.arrangers_text AS works_arrangers_text, works.publisher_id AS works_publisher_id, works.pro_id AS works_pro_id, works.created_at AS works_created_at, works.updated_at AS works_updated_at 
FROM works) AS anon_1
2026-01-29 22:20:49,505 INFO sqlalchemy.engine.Engine [cached since 48.4s ago] ()
2026-01-29 22:20:49,503 INFO sqlalchemy.engine.Engine BEGIN (implicit)
2026-01-29 22:20:49,510 INFO sqlalchemy.engine.Engine SELECT count(*) AS count_1 
FROM (SELECT releases.id AS releases_id, releases.release_id AS releases_release_id, releases.title AS releases_title, releases.upc_code AS releases_upc_code, releases.release_date AS releases_release_date, releases.release_type AS releases_release_type, releases.cover_art_url AS releases_cover_art_url, releases.label_id AS releases_label_id, releases.artist_id AS releases_artist_id, releases.distributor_id AS releases_distributor_id, releases.created_at AS releases_created_at, releases.updated_at AS releases_updated_at 
FROM releases) AS anon_1
2026-01-29 22:20:49,512 INFO sqlalchemy.engine.Engine [cached since 48.41s ago] ()
2026-01-29 22:20:49,511 INFO sqlalchemy.engine.Engine SELECT users.id AS users_id, users.email AS users_email, users.hashed_password AS users_hashed_password, users.full_name AS users_full_name, users.is_active AS users_is_active, users.is_superuser AS users_is_superuser, users.role AS users_role, users.created_at AS users_created_at, users.updated_at AS users_updated_at, users.last_login AS users_last_login 
FROM users 
WHERE users.email = ?
 LIMIT ? OFFSET ?
2026-01-29 22:20:49,521 INFO sqlalchemy.engine.Engine [cached since 49.87s ago] ('admin@otto.com', 1, 0)
2026-01-29 22:20:49,519 INFO sqlalchemy.engine.Engine SELECT count(*) AS count_1 
FROM (SELECT artists.id AS artists_id, artists.artist_id AS artists_artist_id, artists.name AS artists_name, artists.aka AS artists_aka, artists.id_number AS artists_id_number, artists.ipi_number AS artists_ipi_number, artists.contact_email AS artists_contact_email, artists.contact_phone AS artists_contact_phone, artists.physical_address AS artists_physical_address, artists.banking_details AS artists_banking_details, artists.profile_image_url AS artists_profile_image_url, artists.streaming_links AS artists_streaming_links, artists.social_media AS artists_social_media, artists.label_id AS artists_label_id, artists.publisher_id AS artists_publisher_id, artists.pro_id AS artists_pro_id, artists.created_at AS artists_created_at, artists.updated_at AS artists_updated_at 
FROM artists) AS anon_1
2026-01-29 22:20:49,529 INFO sqlalchemy.engine.Engine [cached since 48.46s ago] ()
2026-01-29 22:20:49,528 INFO sqlalchemy.engine.Engine SELECT count(*) AS count_1 
FROM (SELECT artists.id AS artists_id, artists.artist_id AS artists_artist_id, artists.name AS artists_name, artists.aka AS artists_aka, artists.id_number AS artists_id_number, artists.ipi_number AS artists_ipi_number, artists.contact_email AS artists_contact_email, artists.contact_phone AS artists_contact_phone, artists.physical_address AS artists_physical_address, artists.banking_details AS artists_banking_details, artists.profile_image_url AS artists_profile_image_url, artists.streaming_links AS artists_streaming_links, artists.social_media AS artists_social_media, artists.label_id AS artists_label_id, artists.publisher_id AS artists_publisher_id, artists.pro_id AS artists_pro_id, artists.created_at AS artists_created_at, artists.updated_at AS artists_updated_at 
FROM artists) AS anon_1
2026-01-29 22:20:49,530 INFO sqlalchemy.engine.Engine [cached since 48.46s ago] ()
2026-01-29 22:20:49,534 INFO sqlalchemy.engine.Engine SELECT count(*) AS count_1 
FROM (SELECT releases.id AS releases_id, releases.release_id AS releases_release_id, releases.title AS releases_title, releases.upc_code AS releases_upc_code, releases.release_date AS releases_release_date, releases.release_type AS releases_release_type, releases.cover_art_url AS releases_cover_art_url, releases.label_id AS releases_label_id, releases.artist_id AS releases_artist_id, releases.distributor_id AS releases_distributor_id, releases.created_at AS releases_created_at, releases.updated_at AS releases_updated_at 
FROM releases) AS anon_1
2026-01-29 22:20:49,535 INFO sqlalchemy.engine.Engine ROLLBACK
2026-01-29 22:20:49,537 INFO sqlalchemy.engine.Engine [cached since 48.44s ago] ()
2026-01-29 22:20:49,547 INFO sqlalchemy.engine.Engine SELECT count(*) AS count_1 
FROM (SELECT works.id AS works_id, works.work_id AS works_work_id, works.title AS works_title, works.iswc_code AS works_iswc_code, works.composers AS works_composers, works.composers_text AS works_composers_text, works.arrangers AS works_arrangers, works.arrangers_text AS works_arrangers_text, works.publisher_id AS works_publisher_id, works.pro_id AS works_pro_id, works.created_at AS works_created_at, works.updated_at AS works_updated_at 
FROM works) AS anon_1
INFO:     127.0.0.1:56138 - "GET /api/analytics/catalog-growth HTTP/1.1" 200 OK
2026-01-29 22:20:49,550 INFO sqlalchemy.engine.Engine [cached since 48.44s ago] ()
2026-01-29 22:20:49,554 INFO sqlalchemy.engine.Engine SELECT count(*) AS count_1 
FROM (SELECT contracts.id AS contracts_id, contracts.contract_id AS contracts_contract_id, contracts.artist_id AS contracts_artist_id, contracts.label_id AS contracts_label_id, contracts.publisher_id AS contracts_publisher_id, contracts.start_date AS contracts_start_date, contracts.end_date AS contracts_end_date, contracts.royalty_rate AS contracts_royalty_rate, contracts.terms AS contracts_terms, contracts.file_path AS contracts_file_path, contracts.status AS contracts_status, contracts.title AS contracts_title, contracts.is_template AS contracts_is_template, contracts.created_at AS contracts_created_at, contracts.updated_at AS contracts_updated_at 
FROM contracts 
WHERE contracts.end_date >= ? OR contracts.end_date IS NULL) AS anon_1
2026-01-29 22:20:49,556 INFO sqlalchemy.engine.Engine [cached since 48.44s ago] ('2026-01-29',)
2026-01-29 22:20:49,561 INFO sqlalchemy.engine.Engine ROLLBACK
INFO:     127.0.0.1:56134 - "GET /api/analytics/kpi HTTP/1.1" 200 OK
INFO:     127.0.0.1:51894 - "OPTIONS /api/analytics/kpi HTTP/1.1" 200 OK
INFO:     127.0.0.1:51900 - "OPTIONS /api/analytics/catalog-growth HTTP/1.1" 200 OK
INFO:     127.0.0.1:51906 - "OPTIONS /api/analytics/upcoming-events?limit=5 HTTP/1.1" 200 OK
INFO:     127.0.0.1:51918 - "OPTIONS /api/analytics/recent-activity?limit=10 HTTP/1.1" 200 OK
INFO:     127.0.0.1:51924 - "OPTIONS /api/analytics/latest-release HTTP/1.1" 200 OK
INFO:     127.0.0.1:51936 - "OPTIONS /api/analytics/pending-contracts HTTP/1.1" 200 OK
INFO:     127.0.0.1:51894 - "OPTIONS /api/analytics/kpi HTTP/1.1" 200 OK
INFO:     127.0.0.1:51900 - "OPTIONS /api/analytics/catalog-growth HTTP/1.1" 200 OK
INFO:     127.0.0.1:51918 - "OPTIONS /api/analytics/upcoming-events?limit=5 HTTP/1.1" 200 OK
INFO:     127.0.0.1:51924 - "OPTIONS /api/analytics/recent-activity?limit=10 HTTP/1.1" 200 OK
INFO:     127.0.0.1:51936 - "OPTIONS /api/analytics/latest-release HTTP/1.1" 200 OK
2026-01-29 22:24:24,492 INFO sqlalchemy.engine.Engine BEGIN (implicit)
2026-01-29 22:24:24,493 INFO sqlalchemy.engine.Engine SELECT users.id AS users_id, users.email AS users_email, users.hashed_password AS users_hashed_password, users.full_name AS users_full_name, users.is_active AS users_is_active, users.is_superuser AS users_is_superuser, users.role AS users_role, users.created_at AS users_created_at, users.updated_at AS users_updated_at, users.last_login AS users_last_login 
FROM users 
WHERE users.email = ?
 LIMIT ? OFFSET ?
2026-01-29 22:24:24,494 INFO sqlalchemy.engine.Engine [cached since 264.8s ago] ('admin@otto.com', 1, 0)
INFO:     127.0.0.1:51894 - "OPTIONS /api/analytics/pending-contracts HTTP/1.1" 200 OK
2026-01-29 22:24:24,499 INFO sqlalchemy.engine.Engine SELECT count(*) AS count_1 
FROM (SELECT artists.id AS artists_id, artists.artist_id AS artists_artist_id, artists.name AS artists_name, artists.aka AS artists_aka, artists.id_number AS artists_id_number, artists.ipi_number AS artists_ipi_number, artists.contact_email AS artists_contact_email, artists.contact_phone AS artists_contact_phone, artists.physical_address AS artists_physical_address, artists.banking_details AS artists_banking_details, artists.profile_image_url AS artists_profile_image_url, artists.streaming_links AS artists_streaming_links, artists.social_media AS artists_social_media, artists.label_id AS artists_label_id, artists.publisher_id AS artists_publisher_id, artists.pro_id AS artists_pro_id, artists.created_at AS artists_created_at, artists.updated_at AS artists_updated_at 
FROM artists) AS anon_1
2026-01-29 22:24:24,499 INFO sqlalchemy.engine.Engine [cached since 263.4s ago] ()
2026-01-29 22:24:24,502 INFO sqlalchemy.engine.Engine SELECT count(*) AS count_1 
FROM (SELECT releases.id AS releases_id, releases.release_id AS releases_release_id, releases.title AS releases_title, releases.upc_code AS releases_upc_code, releases.release_date AS releases_release_date, releases.release_type AS releases_release_type, releases.cover_art_url AS releases_cover_art_url, releases.label_id AS releases_label_id, releases.artist_id AS releases_artist_id, releases.distributor_id AS releases_distributor_id, releases.created_at AS releases_created_at, releases.updated_at AS releases_updated_at 
FROM releases) AS anon_1
2026-01-29 22:24:24,502 INFO sqlalchemy.engine.Engine [cached since 263.4s ago] ()
2026-01-29 22:24:24,504 INFO sqlalchemy.engine.Engine BEGIN (implicit)
2026-01-29 22:24:24,504 INFO sqlalchemy.engine.Engine SELECT users.id AS users_id, users.email AS users_email, users.hashed_password AS users_hashed_password, users.full_name AS users_full_name, users.is_active AS users_is_active, users.is_superuser AS users_is_superuser, users.role AS users_role, users.created_at AS users_created_at, users.updated_at AS users_updated_at, users.last_login AS users_last_login 
FROM users 
WHERE users.email = ?
 LIMIT ? OFFSET ?
2026-01-29 22:24:24,504 INFO sqlalchemy.engine.Engine [cached since 264.9s ago] ('admin@otto.com', 1, 0)
2026-01-29 22:24:24,505 INFO sqlalchemy.engine.Engine SELECT count(*) AS count_1 
FROM (SELECT works.id AS works_id, works.work_id AS works_work_id, works.title AS works_title, works.iswc_code AS works_iswc_code, works.composers AS works_composers, works.composers_text AS works_composers_text, works.arrangers AS works_arrangers, works.arrangers_text AS works_arrangers_text, works.publisher_id AS works_publisher_id, works.pro_id AS works_pro_id, works.created_at AS works_created_at, works.updated_at AS works_updated_at 
FROM works) AS anon_1
2026-01-29 22:24:24,506 INFO sqlalchemy.engine.Engine BEGIN (implicit)
2026-01-29 22:24:24,506 INFO sqlalchemy.engine.Engine [cached since 263.4s ago] ()
2026-01-29 22:24:24,506 INFO sqlalchemy.engine.Engine SELECT users.id AS users_id, users.email AS users_email, users.hashed_password AS users_hashed_password, users.full_name AS users_full_name, users.is_active AS users_is_active, users.is_superuser AS users_is_superuser, users.role AS users_role, users.created_at AS users_created_at, users.updated_at AS users_updated_at, users.last_login AS users_last_login 
FROM users 
WHERE users.email = ?
 LIMIT ? OFFSET ?
2026-01-29 22:24:24,507 INFO sqlalchemy.engine.Engine [cached since 264.9s ago] ('admin@otto.com', 1, 0)
2026-01-29 22:24:24,508 INFO sqlalchemy.engine.Engine SELECT count(*) AS count_1 
FROM (SELECT contracts.id AS contracts_id, contracts.contract_id AS contracts_contract_id, contracts.artist_id AS contracts_artist_id, contracts.label_id AS contracts_label_id, contracts.publisher_id AS contracts_publisher_id, contracts.start_date AS contracts_start_date, contracts.end_date AS contracts_end_date, contracts.royalty_rate AS contracts_royalty_rate, contracts.terms AS contracts_terms, contracts.file_path AS contracts_file_path, contracts.status AS contracts_status, contracts.title AS contracts_title, contracts.is_template AS contracts_is_template, contracts.created_at AS contracts_created_at, contracts.updated_at AS contracts_updated_at 
FROM contracts 
WHERE contracts.end_date >= ? OR contracts.end_date IS NULL) AS anon_1
2026-01-29 22:24:24,509 INFO sqlalchemy.engine.Engine [cached since 263.4s ago] ('2026-01-29',)
2026-01-29 22:24:24,512 INFO sqlalchemy.engine.Engine BEGIN (implicit)
2026-01-29 22:24:24,513 INFO sqlalchemy.engine.Engine SELECT users.id AS users_id, users.email AS users_email, users.hashed_password AS users_hashed_password, users.full_name AS users_full_name, users.is_active AS users_is_active, users.is_superuser AS users_is_superuser, users.role AS users_role, users.created_at AS users_created_at, users.updated_at AS users_updated_at, users.last_login AS users_last_login 
FROM users 
WHERE users.email = ?
 LIMIT ? OFFSET ?
2026-01-29 22:24:24,513 INFO sqlalchemy.engine.Engine [cached since 264.9s ago] ('admin@otto.com', 1, 0)
2026-01-29 22:24:24,514 INFO sqlalchemy.engine.Engine BEGIN (implicit)
2026-01-29 22:24:24,514 INFO sqlalchemy.engine.Engine SELECT users.id AS users_id, users.email AS users_email, users.hashed_password AS users_hashed_password, users.full_name AS users_full_name, users.is_active AS users_is_active, users.is_superuser AS users_is_superuser, users.role AS users_role, users.created_at AS users_created_at, users.updated_at AS users_updated_at, users.last_login AS users_last_login 
FROM users 
WHERE users.email = ?
 LIMIT ? OFFSET ?
2026-01-29 22:24:24,514 INFO sqlalchemy.engine.Engine [cached since 264.9s ago] ('admin@otto.com', 1, 0)
2026-01-29 22:24:24,516 INFO sqlalchemy.engine.Engine SELECT count(*) AS count_1 
FROM (SELECT works.id AS works_id, works.work_id AS works_work_id, works.title AS works_title, works.iswc_code AS works_iswc_code, works.composers AS works_composers, works.composers_text AS works_composers_text, works.arrangers AS works_arrangers, works.arrangers_text AS works_arrangers_text, works.publisher_id AS works_publisher_id, works.pro_id AS works_pro_id, works.created_at AS works_created_at, works.updated_at AS works_updated_at 
FROM works) AS anon_1
2026-01-29 22:24:24,517 INFO sqlalchemy.engine.Engine SELECT events.id AS events_id, events.title AS events_title, events.description AS events_description, events.start_datetime AS events_start_datetime, events.end_datetime AS events_end_datetime, events.all_day AS events_all_day, events.category AS events_category, events.color AS events_color, events.location AS events_location, events.recurrence_rule AS events_recurrence_rule, events.recurrence_end_date AS events_recurrence_end_date, events.reminder_minutes AS events_reminder_minutes, events.related_entity_type AS events_related_entity_type, events.related_entity_id AS events_related_entity_id, events.created_by AS events_created_by, events.created_at AS events_created_at, events.updated_at AS events_updated_at 
FROM events 
WHERE events.start_datetime >= ? ORDER BY events.start_datetime
 LIMIT ? OFFSET ?
2026-01-29 22:24:24,519 INFO sqlalchemy.engine.Engine SELECT activities.id AS activities_id, activities.user_id AS activities_user_id, activities.action AS activities_action, activities.entity_type AS activities_entity_type, activities.entity_id AS activities_entity_id, activities.entity_name AS activities_entity_name, activities.timestamp AS activities_timestamp 
FROM activities 
WHERE activities.user_id = ? ORDER BY activities.timestamp DESC
 LIMIT ? OFFSET ?
2026-01-29 22:24:24,519 INFO sqlalchemy.engine.Engine [cached since 263.4s ago] ()
2026-01-29 22:24:24,519 INFO sqlalchemy.engine.Engine BEGIN (implicit)
2026-01-29 22:24:24,519 INFO sqlalchemy.engine.Engine [cached since 263.4s ago] ('2026-01-29 22:24:24.516654', 5, 0)
2026-01-29 22:24:24,520 INFO sqlalchemy.engine.Engine [cached since 263.3s ago] (1, 10, 0)
2026-01-29 22:24:24,520 INFO sqlalchemy.engine.Engine SELECT users.id AS users_id, users.email AS users_email, users.hashed_password AS users_hashed_password, users.full_name AS users_full_name, users.is_active AS users_is_active, users.is_superuser AS users_is_superuser, users.role AS users_role, users.created_at AS users_created_at, users.updated_at AS users_updated_at, users.last_login AS users_last_login 
FROM users 
WHERE users.email = ?
 LIMIT ? OFFSET ?
2026-01-29 22:24:24,520 INFO sqlalchemy.engine.Engine SELECT count(*) AS count_1 
FROM (SELECT releases.id AS releases_id, releases.release_id AS releases_release_id, releases.title AS releases_title, releases.upc_code AS releases_upc_code, releases.release_date AS releases_release_date, releases.release_type AS releases_release_type, releases.cover_art_url AS releases_cover_art_url, releases.label_id AS releases_label_id, releases.artist_id AS releases_artist_id, releases.distributor_id AS releases_distributor_id, releases.created_at AS releases_created_at, releases.updated_at AS releases_updated_at 
FROM releases) AS anon_1
2026-01-29 22:24:24,521 INFO sqlalchemy.engine.Engine [cached since 264.9s ago] ('admin@otto.com', 1, 0)
2026-01-29 22:24:24,522 INFO sqlalchemy.engine.Engine [cached since 263.4s ago] ()
2026-01-29 22:24:24,523 INFO sqlalchemy.engine.Engine SELECT count(*) AS count_1 
FROM (SELECT artists.id AS artists_id, artists.artist_id AS artists_artist_id, artists.name AS artists_name, artists.aka AS artists_aka, artists.id_number AS artists_id_number, artists.ipi_number AS artists_ipi_number, artists.contact_email AS artists_contact_email, artists.contact_phone AS artists_contact_phone, artists.physical_address AS artists_physical_address, artists.banking_details AS artists_banking_details, artists.profile_image_url AS artists_profile_image_url, artists.streaming_links AS artists_streaming_links, artists.social_media AS artists_social_media, artists.label_id AS artists_label_id, artists.publisher_id AS artists_publisher_id, artists.pro_id AS artists_pro_id, artists.created_at AS artists_created_at, artists.updated_at AS artists_updated_at 
FROM artists) AS anon_1
2026-01-29 22:24:24,523 INFO sqlalchemy.engine.Engine [cached since 263.5s ago] ()
2026-01-29 22:24:24,525 INFO sqlalchemy.engine.Engine SELECT releases.id AS releases_id, releases.release_id AS releases_release_id, releases.title AS releases_title, releases.upc_code AS releases_upc_code, releases.release_date AS releases_release_date, releases.release_type AS releases_release_type, releases.cover_art_url AS releases_cover_art_url, releases.label_id AS releases_label_id, releases.artist_id AS releases_artist_id, releases.distributor_id AS releases_distributor_id, releases.created_at AS releases_created_at, releases.updated_at AS releases_updated_at 
FROM releases ORDER BY releases.release_date DESC
 LIMIT ? OFFSET ?
2026-01-29 22:24:24,526 INFO sqlalchemy.engine.Engine SELECT count(*) AS count_1 
FROM (SELECT contracts.id AS contracts_id, contracts.contract_id AS contracts_contract_id, contracts.artist_id AS contracts_artist_id, contracts.label_id AS contracts_label_id, contracts.publisher_id AS contracts_publisher_id, contracts.start_date AS contracts_start_date, contracts.end_date AS contracts_end_date, contracts.royalty_rate AS contracts_royalty_rate, contracts.terms AS contracts_terms, contracts.file_path AS contracts_file_path, contracts.status AS contracts_status, contracts.title AS contracts_title, contracts.is_template AS contracts_is_template, contracts.created_at AS contracts_created_at, contracts.updated_at AS contracts_updated_at 
FROM contracts 
WHERE contracts.end_date >= ? OR contracts.end_date IS NULL) AS anon_1
2026-01-29 22:24:24,526 INFO sqlalchemy.engine.Engine ROLLBACK
2026-01-29 22:24:24,526 INFO sqlalchemy.engine.Engine [cached since 263.3s ago] (1, 0)
2026-01-29 22:24:24,526 INFO sqlalchemy.engine.Engine ROLLBACK
INFO:     127.0.0.1:51906 - "GET /api/analytics/kpi HTTP/1.1" 200 OK
2026-01-29 22:24:24,526 INFO sqlalchemy.engine.Engine ROLLBACK
INFO:     127.0.0.1:51936 - "GET /api/analytics/recent-activity?limit=10 HTTP/1.1" 200 OK
INFO:     127.0.0.1:51924 - "GET /api/analytics/upcoming-events?limit=5 HTTP/1.1" 200 OK
2026-01-29 22:24:24,527 INFO sqlalchemy.engine.Engine ROLLBACK
2026-01-29 22:24:24,527 INFO sqlalchemy.engine.Engine [cached since 263.4s ago] ('2026-01-29',)
INFO:     127.0.0.1:51900 - "GET /api/analytics/catalog-growth HTTP/1.1" 200 OK
2026-01-29 22:24:24,530 INFO sqlalchemy.engine.Engine ROLLBACK
INFO:     127.0.0.1:51918 - "GET /api/analytics/latest-release HTTP/1.1" 200 OK
2026-01-29 22:24:24,534 INFO sqlalchemy.engine.Engine ROLLBACK
INFO:     127.0.0.1:51894 - "GET /api/analytics/pending-contracts HTTP/1.1" 200 OK
2026-01-29 22:24:24,548 INFO sqlalchemy.engine.Engine BEGIN (implicit)
2026-01-29 22:24:24,549 INFO sqlalchemy.engine.Engine SELECT users.id AS users_id, users.email AS users_email, users.hashed_password AS users_hashed_password, users.full_name AS users_full_name, users.is_active AS users_is_active, users.is_superuser AS users_is_superuser, users.role AS users_role, users.created_at AS users_created_at, users.updated_at AS users_updated_at, users.last_login AS users_last_login 
FROM users 
WHERE users.email = ?
 LIMIT ? OFFSET ?
2026-01-29 22:24:24,549 INFO sqlalchemy.engine.Engine [cached since 264.9s ago] ('admin@otto.com', 1, 0)
2026-01-29 22:24:24,550 INFO sqlalchemy.engine.Engine BEGIN (implicit)
2026-01-29 22:24:24,550 INFO sqlalchemy.engine.Engine SELECT users.id AS users_id, users.email AS users_email, users.hashed_password AS users_hashed_password, users.full_name AS users_full_name, users.is_active AS users_is_active, users.is_superuser AS users_is_superuser, users.role AS users_role, users.created_at AS users_created_at, users.updated_at AS users_updated_at, users.last_login AS users_last_login 
FROM users 
WHERE users.email = ?
 LIMIT ? OFFSET ?
2026-01-29 22:24:24,550 INFO sqlalchemy.engine.Engine [cached since 264.9s ago] ('admin@otto.com', 1, 0)
2026-01-29 22:24:24,551 INFO sqlalchemy.engine.Engine BEGIN (implicit)
2026-01-29 22:24:24,552 INFO sqlalchemy.engine.Engine SELECT users.id AS users_id, users.email AS users_email, users.hashed_password AS users_hashed_password, users.full_name AS users_full_name, users.is_active AS users_is_active, users.is_superuser AS users_is_superuser, users.role AS users_role, users.created_at AS users_created_at, users.updated_at AS users_updated_at, users.last_login AS users_last_login 
FROM users 
WHERE users.email = ?
 LIMIT ? OFFSET ?
2026-01-29 22:24:24,552 INFO sqlalchemy.engine.Engine [cached since 264.9s ago] ('admin@otto.com', 1, 0)
2026-01-29 22:24:24,553 INFO sqlalchemy.engine.Engine BEGIN (implicit)
2026-01-29 22:24:24,553 INFO sqlalchemy.engine.Engine SELECT users.id AS users_id, users.email AS users_email, users.hashed_password AS users_hashed_password, users.full_name AS users_full_name, users.is_active AS users_is_active, users.is_superuser AS users_is_superuser, users.role AS users_role, users.created_at AS users_created_at, users.updated_at AS users_updated_at, users.last_login AS users_last_login 
FROM users 
WHERE users.email = ?
 LIMIT ? OFFSET ?
2026-01-29 22:24:24,553 INFO sqlalchemy.engine.Engine [cached since 264.9s ago] ('admin@otto.com', 1, 0)
2026-01-29 22:24:24,554 INFO sqlalchemy.engine.Engine BEGIN (implicit)
2026-01-29 22:24:24,554 INFO sqlalchemy.engine.Engine SELECT users.id AS users_id, users.email AS users_email, users.hashed_password AS users_hashed_password, users.full_name AS users_full_name, users.is_active AS users_is_active, users.is_superuser AS users_is_superuser, users.role AS users_role, users.created_at AS users_created_at, users.updated_at AS users_updated_at, users.last_login AS users_last_login 
FROM users 
WHERE users.email = ?
 LIMIT ? OFFSET ?
2026-01-29 22:24:24,554 INFO sqlalchemy.engine.Engine [cached since 264.9s ago] ('admin@otto.com', 1, 0)
2026-01-29 22:24:24,555 INFO sqlalchemy.engine.Engine BEGIN (implicit)
2026-01-29 22:24:24,555 INFO sqlalchemy.engine.Engine SELECT users.id AS users_id, users.email AS users_email, users.hashed_password AS users_hashed_password, users.full_name AS users_full_name, users.is_active AS users_is_active, users.is_superuser AS users_is_superuser, users.role AS users_role, users.created_at AS users_created_at, users.updated_at AS users_updated_at, users.last_login AS users_last_login 
FROM users 
WHERE users.email = ?
 LIMIT ? OFFSET ?
2026-01-29 22:24:24,556 INFO sqlalchemy.engine.Engine [cached since 264.9s ago] ('admin@otto.com', 1, 0)
2026-01-29 22:24:24,559 INFO sqlalchemy.engine.Engine SELECT count(*) AS count_1 
FROM (SELECT contracts.id AS contracts_id, contracts.contract_id AS contracts_contract_id, contracts.artist_id AS contracts_artist_id, contracts.label_id AS contracts_label_id, contracts.publisher_id AS contracts_publisher_id, contracts.start_date AS contracts_start_date, contracts.end_date AS contracts_end_date, contracts.royalty_rate AS contracts_royalty_rate, contracts.terms AS contracts_terms, contracts.file_path AS contracts_file_path, contracts.status AS contracts_status, contracts.title AS contracts_title, contracts.is_template AS contracts_is_template, contracts.created_at AS contracts_created_at, contracts.updated_at AS contracts_updated_at 
FROM contracts 
WHERE contracts.end_date >= ? OR contracts.end_date IS NULL) AS anon_1
2026-01-29 22:24:24,560 INFO sqlalchemy.engine.Engine SELECT count(*) AS count_1 
FROM (SELECT artists.id AS artists_id, artists.artist_id AS artists_artist_id, artists.name AS artists_name, artists.aka AS artists_aka, artists.id_number AS artists_id_number, artists.ipi_number AS artists_ipi_number, artists.contact_email AS artists_contact_email, artists.contact_phone AS artists_contact_phone, artists.physical_address AS artists_physical_address, artists.banking_details AS artists_banking_details, artists.profile_image_url AS artists_profile_image_url, artists.streaming_links AS artists_streaming_links, artists.social_media AS artists_social_media, artists.label_id AS artists_label_id, artists.publisher_id AS artists_publisher_id, artists.pro_id AS artists_pro_id, artists.created_at AS artists_created_at, artists.updated_at AS artists_updated_at 
FROM artists) AS anon_1
2026-01-29 22:24:24,561 INFO sqlalchemy.engine.Engine [cached since 263.5s ago] ()
2026-01-29 22:24:24,560 INFO sqlalchemy.engine.Engine SELECT events.id AS events_id, events.title AS events_title, events.description AS events_description, events.start_datetime AS events_start_datetime, events.end_datetime AS events_end_datetime, events.all_day AS events_all_day, events.category AS events_category, events.color AS events_color, events.location AS events_location, events.recurrence_rule AS events_recurrence_rule, events.recurrence_end_date AS events_recurrence_end_date, events.reminder_minutes AS events_reminder_minutes, events.related_entity_type AS events_related_entity_type, events.related_entity_id AS events_related_entity_id, events.created_by AS events_created_by, events.created_at AS events_created_at, events.updated_at AS events_updated_at 
FROM events 
WHERE events.start_datetime >= ? ORDER BY events.start_datetime
 LIMIT ? OFFSET ?
2026-01-29 22:24:24,561 INFO sqlalchemy.engine.Engine SELECT releases.id AS releases_id, releases.release_id AS releases_release_id, releases.title AS releases_title, releases.upc_code AS releases_upc_code, releases.release_date AS releases_release_date, releases.release_type AS releases_release_type, releases.cover_art_url AS releases_cover_art_url, releases.label_id AS releases_label_id, releases.artist_id AS releases_artist_id, releases.distributor_id AS releases_distributor_id, releases.created_at AS releases_created_at, releases.updated_at AS releases_updated_at 
FROM releases ORDER BY releases.release_date DESC
 LIMIT ? OFFSET ?
2026-01-29 22:24:24,561 INFO sqlalchemy.engine.Engine SELECT count(*) AS count_1 
FROM (SELECT works.id AS works_id, works.work_id AS works_work_id, works.title AS works_title, works.iswc_code AS works_iswc_code, works.composers AS works_composers, works.composers_text AS works_composers_text, works.arrangers AS works_arrangers, works.arrangers_text AS works_arrangers_text, works.publisher_id AS works_publisher_id, works.pro_id AS works_pro_id, works.created_at AS works_created_at, works.updated_at AS works_updated_at 
FROM works) AS anon_1
2026-01-29 22:24:24,561 INFO sqlalchemy.engine.Engine [cached since 263.4s ago] ('2026-01-29',)
2026-01-29 22:24:24,561 INFO sqlalchemy.engine.Engine SELECT activities.id AS activities_id, activities.user_id AS activities_user_id, activities.action AS activities_action, activities.entity_type AS activities_entity_type, activities.entity_id AS activities_entity_id, activities.entity_name AS activities_entity_name, activities.timestamp AS activities_timestamp 
FROM activities 
WHERE activities.user_id = ? ORDER BY activities.timestamp DESC
 LIMIT ? OFFSET ?
2026-01-29 22:24:24,562 INFO sqlalchemy.engine.Engine [cached since 263.4s ago] ('2026-01-29 22:24:24.560166', 5, 0)
2026-01-29 22:24:24,562 INFO sqlalchemy.engine.Engine SELECT count(*) AS count_1 
FROM (SELECT releases.id AS releases_id, releases.release_id AS releases_release_id, releases.title AS releases_title, releases.upc_code AS releases_upc_code, releases.release_date AS releases_release_date, releases.release_type AS releases_release_type, releases.cover_art_url AS releases_cover_art_url, releases.label_id AS releases_label_id, releases.artist_id AS releases_artist_id, releases.distributor_id AS releases_distributor_id, releases.created_at AS releases_created_at, releases.updated_at AS releases_updated_at 
FROM releases) AS anon_1
2026-01-29 22:24:24,562 INFO sqlalchemy.engine.Engine [cached since 263.4s ago] (1, 0)
2026-01-29 22:24:24,563 INFO sqlalchemy.engine.Engine [cached since 263.5s ago] ()
2026-01-29 22:24:24,563 INFO sqlalchemy.engine.Engine [cached since 263.4s ago] (1, 10, 0)
2026-01-29 22:24:24,563 INFO sqlalchemy.engine.Engine [cached since 263.5s ago] ()
2026-01-29 22:24:24,564 INFO sqlalchemy.engine.Engine ROLLBACK
2026-01-29 22:24:24,565 INFO sqlalchemy.engine.Engine ROLLBACK
INFO:     127.0.0.1:51906 - "GET /api/analytics/pending-contracts HTTP/1.1" 200 OK
2026-01-29 22:24:24,566 INFO sqlalchemy.engine.Engine SELECT count(*) AS count_1 
FROM (SELECT releases.id AS releases_id, releases.release_id AS releases_release_id, releases.title AS releases_title, releases.upc_code AS releases_upc_code, releases.release_date AS releases_release_date, releases.release_type AS releases_release_type, releases.cover_art_url AS releases_cover_art_url, releases.label_id AS releases_label_id, releases.artist_id AS releases_artist_id, releases.distributor_id AS releases_distributor_id, releases.created_at AS releases_created_at, releases.updated_at AS releases_updated_at 
FROM releases) AS anon_1
INFO:     127.0.0.1:51894 - "GET /api/analytics/upcoming-events?limit=5 HTTP/1.1" 200 OK
2026-01-29 22:24:24,566 INFO sqlalchemy.engine.Engine ROLLBACK
INFO:     127.0.0.1:51936 - "GET /api/analytics/latest-release HTTP/1.1" 200 OK
2026-01-29 22:24:24,568 INFO sqlalchemy.engine.Engine SELECT count(*) AS count_1 
FROM (SELECT works.id AS works_id, works.work_id AS works_work_id, works.title AS works_title, works.iswc_code AS works_iswc_code, works.composers AS works_composers, works.composers_text AS works_composers_text, works.arrangers AS works_arrangers, works.arrangers_text AS works_arrangers_text, works.publisher_id AS works_publisher_id, works.pro_id AS works_pro_id, works.created_at AS works_created_at, works.updated_at AS works_updated_at 
FROM works) AS anon_1
2026-01-29 22:24:24,570 INFO sqlalchemy.engine.Engine [cached since 263.5s ago] ()
2026-01-29 22:24:24,569 INFO sqlalchemy.engine.Engine [cached since 263.5s ago] ()
2026-01-29 22:24:24,569 INFO sqlalchemy.engine.Engine ROLLBACK
INFO:     127.0.0.1:51918 - "GET /api/analytics/recent-activity?limit=10 HTTP/1.1" 200 OK
2026-01-29 22:24:24,572 INFO sqlalchemy.engine.Engine SELECT count(*) AS count_1 
FROM (SELECT contracts.id AS contracts_id, contracts.contract_id AS contracts_contract_id, contracts.artist_id AS contracts_artist_id, contracts.label_id AS contracts_label_id, contracts.publisher_id AS contracts_publisher_id, contracts.start_date AS contracts_start_date, contracts.end_date AS contracts_end_date, contracts.royalty_rate AS contracts_royalty_rate, contracts.terms AS contracts_terms, contracts.file_path AS contracts_file_path, contracts.status AS contracts_status, contracts.title AS contracts_title, contracts.is_template AS contracts_is_template, contracts.created_at AS contracts_created_at, contracts.updated_at AS contracts_updated_at 
FROM contracts 
WHERE contracts.end_date >= ? OR contracts.end_date IS NULL) AS anon_1
2026-01-29 22:24:24,574 INFO sqlalchemy.engine.Engine SELECT count(*) AS count_1 
FROM (SELECT artists.id AS artists_id, artists.artist_id AS artists_artist_id, artists.name AS artists_name, artists.aka AS artists_aka, artists.id_number AS artists_id_number, artists.ipi_number AS artists_ipi_number, artists.contact_email AS artists_contact_email, artists.contact_phone AS artists_contact_phone, artists.physical_address AS artists_physical_address, artists.banking_details AS artists_banking_details, artists.profile_image_url AS artists_profile_image_url, artists.streaming_links AS artists_streaming_links, artists.social_media AS artists_social_media, artists.label_id AS artists_label_id, artists.publisher_id AS artists_publisher_id, artists.pro_id AS artists_pro_id, artists.created_at AS artists_created_at, artists.updated_at AS artists_updated_at 
FROM artists) AS anon_1
2026-01-29 22:24:24,575 INFO sqlalchemy.engine.Engine [cached since 263.5s ago] ()
2026-01-29 22:24:24,575 INFO sqlalchemy.engine.Engine [cached since 263.5s ago] ('2026-01-29',)
2026-01-29 22:24:24,576 INFO sqlalchemy.engine.Engine ROLLBACK
INFO:     127.0.0.1:51924 - "GET /api/analytics/catalog-growth HTTP/1.1" 200 OK
2026-01-29 22:24:24,578 INFO sqlalchemy.engine.Engine ROLLBACK
INFO:     127.0.0.1:51900 - "GET /api/analytics/kpi HTTP/1.1" 200 OK
INFO:     127.0.0.1:52606 - "OPTIONS /api/crm/companies HTTP/1.1" 200 OK
INFO:     127.0.0.1:52620 - "OPTIONS /api/crm/contacts HTTP/1.1" 200 OK
INFO:     127.0.0.1:52606 - "OPTIONS /api/crm/contacts HTTP/1.1" 200 OK
2026-01-29 22:24:55,692 INFO sqlalchemy.engine.Engine BEGIN (implicit)
2026-01-29 22:24:55,693 INFO sqlalchemy.engine.Engine SELECT users.id AS users_id, users.email AS users_email, users.hashed_password AS users_hashed_password, users.full_name AS users_full_name, users.is_active AS users_is_active, users.is_superuser AS users_is_superuser, users.role AS users_role, users.created_at AS users_created_at, users.updated_at AS users_updated_at, users.last_login AS users_last_login 
FROM users 
WHERE users.email = ?
 LIMIT ? OFFSET ?
2026-01-29 22:24:55,693 INFO sqlalchemy.engine.Engine [cached since 296s ago] ('admin@otto.com', 1, 0)
2026-01-29 22:24:55,694 INFO sqlalchemy.engine.Engine BEGIN (implicit)
2026-01-29 22:24:55,694 INFO sqlalchemy.engine.Engine SELECT users.id AS users_id, users.email AS users_email, users.hashed_password AS users_hashed_password, users.full_name AS users_full_name, users.is_active AS users_is_active, users.is_superuser AS users_is_superuser, users.role AS users_role, users.created_at AS users_created_at, users.updated_at AS users_updated_at, users.last_login AS users_last_login 
FROM users 
WHERE users.email = ?
 LIMIT ? OFFSET ?
2026-01-29 22:24:55,694 INFO sqlalchemy.engine.Engine [cached since 296s ago] ('admin@otto.com', 1, 0)
2026-01-29 22:24:55,697 INFO sqlalchemy.engine.Engine SELECT companies.id AS companies_id, companies.name AS companies_name, companies.type AS companies_type, companies.website AS companies_website, companies.address AS companies_address, companies.created_at AS companies_created_at, companies.updated_at AS companies_updated_at 
FROM companies
 LIMIT ? OFFSET ?
2026-01-29 22:24:55,699 INFO sqlalchemy.engine.Engine SELECT contacts.id AS contacts_id, contacts.first_name AS contacts_first_name, contacts.last_name AS contacts_last_name, contacts.email AS contacts_email, contacts.phone AS contacts_phone, contacts.role AS contacts_role, contacts.company_id AS contacts_company_id, contacts.created_at AS contacts_created_at, contacts.updated_at AS contacts_updated_at 
FROM contacts
 LIMIT ? OFFSET ?
2026-01-29 22:24:55,699 INFO sqlalchemy.engine.Engine [generated in 0.00035s] (100, 0)
2026-01-29 22:24:55,699 INFO sqlalchemy.engine.Engine [generated in 0.00223s] (100, 0)
2026-01-29 22:24:55,702 INFO sqlalchemy.engine.Engine ROLLBACK
2026-01-29 22:24:55,703 INFO sqlalchemy.engine.Engine ROLLBACK
INFO:     127.0.0.1:52634 - "GET /api/crm/contacts HTTP/1.1" 200 OK
INFO:     127.0.0.1:52622 - "GET /api/crm/companies HTTP/1.1" 200 OK
2026-01-29 22:24:55,710 INFO sqlalchemy.engine.Engine BEGIN (implicit)
2026-01-29 22:24:55,710 INFO sqlalchemy.engine.Engine SELECT users.id AS users_id, users.email AS users_email, users.hashed_password AS users_hashed_password, users.full_name AS users_full_name, users.is_active AS users_is_active, users.is_superuser AS users_is_superuser, users.role AS users_role, users.created_at AS users_created_at, users.updated_at AS users_updated_at, users.last_login AS users_last_login 
FROM users 
WHERE users.email = ?
 LIMIT ? OFFSET ?
2026-01-29 22:24:55,711 INFO sqlalchemy.engine.Engine [cached since 296.1s ago] ('admin@otto.com', 1, 0)
2026-01-29 22:24:55,712 INFO sqlalchemy.engine.Engine BEGIN (implicit)
2026-01-29 22:24:55,712 INFO sqlalchemy.engine.Engine SELECT users.id AS users_id, users.email AS users_email, users.hashed_password AS users_hashed_password, users.full_name AS users_full_name, users.is_active AS users_is_active, users.is_superuser AS users_is_superuser, users.role AS users_role, users.created_at AS users_created_at, users.updated_at AS users_updated_at, users.last_login AS users_last_login 
FROM users 
WHERE users.email = ?
 LIMIT ? OFFSET ?
2026-01-29 22:24:55,712 INFO sqlalchemy.engine.Engine [cached since 296.1s ago] ('admin@otto.com', 1, 0)
2026-01-29 22:24:55,713 INFO sqlalchemy.engine.Engine SELECT contacts.id AS contacts_id, contacts.first_name AS contacts_first_name, contacts.last_name AS contacts_last_name, contacts.email AS contacts_email, contacts.phone AS contacts_phone, contacts.role AS contacts_role, contacts.company_id AS contacts_company_id, contacts.created_at AS contacts_created_at, contacts.updated_at AS contacts_updated_at 
FROM contacts
 LIMIT ? OFFSET ?
2026-01-29 22:24:55,714 INFO sqlalchemy.engine.Engine SELECT companies.id AS companies_id, companies.name AS companies_name, companies.type AS companies_type, companies.website AS companies_website, companies.address AS companies_address, companies.created_at AS companies_created_at, companies.updated_at AS companies_updated_at 
FROM companies
 LIMIT ? OFFSET ?
2026-01-29 22:24:55,715 INFO sqlalchemy.engine.Engine [cached since 0.0175s ago] (100, 0)
2026-01-29 22:24:55,714 INFO sqlalchemy.engine.Engine [cached since 0.01521s ago] (100, 0)
2026-01-29 22:24:55,716 INFO sqlalchemy.engine.Engine ROLLBACK
INFO:     127.0.0.1:52634 - "GET /api/crm/companies HTTP/1.1" 200 OK
2026-01-29 22:24:55,720 INFO sqlalchemy.engine.Engine ROLLBACK
INFO:     127.0.0.1:52622 - "GET /api/crm/contacts HTTP/1.1" 200 OK
INFO:     127.0.0.1:52622 - "OPTIONS /api/documents HTTP/1.1" 200 OK
INFO:     127.0.0.1:52634 - "OPTIONS /api/documents HTTP/1.1" 200 OK
INFO:     127.0.0.1:52606 - "GET /api/documents HTTP/1.1" 307 Temporary Redirect
INFO:     127.0.0.1:52606 - "GET /api/documents HTTP/1.1" 307 Temporary Redirect
INFO:     127.0.0.1:52606 - "OPTIONS /api/documents/ HTTP/1.1" 200 OK
2026-01-29 22:24:59,486 INFO sqlalchemy.engine.Engine BEGIN (implicit)
2026-01-29 22:24:59,487 INFO sqlalchemy.engine.Engine SELECT users.id AS users_id, users.email AS users_email, users.hashed_password AS users_hashed_password, users.full_name AS users_full_name, users.is_active AS users_is_active, users.is_superuser AS users_is_superuser, users.role AS users_role, users.created_at AS users_created_at, users.updated_at AS users_updated_at, users.last_login AS users_last_login 
FROM users 
WHERE users.email = ?
 LIMIT ? OFFSET ?
2026-01-29 22:24:59,487 INFO sqlalchemy.engine.Engine [cached since 299.8s ago] ('admin@otto.com', 1, 0)
2026-01-29 22:24:59,491 INFO sqlalchemy.engine.Engine SELECT documents.id AS documents_id, documents.filename AS documents_filename, documents.original_filename AS documents_original_filename, documents.file_path AS documents_file_path, documents.file_type AS documents_file_type, documents.mime_type AS documents_mime_type, documents.file_size AS documents_file_size, documents.version AS documents_version, documents.parent_document_id AS documents_parent_document_id, documents.title AS documents_title, documents.description AS documents_description, documents.tags AS documents_tags, documents.category AS documents_category, documents.related_entity_type AS documents_related_entity_type, documents.related_entity_id AS documents_related_entity_id, documents.uploaded_by AS documents_uploaded_by, documents.created_at AS documents_created_at, documents.updated_at AS documents_updated_at 
FROM documents
 LIMIT ? OFFSET ?
2026-01-29 22:24:59,492 INFO sqlalchemy.engine.Engine [generated in 0.00037s] (100, 0)
2026-01-29 22:24:59,499 INFO sqlalchemy.engine.Engine ROLLBACK
INFO:     127.0.0.1:52634 - "GET /api/documents/ HTTP/1.1" 200 OK
2026-01-29 22:24:59,509 INFO sqlalchemy.engine.Engine BEGIN (implicit)
2026-01-29 22:24:59,510 INFO sqlalchemy.engine.Engine SELECT users.id AS users_id, users.email AS users_email, users.hashed_password AS users_hashed_password, users.full_name AS users_full_name, users.is_active AS users_is_active, users.is_superuser AS users_is_superuser, users.role AS users_role, users.created_at AS users_created_at, users.updated_at AS users_updated_at, users.last_login AS users_last_login 
FROM users 
WHERE users.email = ?
 LIMIT ? OFFSET ?
2026-01-29 22:24:59,510 INFO sqlalchemy.engine.Engine [cached since 299.9s ago] ('admin@otto.com', 1, 0)
2026-01-29 22:24:59,515 INFO sqlalchemy.engine.Engine SELECT documents.id AS documents_id, documents.filename AS documents_filename, documents.original_filename AS documents_original_filename, documents.file_path AS documents_file_path, documents.file_type AS documents_file_type, documents.mime_type AS documents_mime_type, documents.file_size AS documents_file_size, documents.version AS documents_version, documents.parent_document_id AS documents_parent_document_id, documents.title AS documents_title, documents.description AS documents_description, documents.tags AS documents_tags, documents.category AS documents_category, documents.related_entity_type AS documents_related_entity_type, documents.related_entity_id AS documents_related_entity_id, documents.uploaded_by AS documents_uploaded_by, documents.created_at AS documents_created_at, documents.updated_at AS documents_updated_at 
FROM documents
 LIMIT ? OFFSET ?
2026-01-29 22:24:59,516 INFO sqlalchemy.engine.Engine [cached since 0.02437s ago] (100, 0)
2026-01-29 22:24:59,518 INFO sqlalchemy.engine.Engine ROLLBACK
INFO:     127.0.0.1:52634 - "GET /api/documents/ HTTP/1.1" 200 OK
INFO:     127.0.0.1:52634 - "OPTIONS /api/events HTTP/1.1" 200 OK
INFO:     127.0.0.1:52606 - "OPTIONS /api/events HTTP/1.1" 200 OK
INFO:     127.0.0.1:52622 - "GET /api/events HTTP/1.1" 307 Temporary Redirect
INFO:     127.0.0.1:52622 - "GET /api/events HTTP/1.1" 307 Temporary Redirect
INFO:     127.0.0.1:52622 - "OPTIONS /api/events/ HTTP/1.1" 200 OK
2026-01-29 22:25:04,020 INFO sqlalchemy.engine.Engine BEGIN (implicit)
2026-01-29 22:25:04,020 INFO sqlalchemy.engine.Engine SELECT users.id AS users_id, users.email AS users_email, users.hashed_password AS users_hashed_password, users.full_name AS users_full_name, users.is_active AS users_is_active, users.is_superuser AS users_is_superuser, users.role AS users_role, users.created_at AS users_created_at, users.updated_at AS users_updated_at, users.last_login AS users_last_login 
FROM users 
WHERE users.email = ?
 LIMIT ? OFFSET ?
2026-01-29 22:25:04,021 INFO sqlalchemy.engine.Engine [cached since 304.4s ago] ('admin@otto.com', 1, 0)
2026-01-29 22:25:04,023 INFO sqlalchemy.engine.Engine SELECT events.id AS events_id, events.title AS events_title, events.description AS events_description, events.start_datetime AS events_start_datetime, events.end_datetime AS events_end_datetime, events.all_day AS events_all_day, events.category AS events_category, events.color AS events_color, events.location AS events_location, events.recurrence_rule AS events_recurrence_rule, events.recurrence_end_date AS events_recurrence_end_date, events.reminder_minutes AS events_reminder_minutes, events.related_entity_type AS events_related_entity_type, events.related_entity_id AS events_related_entity_id, events.created_by AS events_created_by, events.created_at AS events_created_at, events.updated_at AS events_updated_at 
FROM events
 LIMIT ? OFFSET ?
2026-01-29 22:25:04,023 INFO sqlalchemy.engine.Engine [generated in 0.00049s] (100, 0)
2026-01-29 22:25:04,029 INFO sqlalchemy.engine.Engine ROLLBACK
INFO:     127.0.0.1:52606 - "GET /api/events/ HTTP/1.1" 200 OK
2026-01-29 22:25:04,033 INFO sqlalchemy.engine.Engine BEGIN (implicit)
2026-01-29 22:25:04,034 INFO sqlalchemy.engine.Engine SELECT users.id AS users_id, users.email AS users_email, users.hashed_password AS users_hashed_password, users.full_name AS users_full_name, users.is_active AS users_is_active, users.is_superuser AS users_is_superuser, users.role AS users_role, users.created_at AS users_created_at, users.updated_at AS users_updated_at, users.last_login AS users_last_login 
FROM users 
WHERE users.email = ?
 LIMIT ? OFFSET ?
2026-01-29 22:25:04,034 INFO sqlalchemy.engine.Engine [cached since 304.4s ago] ('admin@otto.com', 1, 0)
2026-01-29 22:25:04,036 INFO sqlalchemy.engine.Engine SELECT events.id AS events_id, events.title AS events_title, events.description AS events_description, events.start_datetime AS events_start_datetime, events.end_datetime AS events_end_datetime, events.all_day AS events_all_day, events.category AS events_category, events.color AS events_color, events.location AS events_location, events.recurrence_rule AS events_recurrence_rule, events.recurrence_end_date AS events_recurrence_end_date, events.reminder_minutes AS events_reminder_minutes, events.related_entity_type AS events_related_entity_type, events.related_entity_id AS events_related_entity_id, events.created_by AS events_created_by, events.created_at AS events_created_at, events.updated_at AS events_updated_at 
FROM events
 LIMIT ? OFFSET ?
2026-01-29 22:25:04,036 INFO sqlalchemy.engine.Engine [cached since 0.01336s ago] (100, 0)
2026-01-29 22:25:04,040 INFO sqlalchemy.engine.Engine ROLLBACK
INFO:     127.0.0.1:52606 - "GET /api/events/ HTTP/1.1" 200 OK
INFO:     127.0.0.1:52606 - "OPTIONS /api/tasks HTTP/1.1" 200 OK
INFO:     127.0.0.1:52622 - "GET /api/tasks HTTP/1.1" 307 Temporary Redirect
INFO:     127.0.0.1:52622 - "GET /api/tasks HTTP/1.1" 307 Temporary Redirect
INFO:     127.0.0.1:52622 - "OPTIONS /api/tasks/ HTTP/1.1" 200 OK
INFO:     127.0.0.1:52606 - "OPTIONS /api/tasks/ HTTP/1.1" 200 OK
2026-01-29 22:25:06,036 INFO sqlalchemy.engine.Engine BEGIN (implicit)
2026-01-29 22:25:06,036 INFO sqlalchemy.engine.Engine SELECT users.id AS users_id, users.email AS users_email, users.hashed_password AS users_hashed_password, users.full_name AS users_full_name, users.is_active AS users_is_active, users.is_superuser AS users_is_superuser, users.role AS users_role, users.created_at AS users_created_at, users.updated_at AS users_updated_at, users.last_login AS users_last_login 
FROM users 
WHERE users.email = ?
 LIMIT ? OFFSET ?
2026-01-29 22:25:06,036 INFO sqlalchemy.engine.Engine [cached since 306.4s ago] ('admin@otto.com', 1, 0)
2026-01-29 22:25:06,039 INFO sqlalchemy.engine.Engine SELECT tasks.id AS tasks_id, tasks.title AS tasks_title, tasks.description AS tasks_description, tasks.status AS tasks_status, tasks.priority AS tasks_priority, tasks.due_date AS tasks_due_date, tasks.assigned_to_id AS tasks_assigned_to_id, tasks.created_at AS tasks_created_at, tasks.updated_at AS tasks_updated_at 
FROM tasks
 LIMIT ? OFFSET ?
2026-01-29 22:25:06,039 INFO sqlalchemy.engine.Engine [generated in 0.00029s] (100, 0)
2026-01-29 22:25:06,043 INFO sqlalchemy.engine.Engine ROLLBACK
INFO:     127.0.0.1:52634 - "GET /api/tasks/ HTTP/1.1" 200 OK
2026-01-29 22:25:06,047 INFO sqlalchemy.engine.Engine BEGIN (implicit)
2026-01-29 22:25:06,048 INFO sqlalchemy.engine.Engine SELECT users.id AS users_id, users.email AS users_email, users.hashed_password AS users_hashed_password, users.full_name AS users_full_name, users.is_active AS users_is_active, users.is_superuser AS users_is_superuser, users.role AS users_role, users.created_at AS users_created_at, users.updated_at AS users_updated_at, users.last_login AS users_last_login 
FROM users 
WHERE users.email = ?
 LIMIT ? OFFSET ?
2026-01-29 22:25:06,048 INFO sqlalchemy.engine.Engine [cached since 306.4s ago] ('admin@otto.com', 1, 0)
2026-01-29 22:25:06,050 INFO sqlalchemy.engine.Engine SELECT tasks.id AS tasks_id, tasks.title AS tasks_title, tasks.description AS tasks_description, tasks.status AS tasks_status, tasks.priority AS tasks_priority, tasks.due_date AS tasks_due_date, tasks.assigned_to_id AS tasks_assigned_to_id, tasks.created_at AS tasks_created_at, tasks.updated_at AS tasks_updated_at 
FROM tasks
 LIMIT ? OFFSET ?
2026-01-29 22:25:06,051 INFO sqlalchemy.engine.Engine [cached since 0.0116s ago] (100, 0)
2026-01-29 22:25:06,052 INFO sqlalchemy.engine.Engine ROLLBACK
INFO:     127.0.0.1:52634 - "GET /api/tasks/ HTTP/1.1" 200 OK
INFO:     127.0.0.1:52634 - "OPTIONS /api/notes HTTP/1.1" 200 OK
INFO:     127.0.0.1:52606 - "GET /api/notes HTTP/1.1" 307 Temporary Redirect
INFO:     127.0.0.1:52622 - "OPTIONS /api/catalog/artists HTTP/1.1" 200 OK
INFO:     127.0.0.1:52634 - "OPTIONS /api/catalog/releases HTTP/1.1" 200 OK
INFO:     127.0.0.1:50196 - "OPTIONS /api/catalog/artists HTTP/1.1" 200 OK
INFO:     127.0.0.1:52606 - "GET /api/notes HTTP/1.1" 307 Temporary Redirect
INFO:     127.0.0.1:50206 - "OPTIONS /api/catalog/releases HTTP/1.1" 200 OK
INFO:     127.0.0.1:50216 - "OPTIONS /api/notes/ HTTP/1.1" 200 OK
2026-01-29 22:25:07,117 INFO sqlalchemy.engine.Engine BEGIN (implicit)
2026-01-29 22:25:07,117 INFO sqlalchemy.engine.Engine SELECT users.id AS users_id, users.email AS users_email, users.hashed_password AS users_hashed_password, users.full_name AS users_full_name, users.is_active AS users_is_active, users.is_superuser AS users_is_superuser, users.role AS users_role, users.created_at AS users_created_at, users.updated_at AS users_updated_at, users.last_login AS users_last_login 
FROM users 
WHERE users.email = ?
 LIMIT ? OFFSET ?
2026-01-29 22:25:07,118 INFO sqlalchemy.engine.Engine [cached since 307.5s ago] ('admin@otto.com', 1, 0)
2026-01-29 22:25:07,119 INFO sqlalchemy.engine.Engine BEGIN (implicit)
2026-01-29 22:25:07,120 INFO sqlalchemy.engine.Engine SELECT users.id AS users_id, users.email AS users_email, users.hashed_password AS users_hashed_password, users.full_name AS users_full_name, users.is_active AS users_is_active, users.is_superuser AS users_is_superuser, users.role AS users_role, users.created_at AS users_created_at, users.updated_at AS users_updated_at, users.last_login AS users_last_login 
FROM users 
WHERE users.email = ?
 LIMIT ? OFFSET ?
2026-01-29 22:25:07,120 INFO sqlalchemy.engine.Engine [cached since 307.5s ago] ('admin@otto.com', 1, 0)
INFO:     127.0.0.1:50206 - "OPTIONS /api/notes/ HTTP/1.1" 200 OK
2026-01-29 22:25:07,126 INFO sqlalchemy.engine.Engine SELECT releases.id AS releases_id, releases.release_id AS releases_release_id, releases.title AS releases_title, releases.upc_code AS releases_upc_code, releases.release_date AS releases_release_date, releases.release_type AS releases_release_type, releases.cover_art_url AS releases_cover_art_url, releases.label_id AS releases_label_id, releases.artist_id AS releases_artist_id, releases.distributor_id AS releases_distributor_id, releases.created_at AS releases_created_at, releases.updated_at AS releases_updated_at 
FROM releases
 LIMIT ? OFFSET ?
2026-01-29 22:25:07,129 INFO sqlalchemy.engine.Engine SELECT artists.id AS artists_id, artists.artist_id AS artists_artist_id, artists.name AS artists_name, artists.aka AS artists_aka, artists.id_number AS artists_id_number, artists.ipi_number AS artists_ipi_number, artists.contact_email AS artists_contact_email, artists.contact_phone AS artists_contact_phone, artists.physical_address AS artists_physical_address, artists.banking_details AS artists_banking_details, artists.profile_image_url AS artists_profile_image_url, artists.streaming_links AS artists_streaming_links, artists.social_media AS artists_social_media, artists.label_id AS artists_label_id, artists.publisher_id AS artists_publisher_id, artists.pro_id AS artists_pro_id, artists.created_at AS artists_created_at, artists.updated_at AS artists_updated_at 
FROM artists
 LIMIT ? OFFSET ?
2026-01-29 22:25:07,130 INFO sqlalchemy.engine.Engine [generated in 0.00375s] (100, 0)
2026-01-29 22:25:07,131 INFO sqlalchemy.engine.Engine [generated in 0.00196s] (100, 0)
2026-01-29 22:25:07,134 INFO sqlalchemy.engine.Engine BEGIN (implicit)
2026-01-29 22:25:07,135 INFO sqlalchemy.engine.Engine SELECT users.id AS users_id, users.email AS users_email, users.hashed_password AS users_hashed_password, users.full_name AS users_full_name, users.is_active AS users_is_active, users.is_superuser AS users_is_superuser, users.role AS users_role, users.created_at AS users_created_at, users.updated_at AS users_updated_at, users.last_login AS users_last_login 
FROM users 
WHERE users.email = ?
 LIMIT ? OFFSET ?
2026-01-29 22:25:07,135 INFO sqlalchemy.engine.Engine [cached since 307.5s ago] ('admin@otto.com', 1, 0)
2026-01-29 22:25:07,141 INFO sqlalchemy.engine.Engine SELECT notes.id AS notes_id, notes.title AS notes_title, notes.content AS notes_content, notes.content_markdown AS notes_content_markdown, notes.tags AS notes_tags, notes.category AS notes_category, notes.color AS notes_color, notes.pinned AS notes_pinned, notes.attachments AS notes_attachments, notes.related_entity_type AS notes_related_entity_type, notes.related_entity_id AS notes_related_entity_id, notes.created_by AS notes_created_by, notes.created_at AS notes_created_at, notes.updated_at AS notes_updated_at 
FROM notes
 LIMIT ? OFFSET ?
2026-01-29 22:25:07,141 INFO sqlalchemy.engine.Engine [generated in 0.00071s] (100, 0)
2026-01-29 22:25:07,142 INFO sqlalchemy.engine.Engine ROLLBACK
2026-01-29 22:25:07,142 INFO sqlalchemy.engine.Engine ROLLBACK
INFO:     127.0.0.1:50196 - "GET /api/catalog/releases HTTP/1.1" 200 OK
INFO:     127.0.0.1:52606 - "GET /api/catalog/artists HTTP/1.1" 200 OK
2026-01-29 22:25:07,145 INFO sqlalchemy.engine.Engine ROLLBACK
INFO:     127.0.0.1:52622 - "GET /api/notes/ HTTP/1.1" 200 OK
2026-01-29 22:25:07,156 INFO sqlalchemy.engine.Engine BEGIN (implicit)
2026-01-29 22:25:07,156 INFO sqlalchemy.engine.Engine SELECT users.id AS users_id, users.email AS users_email, users.hashed_password AS users_hashed_password, users.full_name AS users_full_name, users.is_active AS users_is_active, users.is_superuser AS users_is_superuser, users.role AS users_role, users.created_at AS users_created_at, users.updated_at AS users_updated_at, users.last_login AS users_last_login 
FROM users 
WHERE users.email = ?
 LIMIT ? OFFSET ?
2026-01-29 22:25:07,156 INFO sqlalchemy.engine.Engine [cached since 307.5s ago] ('admin@otto.com', 1, 0)
2026-01-29 22:25:07,157 INFO sqlalchemy.engine.Engine BEGIN (implicit)
2026-01-29 22:25:07,158 INFO sqlalchemy.engine.Engine SELECT users.id AS users_id, users.email AS users_email, users.hashed_password AS users_hashed_password, users.full_name AS users_full_name, users.is_active AS users_is_active, users.is_superuser AS users_is_superuser, users.role AS users_role, users.created_at AS users_created_at, users.updated_at AS users_updated_at, users.last_login AS users_last_login 
FROM users 
WHERE users.email = ?
 LIMIT ? OFFSET ?
2026-01-29 22:25:07,158 INFO sqlalchemy.engine.Engine [cached since 307.5s ago] ('admin@otto.com', 1, 0)
2026-01-29 22:25:07,159 INFO sqlalchemy.engine.Engine BEGIN (implicit)
2026-01-29 22:25:07,160 INFO sqlalchemy.engine.Engine SELECT users.id AS users_id, users.email AS users_email, users.hashed_password AS users_hashed_password, users.full_name AS users_full_name, users.is_active AS users_is_active, users.is_superuser AS users_is_superuser, users.role AS users_role, users.created_at AS users_created_at, users.updated_at AS users_updated_at, users.last_login AS users_last_login 
FROM users 
WHERE users.email = ?
 LIMIT ? OFFSET ?
2026-01-29 22:25:07,160 INFO sqlalchemy.engine.Engine [cached since 307.5s ago] ('admin@otto.com', 1, 0)
2026-01-29 22:25:07,161 INFO sqlalchemy.engine.Engine SELECT releases.id AS releases_id, releases.release_id AS releases_release_id, releases.title AS releases_title, releases.upc_code AS releases_upc_code, releases.release_date AS releases_release_date, releases.release_type AS releases_release_type, releases.cover_art_url AS releases_cover_art_url, releases.label_id AS releases_label_id, releases.artist_id AS releases_artist_id, releases.distributor_id AS releases_distributor_id, releases.created_at AS releases_created_at, releases.updated_at AS releases_updated_at 
FROM releases
 LIMIT ? OFFSET ?
2026-01-29 22:25:07,162 INFO sqlalchemy.engine.Engine [cached since 0.03655s ago] (100, 0)
2026-01-29 22:25:07,162 INFO sqlalchemy.engine.Engine SELECT artists.id AS artists_id, artists.artist_id AS artists_artist_id, artists.name AS artists_name, artists.aka AS artists_aka, artists.id_number AS artists_id_number, artists.ipi_number AS artists_ipi_number, artists.contact_email AS artists_contact_email, artists.contact_phone AS artists_contact_phone, artists.physical_address AS artists_physical_address, artists.banking_details AS artists_banking_details, artists.profile_image_url AS artists_profile_image_url, artists.streaming_links AS artists_streaming_links, artists.social_media AS artists_social_media, artists.label_id AS artists_label_id, artists.publisher_id AS artists_publisher_id, artists.pro_id AS artists_pro_id, artists.created_at AS artists_created_at, artists.updated_at AS artists_updated_at 
FROM artists
 LIMIT ? OFFSET ?
2026-01-29 22:25:07,162 INFO sqlalchemy.engine.Engine SELECT notes.id AS notes_id, notes.title AS notes_title, notes.content AS notes_content, notes.content_markdown AS notes_content_markdown, notes.tags AS notes_tags, notes.category AS notes_category, notes.color AS notes_color, notes.pinned AS notes_pinned, notes.attachments AS notes_attachments, notes.related_entity_type AS notes_related_entity_type, notes.related_entity_id AS notes_related_entity_id, notes.created_by AS notes_created_by, notes.created_at AS notes_created_at, notes.updated_at AS notes_updated_at 
FROM notes
 LIMIT ? OFFSET ?
2026-01-29 22:25:07,164 INFO sqlalchemy.engine.Engine ROLLBACK
2026-01-29 22:25:07,164 INFO sqlalchemy.engine.Engine [cached since 0.03527s ago] (100, 0)
INFO:     127.0.0.1:52606 - "GET /api/catalog/releases HTTP/1.1" 200 OK
2026-01-29 22:25:07,164 INFO sqlalchemy.engine.Engine [cached since 0.02373s ago] (100, 0)
2026-01-29 22:25:07,169 INFO sqlalchemy.engine.Engine ROLLBACK
2026-01-29 22:25:07,169 INFO sqlalchemy.engine.Engine ROLLBACK
INFO:     127.0.0.1:50196 - "GET /api/notes/ HTTP/1.1" 200 OK
INFO:     127.0.0.1:52622 - "GET /api/catalog/artists HTTP/1.1" 200 OK
INFO:     127.0.0.1:50196 - "OPTIONS /api/playlists HTTP/1.1" 200 OK
INFO:     127.0.0.1:52622 - "OPTIONS /api/catalog/tracks HTTP/1.1" 200 OK
INFO:     127.0.0.1:52606 - "GET /api/playlists HTTP/1.1" 307 Temporary Redirect
INFO:     127.0.0.1:50206 - "OPTIONS /api/catalog/tracks HTTP/1.1" 200 OK
INFO:     127.0.0.1:52606 - "GET /api/playlists HTTP/1.1" 307 Temporary Redirect
2026-01-29 22:25:08,445 INFO sqlalchemy.engine.Engine BEGIN (implicit)
2026-01-29 22:25:08,445 INFO sqlalchemy.engine.Engine SELECT users.id AS users_id, users.email AS users_email, users.hashed_password AS users_hashed_password, users.full_name AS users_full_name, users.is_active AS users_is_active, users.is_superuser AS users_is_superuser, users.role AS users_role, users.created_at AS users_created_at, users.updated_at AS users_updated_at, users.last_login AS users_last_login 
FROM users 
WHERE users.email = ?
 LIMIT ? OFFSET ?
2026-01-29 22:25:08,446 INFO sqlalchemy.engine.Engine [cached since 308.8s ago] ('admin@otto.com', 1, 0)
INFO:     127.0.0.1:52606 - "OPTIONS /api/playlists/ HTTP/1.1" 200 OK
2026-01-29 22:25:08,451 INFO sqlalchemy.engine.Engine SELECT tracks.id AS tracks_id, tracks.track_id AS tracks_track_id, tracks.title AS tracks_title, tracks.duration AS tracks_duration, tracks.genre AS tracks_genre, tracks.release_date AS tracks_release_date, tracks.isrc_code AS tracks_isrc_code, tracks.streaming_link AS tracks_streaming_link, tracks.artist_ids AS tracks_artist_ids, tracks.file_location AS tracks_file_location, tracks.release_id AS tracks_release_id, tracks.work_id AS tracks_work_id, tracks.created_at AS tracks_created_at, tracks.updated_at AS tracks_updated_at 
FROM tracks
 LIMIT ? OFFSET ?
2026-01-29 22:25:08,452 INFO sqlalchemy.engine.Engine [generated in 0.00102s] (100, 0)
2026-01-29 22:25:08,458 INFO sqlalchemy.engine.Engine BEGIN (implicit)
2026-01-29 22:25:08,460 INFO sqlalchemy.engine.Engine SELECT users.id AS users_id, users.email AS users_email, users.hashed_password AS users_hashed_password, users.full_name AS users_full_name, users.is_active AS users_is_active, users.is_superuser AS users_is_superuser, users.role AS users_role, users.created_at AS users_created_at, users.updated_at AS users_updated_at, users.last_login AS users_last_login 
FROM users 
WHERE users.email = ?
 LIMIT ? OFFSET ?
2026-01-29 22:25:08,461 INFO sqlalchemy.engine.Engine [cached since 308.8s ago] ('admin@otto.com', 1, 0)
2026-01-29 22:25:08,464 INFO sqlalchemy.engine.Engine SELECT playlists.id AS playlists_id, playlists.playlist_id AS playlists_playlist_id, playlists.name AS playlists_name, playlists.description AS playlists_description, playlists.track_ids AS playlists_track_ids, playlists.is_public AS playlists_is_public, playlists.share_link AS playlists_share_link, playlists.play_count AS playlists_play_count, playlists.created_by AS playlists_created_by, playlists.created_at AS playlists_created_at, playlists.updated_at AS playlists_updated_at 
FROM playlists
 LIMIT ? OFFSET ?
2026-01-29 22:25:08,464 INFO sqlalchemy.engine.Engine ROLLBACK
2026-01-29 22:25:08,464 INFO sqlalchemy.engine.Engine [generated in 0.00070s] (100, 0)
INFO:     127.0.0.1:50196 - "GET /api/catalog/tracks HTTP/1.1" 200 OK
2026-01-29 22:25:08,469 INFO sqlalchemy.engine.Engine BEGIN (implicit)
2026-01-29 22:25:08,469 INFO sqlalchemy.engine.Engine ROLLBACK
2026-01-29 22:25:08,470 INFO sqlalchemy.engine.Engine SELECT users.id AS users_id, users.email AS users_email, users.hashed_password AS users_hashed_password, users.full_name AS users_full_name, users.is_active AS users_is_active, users.is_superuser AS users_is_superuser, users.role AS users_role, users.created_at AS users_created_at, users.updated_at AS users_updated_at, users.last_login AS users_last_login 
FROM users 
WHERE users.email = ?
 LIMIT ? OFFSET ?
2026-01-29 22:25:08,470 INFO sqlalchemy.engine.Engine [cached since 308.8s ago] ('admin@otto.com', 1, 0)
INFO:     127.0.0.1:50206 - "GET /api/playlists/ HTTP/1.1" 200 OK
2026-01-29 22:25:08,475 INFO sqlalchemy.engine.Engine SELECT tracks.id AS tracks_id, tracks.track_id AS tracks_track_id, tracks.title AS tracks_title, tracks.duration AS tracks_duration, tracks.genre AS tracks_genre, tracks.release_date AS tracks_release_date, tracks.isrc_code AS tracks_isrc_code, tracks.streaming_link AS tracks_streaming_link, tracks.artist_ids AS tracks_artist_ids, tracks.file_location AS tracks_file_location, tracks.release_id AS tracks_release_id, tracks.work_id AS tracks_work_id, tracks.created_at AS tracks_created_at, tracks.updated_at AS tracks_updated_at 
FROM tracks
 LIMIT ? OFFSET ?
2026-01-29 22:25:08,476 INFO sqlalchemy.engine.Engine [cached since 0.02537s ago] (100, 0)
2026-01-29 22:25:08,479 INFO sqlalchemy.engine.Engine BEGIN (implicit)
2026-01-29 22:25:08,479 INFO sqlalchemy.engine.Engine SELECT users.id AS users_id, users.email AS users_email, users.hashed_password AS users_hashed_password, users.full_name AS users_full_name, users.is_active AS users_is_active, users.is_superuser AS users_is_superuser, users.role AS users_role, users.created_at AS users_created_at, users.updated_at AS users_updated_at, users.last_login AS users_last_login 
FROM users 
WHERE users.email = ?
 LIMIT ? OFFSET ?
2026-01-29 22:25:08,480 INFO sqlalchemy.engine.Engine [cached since 308.8s ago] ('admin@otto.com', 1, 0)
2026-01-29 22:25:08,481 INFO sqlalchemy.engine.Engine ROLLBACK
2026-01-29 22:25:08,481 INFO sqlalchemy.engine.Engine SELECT playlists.id AS playlists_id, playlists.playlist_id AS playlists_playlist_id, playlists.name AS playlists_name, playlists.description AS playlists_description, playlists.track_ids AS playlists_track_ids, playlists.is_public AS playlists_is_public, playlists.share_link AS playlists_share_link, playlists.play_count AS playlists_play_count, playlists.created_by AS playlists_created_by, playlists.created_at AS playlists_created_at, playlists.updated_at AS playlists_updated_at 
FROM playlists
 LIMIT ? OFFSET ?
2026-01-29 22:25:08,482 INFO sqlalchemy.engine.Engine [cached since 0.01821s ago] (100, 0)
INFO:     127.0.0.1:50196 - "GET /api/catalog/tracks HTTP/1.1" 200 OK
2026-01-29 22:25:08,486 INFO sqlalchemy.engine.Engine ROLLBACK
INFO:     127.0.0.1:50206 - "GET /api/playlists/ HTTP/1.1" 200 OK
2026-01-29 22:25:09,448 INFO sqlalchemy.engine.Engine BEGIN (implicit)
2026-01-29 22:25:09,450 INFO sqlalchemy.engine.Engine SELECT users.id AS users_id, users.email AS users_email, users.hashed_password AS users_hashed_password, users.full_name AS users_full_name, users.is_active AS users_is_active, users.is_superuser AS users_is_superuser, users.role AS users_role, users.created_at AS users_created_at, users.updated_at AS users_updated_at, users.last_login AS users_last_login 
FROM users 
WHERE users.email = ?
 LIMIT ? OFFSET ?
2026-01-29 22:25:09,450 INFO sqlalchemy.engine.Engine [cached since 309.8s ago] ('admin@otto.com', 1, 0)
2026-01-29 22:25:09,452 INFO sqlalchemy.engine.Engine BEGIN (implicit)
2026-01-29 22:25:09,453 INFO sqlalchemy.engine.Engine SELECT users.id AS users_id, users.email AS users_email, users.hashed_password AS users_hashed_password, users.full_name AS users_full_name, users.is_active AS users_is_active, users.is_superuser AS users_is_superuser, users.role AS users_role, users.created_at AS users_created_at, users.updated_at AS users_updated_at, users.last_login AS users_last_login 
FROM users 
WHERE users.email = ?
 LIMIT ? OFFSET ?
2026-01-29 22:25:09,453 INFO sqlalchemy.engine.Engine [cached since 309.8s ago] ('admin@otto.com', 1, 0)
2026-01-29 22:25:09,455 INFO sqlalchemy.engine.Engine SELECT count(*) AS count_1 
FROM (SELECT works.id AS works_id, works.work_id AS works_work_id, works.title AS works_title, works.iswc_code AS works_iswc_code, works.composers AS works_composers, works.composers_text AS works_composers_text, works.arrangers AS works_arrangers, works.arrangers_text AS works_arrangers_text, works.publisher_id AS works_publisher_id, works.pro_id AS works_pro_id, works.created_at AS works_created_at, works.updated_at AS works_updated_at 
FROM works) AS anon_1
2026-01-29 22:25:09,456 INFO sqlalchemy.engine.Engine SELECT count(*) AS count_1 
FROM (SELECT artists.id AS artists_id, artists.artist_id AS artists_artist_id, artists.name AS artists_name, artists.aka AS artists_aka, artists.id_number AS artists_id_number, artists.ipi_number AS artists_ipi_number, artists.contact_email AS artists_contact_email, artists.contact_phone AS artists_contact_phone, artists.physical_address AS artists_physical_address, artists.banking_details AS artists_banking_details, artists.profile_image_url AS artists_profile_image_url, artists.streaming_links AS artists_streaming_links, artists.social_media AS artists_social_media, artists.label_id AS artists_label_id, artists.publisher_id AS artists_publisher_id, artists.pro_id AS artists_pro_id, artists.created_at AS artists_created_at, artists.updated_at AS artists_updated_at 
FROM artists) AS anon_1
2026-01-29 22:25:09,456 INFO sqlalchemy.engine.Engine [cached since 308.3s ago] ()
2026-01-29 22:25:09,456 INFO sqlalchemy.engine.Engine [cached since 308.4s ago] ()
2026-01-29 22:25:09,457 INFO sqlalchemy.engine.Engine SELECT count(*) AS count_1 
FROM (SELECT releases.id AS releases_id, releases.release_id AS releases_release_id, releases.title AS releases_title, releases.upc_code AS releases_upc_code, releases.release_date AS releases_release_date, releases.release_type AS releases_release_type, releases.cover_art_url AS releases_cover_art_url, releases.label_id AS releases_label_id, releases.artist_id AS releases_artist_id, releases.distributor_id AS releases_distributor_id, releases.created_at AS releases_created_at, releases.updated_at AS releases_updated_at 
FROM releases) AS anon_1
2026-01-29 22:25:09,458 INFO sqlalchemy.engine.Engine SELECT count(*) AS count_1 
FROM (SELECT releases.id AS releases_id, releases.release_id AS releases_release_id, releases.title AS releases_title, releases.upc_code AS releases_upc_code, releases.release_date AS releases_release_date, releases.release_type AS releases_release_type, releases.cover_art_url AS releases_cover_art_url, releases.label_id AS releases_label_id, releases.artist_id AS releases_artist_id, releases.distributor_id AS releases_distributor_id, releases.created_at AS releases_created_at, releases.updated_at AS releases_updated_at 
FROM releases) AS anon_1
2026-01-29 22:25:09,458 INFO sqlalchemy.engine.Engine [cached since 308.4s ago] ()
2026-01-29 22:25:09,458 INFO sqlalchemy.engine.Engine [cached since 308.4s ago] ()
2026-01-29 22:25:09,460 INFO sqlalchemy.engine.Engine SELECT count(*) AS count_1 
FROM (SELECT works.id AS works_id, works.work_id AS works_work_id, works.title AS works_title, works.iswc_code AS works_iswc_code, works.composers AS works_composers, works.composers_text AS works_composers_text, works.arrangers AS works_arrangers, works.arrangers_text AS works_arrangers_text, works.publisher_id AS works_publisher_id, works.pro_id AS works_pro_id, works.created_at AS works_created_at, works.updated_at AS works_updated_at 
FROM works) AS anon_1
2026-01-29 22:25:09,461 INFO sqlalchemy.engine.Engine [cached since 308.4s ago] ()
2026-01-29 22:25:09,462 INFO sqlalchemy.engine.Engine SELECT count(*) AS count_1 
FROM (SELECT artists.id AS artists_id, artists.artist_id AS artists_artist_id, artists.name AS artists_name, artists.aka AS artists_aka, artists.id_number AS artists_id_number, artists.ipi_number AS artists_ipi_number, artists.contact_email AS artists_contact_email, artists.contact_phone AS artists_contact_phone, artists.physical_address AS artists_physical_address, artists.banking_details AS artists_banking_details, artists.profile_image_url AS artists_profile_image_url, artists.streaming_links AS artists_streaming_links, artists.social_media AS artists_social_media, artists.label_id AS artists_label_id, artists.publisher_id AS artists_publisher_id, artists.pro_id AS artists_pro_id, artists.created_at AS artists_created_at, artists.updated_at AS artists_updated_at 
FROM artists) AS anon_1
2026-01-29 22:25:09,463 INFO sqlalchemy.engine.Engine SELECT count(*) AS count_1 
FROM (SELECT contracts.id AS contracts_id, contracts.contract_id AS contracts_contract_id, contracts.artist_id AS contracts_artist_id, contracts.label_id AS contracts_label_id, contracts.publisher_id AS contracts_publisher_id, contracts.start_date AS contracts_start_date, contracts.end_date AS contracts_end_date, contracts.royalty_rate AS contracts_royalty_rate, contracts.terms AS contracts_terms, contracts.file_path AS contracts_file_path, contracts.status AS contracts_status, contracts.title AS contracts_title, contracts.is_template AS contracts_is_template, contracts.created_at AS contracts_created_at, contracts.updated_at AS contracts_updated_at 
FROM contracts 
WHERE contracts.end_date >= ? OR contracts.end_date IS NULL) AS anon_1
2026-01-29 22:25:09,463 INFO sqlalchemy.engine.Engine [cached since 308.4s ago] ()
2026-01-29 22:25:09,464 INFO sqlalchemy.engine.Engine [cached since 308.3s ago] ('2026-01-29',)
2026-01-29 22:25:09,464 INFO sqlalchemy.engine.Engine ROLLBACK
INFO:     127.0.0.1:50206 - "GET /api/analytics/catalog-growth HTTP/1.1" 200 OK
2026-01-29 22:25:09,465 INFO sqlalchemy.engine.Engine ROLLBACK
INFO:     127.0.0.1:50196 - "GET /api/analytics/kpi HTTP/1.1" 200 OK
2026-01-29 22:25:09,470 INFO sqlalchemy.engine.Engine BEGIN (implicit)
2026-01-29 22:25:09,470 INFO sqlalchemy.engine.Engine SELECT users.id AS users_id, users.email AS users_email, users.hashed_password AS users_hashed_password, users.full_name AS users_full_name, users.is_active AS users_is_active, users.is_superuser AS users_is_superuser, users.role AS users_role, users.created_at AS users_created_at, users.updated_at AS users_updated_at, users.last_login AS users_last_login 
FROM users 
WHERE users.email = ?
 LIMIT ? OFFSET ?
2026-01-29 22:25:09,470 INFO sqlalchemy.engine.Engine [cached since 309.8s ago] ('admin@otto.com', 1, 0)
2026-01-29 22:25:09,472 INFO sqlalchemy.engine.Engine BEGIN (implicit)
2026-01-29 22:25:09,472 INFO sqlalchemy.engine.Engine SELECT users.id AS users_id, users.email AS users_email, users.hashed_password AS users_hashed_password, users.full_name AS users_full_name, users.is_active AS users_is_active, users.is_superuser AS users_is_superuser, users.role AS users_role, users.created_at AS users_created_at, users.updated_at AS users_updated_at, users.last_login AS users_last_login 
FROM users 
WHERE users.email = ?
 LIMIT ? OFFSET ?
2026-01-29 22:25:09,472 INFO sqlalchemy.engine.Engine [cached since 309.8s ago] ('admin@otto.com', 1, 0)
2026-01-29 22:25:09,473 INFO sqlalchemy.engine.Engine SELECT count(*) AS count_1 
FROM (SELECT artists.id AS artists_id, artists.artist_id AS artists_artist_id, artists.name AS artists_name, artists.aka AS artists_aka, artists.id_number AS artists_id_number, artists.ipi_number AS artists_ipi_number, artists.contact_email AS artists_contact_email, artists.contact_phone AS artists_contact_phone, artists.physical_address AS artists_physical_address, artists.banking_details AS artists_banking_details, artists.profile_image_url AS artists_profile_image_url, artists.streaming_links AS artists_streaming_links, artists.social_media AS artists_social_media, artists.label_id AS artists_label_id, artists.publisher_id AS artists_publisher_id, artists.pro_id AS artists_pro_id, artists.created_at AS artists_created_at, artists.updated_at AS artists_updated_at 
FROM artists) AS anon_1
2026-01-29 22:25:09,474 INFO sqlalchemy.engine.Engine SELECT count(*) AS count_1 
FROM (SELECT works.id AS works_id, works.work_id AS works_work_id, works.title AS works_title, works.iswc_code AS works_iswc_code, works.composers AS works_composers, works.composers_text AS works_composers_text, works.arrangers AS works_arrangers, works.arrangers_text AS works_arrangers_text, works.publisher_id AS works_publisher_id, works.pro_id AS works_pro_id, works.created_at AS works_created_at, works.updated_at AS works_updated_at 
FROM works) AS anon_1
2026-01-29 22:25:09,474 INFO sqlalchemy.engine.Engine [cached since 308.4s ago] ()
2026-01-29 22:25:09,474 INFO sqlalchemy.engine.Engine [cached since 308.4s ago] ()
2026-01-29 22:25:09,475 INFO sqlalchemy.engine.Engine SELECT count(*) AS count_1 
FROM (SELECT releases.id AS releases_id, releases.release_id AS releases_release_id, releases.title AS releases_title, releases.upc_code AS releases_upc_code, releases.release_date AS releases_release_date, releases.release_type AS releases_release_type, releases.cover_art_url AS releases_cover_art_url, releases.label_id AS releases_label_id, releases.artist_id AS releases_artist_id, releases.distributor_id AS releases_distributor_id, releases.created_at AS releases_created_at, releases.updated_at AS releases_updated_at 
FROM releases) AS anon_1
2026-01-29 22:25:09,476 INFO sqlalchemy.engine.Engine SELECT count(*) AS count_1 
FROM (SELECT releases.id AS releases_id, releases.release_id AS releases_release_id, releases.title AS releases_title, releases.upc_code AS releases_upc_code, releases.release_date AS releases_release_date, releases.release_type AS releases_release_type, releases.cover_art_url AS releases_cover_art_url, releases.label_id AS releases_label_id, releases.artist_id AS releases_artist_id, releases.distributor_id AS releases_distributor_id, releases.created_at AS releases_created_at, releases.updated_at AS releases_updated_at 
FROM releases) AS anon_1
2026-01-29 22:25:09,476 INFO sqlalchemy.engine.Engine [cached since 308.4s ago] ()
2026-01-29 22:25:09,476 INFO sqlalchemy.engine.Engine [cached since 308.4s ago] ()
2026-01-29 22:25:09,477 INFO sqlalchemy.engine.Engine SELECT count(*) AS count_1 
FROM (SELECT artists.id AS artists_id, artists.artist_id AS artists_artist_id, artists.name AS artists_name, artists.aka AS artists_aka, artists.id_number AS artists_id_number, artists.ipi_number AS artists_ipi_number, artists.contact_email AS artists_contact_email, artists.contact_phone AS artists_contact_phone, artists.physical_address AS artists_physical_address, artists.banking_details AS artists_banking_details, artists.profile_image_url AS artists_profile_image_url, artists.streaming_links AS artists_streaming_links, artists.social_media AS artists_social_media, artists.label_id AS artists_label_id, artists.publisher_id AS artists_publisher_id, artists.pro_id AS artists_pro_id, artists.created_at AS artists_created_at, artists.updated_at AS artists_updated_at 
FROM artists) AS anon_1
2026-01-29 22:25:09,477 INFO sqlalchemy.engine.Engine [cached since 308.4s ago] ()
2026-01-29 22:25:09,478 INFO sqlalchemy.engine.Engine SELECT count(*) AS count_1 
FROM (SELECT works.id AS works_id, works.work_id AS works_work_id, works.title AS works_title, works.iswc_code AS works_iswc_code, works.composers AS works_composers, works.composers_text AS works_composers_text, works.arrangers AS works_arrangers, works.arrangers_text AS works_arrangers_text, works.publisher_id AS works_publisher_id, works.pro_id AS works_pro_id, works.created_at AS works_created_at, works.updated_at AS works_updated_at 
FROM works) AS anon_1
2026-01-29 22:25:09,478 INFO sqlalchemy.engine.Engine [cached since 308.4s ago] ()
2026-01-29 22:25:09,479 INFO sqlalchemy.engine.Engine ROLLBACK
INFO:     127.0.0.1:50196 - "GET /api/analytics/catalog-growth HTTP/1.1" 200 OK
2026-01-29 22:25:09,480 INFO sqlalchemy.engine.Engine SELECT count(*) AS count_1 
FROM (SELECT contracts.id AS contracts_id, contracts.contract_id AS contracts_contract_id, contracts.artist_id AS contracts_artist_id, contracts.label_id AS contracts_label_id, contracts.publisher_id AS contracts_publisher_id, contracts.start_date AS contracts_start_date, contracts.end_date AS contracts_end_date, contracts.royalty_rate AS contracts_royalty_rate, contracts.terms AS contracts_terms, contracts.file_path AS contracts_file_path, contracts.status AS contracts_status, contracts.title AS contracts_title, contracts.is_template AS contracts_is_template, contracts.created_at AS contracts_created_at, contracts.updated_at AS contracts_updated_at 
FROM contracts 
WHERE contracts.end_date >= ? OR contracts.end_date IS NULL) AS anon_1
2026-01-29 22:25:09,481 INFO sqlalchemy.engine.Engine [cached since 308.4s ago] ('2026-01-29',)
2026-01-29 22:25:09,482 INFO sqlalchemy.engine.Engine ROLLBACK
INFO:     127.0.0.1:50206 - "GET /api/analytics/kpi HTTP/1.1" 200 OK
INFO:     127.0.0.1:50206 - "GET /api/playlists HTTP/1.1" 307 Temporary Redirect
2026-01-29 22:25:10,766 INFO sqlalchemy.engine.Engine BEGIN (implicit)
2026-01-29 22:25:10,767 INFO sqlalchemy.engine.Engine SELECT users.id AS users_id, users.email AS users_email, users.hashed_password AS users_hashed_password, users.full_name AS users_full_name, users.is_active AS users_is_active, users.is_superuser AS users_is_superuser, users.role AS users_role, users.created_at AS users_created_at, users.updated_at AS users_updated_at, users.last_login AS users_last_login 
FROM users 
WHERE users.email = ?
 LIMIT ? OFFSET ?
2026-01-29 22:25:10,767 INFO sqlalchemy.engine.Engine [cached since 311.1s ago] ('admin@otto.com', 1, 0)
INFO:     127.0.0.1:50206 - "GET /api/playlists HTTP/1.1" 307 Temporary Redirect
2026-01-29 22:25:10,772 INFO sqlalchemy.engine.Engine SELECT tracks.id AS tracks_id, tracks.track_id AS tracks_track_id, tracks.title AS tracks_title, tracks.duration AS tracks_duration, tracks.genre AS tracks_genre, tracks.release_date AS tracks_release_date, tracks.isrc_code AS tracks_isrc_code, tracks.streaming_link AS tracks_streaming_link, tracks.artist_ids AS tracks_artist_ids, tracks.file_location AS tracks_file_location, tracks.release_id AS tracks_release_id, tracks.work_id AS tracks_work_id, tracks.created_at AS tracks_created_at, tracks.updated_at AS tracks_updated_at 
FROM tracks
 LIMIT ? OFFSET ?
2026-01-29 22:25:10,772 INFO sqlalchemy.engine.Engine [cached since 2.321s ago] (100, 0)
2026-01-29 22:25:10,775 INFO sqlalchemy.engine.Engine BEGIN (implicit)
2026-01-29 22:25:10,776 INFO sqlalchemy.engine.Engine SELECT users.id AS users_id, users.email AS users_email, users.hashed_password AS users_hashed_password, users.full_name AS users_full_name, users.is_active AS users_is_active, users.is_superuser AS users_is_superuser, users.role AS users_role, users.created_at AS users_created_at, users.updated_at AS users_updated_at, users.last_login AS users_last_login 
FROM users 
WHERE users.email = ?
 LIMIT ? OFFSET ?
2026-01-29 22:25:10,776 INFO sqlalchemy.engine.Engine [cached since 311.1s ago] ('admin@otto.com', 1, 0)
2026-01-29 22:25:10,777 INFO sqlalchemy.engine.Engine SELECT playlists.id AS playlists_id, playlists.playlist_id AS playlists_playlist_id, playlists.name AS playlists_name, playlists.description AS playlists_description, playlists.track_ids AS playlists_track_ids, playlists.is_public AS playlists_is_public, playlists.share_link AS playlists_share_link, playlists.play_count AS playlists_play_count, playlists.created_by AS playlists_created_by, playlists.created_at AS playlists_created_at, playlists.updated_at AS playlists_updated_at 
FROM playlists
 LIMIT ? OFFSET ?
2026-01-29 22:25:10,778 INFO sqlalchemy.engine.Engine ROLLBACK
2026-01-29 22:25:10,778 INFO sqlalchemy.engine.Engine [cached since 2.314s ago] (100, 0)
INFO:     127.0.0.1:50196 - "GET /api/catalog/tracks HTTP/1.1" 200 OK
2026-01-29 22:25:10,783 INFO sqlalchemy.engine.Engine ROLLBACK
INFO:     127.0.0.1:52606 - "GET /api/playlists/ HTTP/1.1" 200 OK
2026-01-29 22:25:10,791 INFO sqlalchemy.engine.Engine BEGIN (implicit)
2026-01-29 22:25:10,792 INFO sqlalchemy.engine.Engine SELECT users.id AS users_id, users.email AS users_email, users.hashed_password AS users_hashed_password, users.full_name AS users_full_name, users.is_active AS users_is_active, users.is_superuser AS users_is_superuser, users.role AS users_role, users.created_at AS users_created_at, users.updated_at AS users_updated_at, users.last_login AS users_last_login 
FROM users 
WHERE users.email = ?
 LIMIT ? OFFSET ?
2026-01-29 22:25:10,792 INFO sqlalchemy.engine.Engine [cached since 311.1s ago] ('admin@otto.com', 1, 0)
2026-01-29 22:25:10,796 INFO sqlalchemy.engine.Engine BEGIN (implicit)
2026-01-29 22:25:10,797 INFO sqlalchemy.engine.Engine SELECT users.id AS users_id, users.email AS users_email, users.hashed_password AS users_hashed_password, users.full_name AS users_full_name, users.is_active AS users_is_active, users.is_superuser AS users_is_superuser, users.role AS users_role, users.created_at AS users_created_at, users.updated_at AS users_updated_at, users.last_login AS users_last_login 
FROM users 
WHERE users.email = ?
 LIMIT ? OFFSET ?
2026-01-29 22:25:10,797 INFO sqlalchemy.engine.Engine [cached since 311.1s ago] ('admin@otto.com', 1, 0)
2026-01-29 22:25:10,798 INFO sqlalchemy.engine.Engine SELECT tracks.id AS tracks_id, tracks.track_id AS tracks_track_id, tracks.title AS tracks_title, tracks.duration AS tracks_duration, tracks.genre AS tracks_genre, tracks.release_date AS tracks_release_date, tracks.isrc_code AS tracks_isrc_code, tracks.streaming_link AS tracks_streaming_link, tracks.artist_ids AS tracks_artist_ids, tracks.file_location AS tracks_file_location, tracks.release_id AS tracks_release_id, tracks.work_id AS tracks_work_id, tracks.created_at AS tracks_created_at, tracks.updated_at AS tracks_updated_at 
FROM tracks
 LIMIT ? OFFSET ?
2026-01-29 22:25:10,799 INFO sqlalchemy.engine.Engine SELECT playlists.id AS playlists_id, playlists.playlist_id AS playlists_playlist_id, playlists.name AS playlists_name, playlists.description AS playlists_description, playlists.track_ids AS playlists_track_ids, playlists.is_public AS playlists_is_public, playlists.share_link AS playlists_share_link, playlists.play_count AS playlists_play_count, playlists.created_by AS playlists_created_by, playlists.created_at AS playlists_created_at, playlists.updated_at AS playlists_updated_at 
FROM playlists
 LIMIT ? OFFSET ?
2026-01-29 22:25:10,799 INFO sqlalchemy.engine.Engine [cached since 2.348s ago] (100, 0)
2026-01-29 22:25:10,799 INFO sqlalchemy.engine.Engine [cached since 2.336s ago] (100, 0)
2026-01-29 22:25:10,800 INFO sqlalchemy.engine.Engine ROLLBACK
INFO:     127.0.0.1:52606 - "GET /api/catalog/tracks HTTP/1.1" 200 OK
2026-01-29 22:25:10,801 INFO sqlalchemy.engine.Engine ROLLBACK
INFO:     127.0.0.1:50196 - "GET /api/playlists/ HTTP/1.1" 200 OK
INFO:     127.0.0.1:50196 - "OPTIONS /api/users HTTP/1.1" 200 OK
INFO:     127.0.0.1:52606 - "OPTIONS /api/users HTTP/1.1" 200 OK
INFO:     127.0.0.1:50206 - "GET /api/users HTTP/1.1" 307 Temporary Redirect
INFO:     127.0.0.1:50206 - "GET /api/users HTTP/1.1" 307 Temporary Redirect
INFO:     127.0.0.1:50206 - "OPTIONS /api/users/ HTTP/1.1" 200 OK
2026-01-29 22:25:12,957 INFO sqlalchemy.engine.Engine BEGIN (implicit)
2026-01-29 22:25:12,957 INFO sqlalchemy.engine.Engine SELECT users.id AS users_id, users.email AS users_email, users.hashed_password AS users_hashed_password, users.full_name AS users_full_name, users.is_active AS users_is_active, users.is_superuser AS users_is_superuser, users.role AS users_role, users.created_at AS users_created_at, users.updated_at AS users_updated_at, users.last_login AS users_last_login 
FROM users 
WHERE users.email = ?
 LIMIT ? OFFSET ?
2026-01-29 22:25:12,957 INFO sqlalchemy.engine.Engine [cached since 313.3s ago] ('admin@otto.com', 1, 0)
2026-01-29 22:25:12,959 INFO sqlalchemy.engine.Engine SELECT users.id AS users_id, users.email AS users_email, users.hashed_password AS users_hashed_password, users.full_name AS users_full_name, users.is_active AS users_is_active, users.is_superuser AS users_is_superuser, users.role AS users_role, users.created_at AS users_created_at, users.updated_at AS users_updated_at, users.last_login AS users_last_login 
FROM users
 LIMIT ? OFFSET ?
2026-01-29 22:25:12,959 INFO sqlalchemy.engine.Engine [generated in 0.00032s] (100, 0)
2026-01-29 22:25:12,962 INFO sqlalchemy.engine.Engine ROLLBACK
INFO:     127.0.0.1:52606 - "GET /api/users/ HTTP/1.1" 200 OK
2026-01-29 22:25:12,966 INFO sqlalchemy.engine.Engine BEGIN (implicit)
2026-01-29 22:25:12,966 INFO sqlalchemy.engine.Engine SELECT users.id AS users_id, users.email AS users_email, users.hashed_password AS users_hashed_password, users.full_name AS users_full_name, users.is_active AS users_is_active, users.is_superuser AS users_is_superuser, users.role AS users_role, users.created_at AS users_created_at, users.updated_at AS users_updated_at, users.last_login AS users_last_login 
FROM users 
WHERE users.email = ?
 LIMIT ? OFFSET ?
2026-01-29 22:25:12,967 INFO sqlalchemy.engine.Engine [cached since 313.3s ago] ('admin@otto.com', 1, 0)
2026-01-29 22:25:12,968 INFO sqlalchemy.engine.Engine SELECT users.id AS users_id, users.email AS users_email, users.hashed_password AS users_hashed_password, users.full_name AS users_full_name, users.is_active AS users_is_active, users.is_superuser AS users_is_superuser, users.role AS users_role, users.created_at AS users_created_at, users.updated_at AS users_updated_at, users.last_login AS users_last_login 
FROM users
 LIMIT ? OFFSET ?
2026-01-29 22:25:12,968 INFO sqlalchemy.engine.Engine [cached since 0.00942s ago] (100, 0)
2026-01-29 22:25:12,970 INFO sqlalchemy.engine.Engine ROLLBACK
INFO:     127.0.0.1:52606 - "GET /api/users/ HTTP/1.1" 200 OK
INFO:     127.0.0.1:52606 - "OPTIONS /api/admin/backups HTTP/1.1" 200 OK
2026-01-29 22:25:16,246 INFO sqlalchemy.engine.Engine BEGIN (implicit)
2026-01-29 22:25:16,246 INFO sqlalchemy.engine.Engine SELECT users.id AS users_id, users.email AS users_email, users.hashed_password AS users_hashed_password, users.full_name AS users_full_name, users.is_active AS users_is_active, users.is_superuser AS users_is_superuser, users.role AS users_role, users.created_at AS users_created_at, users.updated_at AS users_updated_at, users.last_login AS users_last_login 
FROM users 
WHERE users.email = ?
 LIMIT ? OFFSET ?
2026-01-29 22:25:16,247 INFO sqlalchemy.engine.Engine [cached since 316.6s ago] ('admin@otto.com', 1, 0)
2026-01-29 22:25:16,248 INFO sqlalchemy.engine.Engine ROLLBACK
INFO:     127.0.0.1:50206 - "GET /api/admin/backups HTTP/1.1" 200 OK
INFO:     127.0.0.1:50206 - "OPTIONS /api/admin/stats HTTP/1.1" 200 OK
INFO:     127.0.0.1:52606 - "OPTIONS /api/admin/audit-logs HTTP/1.1" 200 OK
2026-01-29 22:25:19,808 INFO sqlalchemy.engine.Engine BEGIN (implicit)
2026-01-29 22:25:19,809 INFO sqlalchemy.engine.Engine SELECT users.id AS users_id, users.email AS users_email, users.hashed_password AS users_hashed_password, users.full_name AS users_full_name, users.is_active AS users_is_active, users.is_superuser AS users_is_superuser, users.role AS users_role, users.created_at AS users_created_at, users.updated_at AS users_updated_at, users.last_login AS users_last_login 
FROM users 
WHERE users.email = ?
 LIMIT ? OFFSET ?
2026-01-29 22:25:19,809 INFO sqlalchemy.engine.Engine [cached since 320.2s ago] ('admin@otto.com', 1, 0)
2026-01-29 22:25:19,810 INFO sqlalchemy.engine.Engine BEGIN (implicit)
2026-01-29 22:25:19,811 INFO sqlalchemy.engine.Engine SELECT users.id AS users_id, users.email AS users_email, users.hashed_password AS users_hashed_password, users.full_name AS users_full_name, users.is_active AS users_is_active, users.is_superuser AS users_is_superuser, users.role AS users_role, users.created_at AS users_created_at, users.updated_at AS users_updated_at, users.last_login AS users_last_login 
FROM users 
WHERE users.email = ?
 LIMIT ? OFFSET ?
2026-01-29 22:25:19,811 INFO sqlalchemy.engine.Engine [cached since 320.2s ago] ('admin@otto.com', 1, 0)
2026-01-29 22:25:19,812 INFO sqlalchemy.engine.Engine SELECT count(*) AS count_1 
FROM (SELECT artists.id AS artists_id, artists.artist_id AS artists_artist_id, artists.name AS artists_name, artists.aka AS artists_aka, artists.id_number AS artists_id_number, artists.ipi_number AS artists_ipi_number, artists.contact_email AS artists_contact_email, artists.contact_phone AS artists_contact_phone, artists.physical_address AS artists_physical_address, artists.banking_details AS artists_banking_details, artists.profile_image_url AS artists_profile_image_url, artists.streaming_links AS artists_streaming_links, artists.social_media AS artists_social_media, artists.label_id AS artists_label_id, artists.publisher_id AS artists_publisher_id, artists.pro_id AS artists_pro_id, artists.created_at AS artists_created_at, artists.updated_at AS artists_updated_at 
FROM artists) AS anon_1
2026-01-29 22:25:19,814 INFO sqlalchemy.engine.Engine SELECT audit_logs.id AS audit_logs_id, audit_logs.action AS audit_logs_action, audit_logs.entity_type AS audit_logs_entity_type, audit_logs.entity_id AS audit_logs_entity_id, audit_logs.entity_name AS audit_logs_entity_name, audit_logs.changes AS audit_logs_changes, audit_logs.user_id AS audit_logs_user_id, audit_logs.ip_address AS audit_logs_ip_address, audit_logs.user_agent AS audit_logs_user_agent, audit_logs.created_at AS audit_logs_created_at 
FROM audit_logs ORDER BY audit_logs.created_at DESC
 LIMIT ? OFFSET ?
2026-01-29 22:25:19,814 INFO sqlalchemy.engine.Engine [cached since 318.7s ago] ()
2026-01-29 22:25:19,814 INFO sqlalchemy.engine.Engine [generated in 0.00028s] (50, 0)
2026-01-29 22:25:19,815 INFO sqlalchemy.engine.Engine SELECT count(*) AS count_1 
FROM (SELECT releases.id AS releases_id, releases.release_id AS releases_release_id, releases.title AS releases_title, releases.upc_code AS releases_upc_code, releases.release_date AS releases_release_date, releases.release_type AS releases_release_type, releases.cover_art_url AS releases_cover_art_url, releases.label_id AS releases_label_id, releases.artist_id AS releases_artist_id, releases.distributor_id AS releases_distributor_id, releases.created_at AS releases_created_at, releases.updated_at AS releases_updated_at 
FROM releases) AS anon_1
2026-01-29 22:25:19,815 INFO sqlalchemy.engine.Engine [cached since 318.7s ago] ()
2026-01-29 22:25:19,818 INFO sqlalchemy.engine.Engine SELECT count(*) AS count_1 
FROM (SELECT tracks.id AS tracks_id, tracks.track_id AS tracks_track_id, tracks.title AS tracks_title, tracks.duration AS tracks_duration, tracks.genre AS tracks_genre, tracks.release_date AS tracks_release_date, tracks.isrc_code AS tracks_isrc_code, tracks.streaming_link AS tracks_streaming_link, tracks.artist_ids AS tracks_artist_ids, tracks.file_location AS tracks_file_location, tracks.release_id AS tracks_release_id, tracks.work_id AS tracks_work_id, tracks.created_at AS tracks_created_at, tracks.updated_at AS tracks_updated_at 
FROM tracks) AS anon_1
2026-01-29 22:25:19,818 INFO sqlalchemy.engine.Engine [generated in 0.00080s] ()
2026-01-29 22:25:19,818 INFO sqlalchemy.engine.Engine ROLLBACK
INFO:     127.0.0.1:50206 - "GET /api/admin/audit-logs HTTP/1.1" 200 OK
2026-01-29 22:25:19,820 INFO sqlalchemy.engine.Engine SELECT count(*) AS count_1 
FROM (SELECT works.id AS works_id, works.work_id AS works_work_id, works.title AS works_title, works.iswc_code AS works_iswc_code, works.composers AS works_composers, works.composers_text AS works_composers_text, works.arrangers AS works_arrangers, works.arrangers_text AS works_arrangers_text, works.publisher_id AS works_publisher_id, works.pro_id AS works_pro_id, works.created_at AS works_created_at, works.updated_at AS works_updated_at 
FROM works) AS anon_1
2026-01-29 22:25:19,820 INFO sqlalchemy.engine.Engine [cached since 318.7s ago] ()
2026-01-29 22:25:19,823 INFO sqlalchemy.engine.Engine SELECT count(*) AS count_1 
FROM (SELECT contracts.id AS contracts_id, contracts.contract_id AS contracts_contract_id, contracts.artist_id AS contracts_artist_id, contracts.label_id AS contracts_label_id, contracts.publisher_id AS contracts_publisher_id, contracts.start_date AS contracts_start_date, contracts.end_date AS contracts_end_date, contracts.royalty_rate AS contracts_royalty_rate, contracts.terms AS contracts_terms, contracts.file_path AS contracts_file_path, contracts.status AS contracts_status, contracts.title AS contracts_title, contracts.is_template AS contracts_is_template, contracts.created_at AS contracts_created_at, contracts.updated_at AS contracts_updated_at 
FROM contracts) AS anon_1
2026-01-29 22:25:19,824 INFO sqlalchemy.engine.Engine [generated in 0.00019s] ()
2026-01-29 22:25:19,826 INFO sqlalchemy.engine.Engine SELECT count(*) AS count_1 
FROM (SELECT users.id AS users_id, users.email AS users_email, users.hashed_password AS users_hashed_password, users.full_name AS users_full_name, users.is_active AS users_is_active, users.is_superuser AS users_is_superuser, users.role AS users_role, users.created_at AS users_created_at, users.updated_at AS users_updated_at, users.last_login AS users_last_login 
FROM users) AS anon_1
2026-01-29 22:25:19,826 INFO sqlalchemy.engine.Engine [generated in 0.00017s] ()
2026-01-29 22:25:19,827 INFO sqlalchemy.engine.Engine ROLLBACK
INFO:     127.0.0.1:58676 - "GET /api/admin/stats HTTP/1.1" 200 OK
2026-01-29 22:25:24,606 INFO sqlalchemy.engine.Engine BEGIN (implicit)
2026-01-29 22:25:24,606 INFO sqlalchemy.engine.Engine SELECT users.id AS users_id, users.email AS users_email, users.hashed_password AS users_hashed_password, users.full_name AS users_full_name, users.is_active AS users_is_active, users.is_superuser AS users_is_superuser, users.role AS users_role, users.created_at AS users_created_at, users.updated_at AS users_updated_at, users.last_login AS users_last_login 
FROM users 
WHERE users.email = ?
 LIMIT ? OFFSET ?
2026-01-29 22:25:24,607 INFO sqlalchemy.engine.Engine [cached since 325s ago] ('admin@otto.com', 1, 0)
2026-01-29 22:25:24,608 INFO sqlalchemy.engine.Engine ROLLBACK
INFO:     127.0.0.1:58676 - "GET /api/admin/backups HTTP/1.1" 200 OK
INFO:     127.0.0.1:58676 - "GET /api/users HTTP/1.1" 307 Temporary Redirect
2026-01-29 22:25:25,659 INFO sqlalchemy.engine.Engine BEGIN (implicit)
2026-01-29 22:25:25,660 INFO sqlalchemy.engine.Engine SELECT users.id AS users_id, users.email AS users_email, users.hashed_password AS users_hashed_password, users.full_name AS users_full_name, users.is_active AS users_is_active, users.is_superuser AS users_is_superuser, users.role AS users_role, users.created_at AS users_created_at, users.updated_at AS users_updated_at, users.last_login AS users_last_login 
FROM users 
WHERE users.email = ?
 LIMIT ? OFFSET ?
2026-01-29 22:25:25,660 INFO sqlalchemy.engine.Engine [cached since 326s ago] ('admin@otto.com', 1, 0)
2026-01-29 22:25:25,661 INFO sqlalchemy.engine.Engine SELECT users.id AS users_id, users.email AS users_email, users.hashed_password AS users_hashed_password, users.full_name AS users_full_name, users.is_active AS users_is_active, users.is_superuser AS users_is_superuser, users.role AS users_role, users.created_at AS users_created_at, users.updated_at AS users_updated_at, users.last_login AS users_last_login 
FROM users
 LIMIT ? OFFSET ?
2026-01-29 22:25:25,662 INFO sqlalchemy.engine.Engine [cached since 12.7s ago] (100, 0)
2026-01-29 22:25:25,663 INFO sqlalchemy.engine.Engine ROLLBACK
INFO:     127.0.0.1:58676 - "GET /api/users/ HTTP/1.1" 200 OK
INFO:     127.0.0.1:58530 - "GET /api/users HTTP/1.1" 307 Temporary Redirect
INFO:     127.0.0.1:58530 - "GET /api/users HTTP/1.1" 307 Temporary Redirect
2026-01-29 22:25:45,399 INFO sqlalchemy.engine.Engine BEGIN (implicit)
2026-01-29 22:25:45,399 INFO sqlalchemy.engine.Engine SELECT users.id AS users_id, users.email AS users_email, users.hashed_password AS users_hashed_password, users.full_name AS users_full_name, users.is_active AS users_is_active, users.is_superuser AS users_is_superuser, users.role AS users_role, users.created_at AS users_created_at, users.updated_at AS users_updated_at, users.last_login AS users_last_login 
FROM users 
WHERE users.email = ?
 LIMIT ? OFFSET ?
2026-01-29 22:25:45,399 INFO sqlalchemy.engine.Engine [cached since 345.7s ago] ('admin@otto.com', 1, 0)
2026-01-29 22:25:45,400 INFO sqlalchemy.engine.Engine SELECT users.id AS users_id, users.email AS users_email, users.hashed_password AS users_hashed_password, users.full_name AS users_full_name, users.is_active AS users_is_active, users.is_superuser AS users_is_superuser, users.role AS users_role, users.created_at AS users_created_at, users.updated_at AS users_updated_at, users.last_login AS users_last_login 
FROM users
 LIMIT ? OFFSET ?
2026-01-29 22:25:45,400 INFO sqlalchemy.engine.Engine [cached since 32.44s ago] (100, 0)
2026-01-29 22:25:45,402 INFO sqlalchemy.engine.Engine ROLLBACK
INFO:     127.0.0.1:58530 - "GET /api/users/ HTTP/1.1" 200 OK
2026-01-29 22:25:45,408 INFO sqlalchemy.engine.Engine BEGIN (implicit)
2026-01-29 22:25:45,409 INFO sqlalchemy.engine.Engine SELECT users.id AS users_id, users.email AS users_email, users.hashed_password AS users_hashed_password, users.full_name AS users_full_name, users.is_active AS users_is_active, users.is_superuser AS users_is_superuser, users.role AS users_role, users.created_at AS users_created_at, users.updated_at AS users_updated_at, users.last_login AS users_last_login 
FROM users 
WHERE users.email = ?
 LIMIT ? OFFSET ?
2026-01-29 22:25:45,410 INFO sqlalchemy.engine.Engine [cached since 345.8s ago] ('admin@otto.com', 1, 0)
2026-01-29 22:25:45,412 INFO sqlalchemy.engine.Engine SELECT users.id AS users_id, users.email AS users_email, users.hashed_password AS users_hashed_password, users.full_name AS users_full_name, users.is_active AS users_is_active, users.is_superuser AS users_is_superuser, users.role AS users_role, users.created_at AS users_created_at, users.updated_at AS users_updated_at, users.last_login AS users_last_login 
FROM users
 LIMIT ? OFFSET ?
2026-01-29 22:25:45,413 INFO sqlalchemy.engine.Engine [cached since 32.45s ago] (100, 0)
2026-01-29 22:25:45,418 INFO sqlalchemy.engine.Engine ROLLBACK
INFO:     127.0.0.1:58530 - "GET /api/users/ HTTP/1.1" 200 OK
2026-01-29 22:25:46,144 INFO sqlalchemy.engine.Engine BEGIN (implicit)
2026-01-29 22:25:46,146 INFO sqlalchemy.engine.Engine SELECT users.id AS users_id, users.email AS users_email, users.hashed_password AS users_hashed_password, users.full_name AS users_full_name, users.is_active AS users_is_active, users.is_superuser AS users_is_superuser, users.role AS users_role, users.created_at AS users_created_at, users.updated_at AS users_updated_at, users.last_login AS users_last_login 
FROM users 
WHERE users.email = ?
 LIMIT ? OFFSET ?
2026-01-29 22:25:46,146 INFO sqlalchemy.engine.Engine [cached since 346.5s ago] ('admin@otto.com', 1, 0)
2026-01-29 22:25:46,148 INFO sqlalchemy.engine.Engine BEGIN (implicit)
2026-01-29 22:25:46,148 INFO sqlalchemy.engine.Engine SELECT users.id AS users_id, users.email AS users_email, users.hashed_password AS users_hashed_password, users.full_name AS users_full_name, users.is_active AS users_is_active, users.is_superuser AS users_is_superuser, users.role AS users_role, users.created_at AS users_created_at, users.updated_at AS users_updated_at, users.last_login AS users_last_login 
FROM users 
WHERE users.email = ?
 LIMIT ? OFFSET ?
2026-01-29 22:25:46,148 INFO sqlalchemy.engine.Engine [cached since 346.5s ago] ('admin@otto.com', 1, 0)
2026-01-29 22:25:46,149 INFO sqlalchemy.engine.Engine SELECT count(*) AS count_1 
FROM (SELECT works.id AS works_id, works.work_id AS works_work_id, works.title AS works_title, works.iswc_code AS works_iswc_code, works.composers AS works_composers, works.composers_text AS works_composers_text, works.arrangers AS works_arrangers, works.arrangers_text AS works_arrangers_text, works.publisher_id AS works_publisher_id, works.pro_id AS works_pro_id, works.created_at AS works_created_at, works.updated_at AS works_updated_at 
FROM works) AS anon_1
2026-01-29 22:25:46,151 INFO sqlalchemy.engine.Engine SELECT count(*) AS count_1 
FROM (SELECT artists.id AS artists_id, artists.artist_id AS artists_artist_id, artists.name AS artists_name, artists.aka AS artists_aka, artists.id_number AS artists_id_number, artists.ipi_number AS artists_ipi_number, artists.contact_email AS artists_contact_email, artists.contact_phone AS artists_contact_phone, artists.physical_address AS artists_physical_address, artists.banking_details AS artists_banking_details, artists.profile_image_url AS artists_profile_image_url, artists.streaming_links AS artists_streaming_links, artists.social_media AS artists_social_media, artists.label_id AS artists_label_id, artists.publisher_id AS artists_publisher_id, artists.pro_id AS artists_pro_id, artists.created_at AS artists_created_at, artists.updated_at AS artists_updated_at 
FROM artists) AS anon_1
2026-01-29 22:25:46,151 INFO sqlalchemy.engine.Engine [cached since 345s ago] ()
2026-01-29 22:25:46,151 INFO sqlalchemy.engine.Engine [cached since 345.1s ago] ()
2026-01-29 22:25:46,152 INFO sqlalchemy.engine.Engine SELECT count(*) AS count_1 
FROM (SELECT releases.id AS releases_id, releases.release_id AS releases_release_id, releases.title AS releases_title, releases.upc_code AS releases_upc_code, releases.release_date AS releases_release_date, releases.release_type AS releases_release_type, releases.cover_art_url AS releases_cover_art_url, releases.label_id AS releases_label_id, releases.artist_id AS releases_artist_id, releases.distributor_id AS releases_distributor_id, releases.created_at AS releases_created_at, releases.updated_at AS releases_updated_at 
FROM releases) AS anon_1
2026-01-29 22:25:46,152 INFO sqlalchemy.engine.Engine [cached since 345.1s ago] ()
2026-01-29 22:25:46,153 INFO sqlalchemy.engine.Engine SELECT count(*) AS count_1 
FROM (SELECT releases.id AS releases_id, releases.release_id AS releases_release_id, releases.title AS releases_title, releases.upc_code AS releases_upc_code, releases.release_date AS releases_release_date, releases.release_type AS releases_release_type, releases.cover_art_url AS releases_cover_art_url, releases.label_id AS releases_label_id, releases.artist_id AS releases_artist_id, releases.distributor_id AS releases_distributor_id, releases.created_at AS releases_created_at, releases.updated_at AS releases_updated_at 
FROM releases) AS anon_1
2026-01-29 22:25:46,153 INFO sqlalchemy.engine.Engine SELECT count(*) AS count_1 
FROM (SELECT artists.id AS artists_id, artists.artist_id AS artists_artist_id, artists.name AS artists_name, artists.aka AS artists_aka, artists.id_number AS artists_id_number, artists.ipi_number AS artists_ipi_number, artists.contact_email AS artists_contact_email, artists.contact_phone AS artists_contact_phone, artists.physical_address AS artists_physical_address, artists.banking_details AS artists_banking_details, artists.profile_image_url AS artists_profile_image_url, artists.streaming_links AS artists_streaming_links, artists.social_media AS artists_social_media, artists.label_id AS artists_label_id, artists.publisher_id AS artists_publisher_id, artists.pro_id AS artists_pro_id, artists.created_at AS artists_created_at, artists.updated_at AS artists_updated_at 
FROM artists) AS anon_1
2026-01-29 22:25:46,153 INFO sqlalchemy.engine.Engine [cached since 345.1s ago] ()
2026-01-29 22:25:46,154 INFO sqlalchemy.engine.Engine [cached since 345.1s ago] ()
2026-01-29 22:25:46,154 INFO sqlalchemy.engine.Engine SELECT count(*) AS count_1 
FROM (SELECT works.id AS works_id, works.work_id AS works_work_id, works.title AS works_title, works.iswc_code AS works_iswc_code, works.composers AS works_composers, works.composers_text AS works_composers_text, works.arrangers AS works_arrangers, works.arrangers_text AS works_arrangers_text, works.publisher_id AS works_publisher_id, works.pro_id AS works_pro_id, works.created_at AS works_created_at, works.updated_at AS works_updated_at 
FROM works) AS anon_1
2026-01-29 22:25:46,154 INFO sqlalchemy.engine.Engine [cached since 345s ago] ()
2026-01-29 22:25:46,155 INFO sqlalchemy.engine.Engine ROLLBACK
INFO:     127.0.0.1:58530 - "GET /api/analytics/catalog-growth HTTP/1.1" 200 OK
2026-01-29 22:25:46,156 INFO sqlalchemy.engine.Engine SELECT count(*) AS count_1 
FROM (SELECT contracts.id AS contracts_id, contracts.contract_id AS contracts_contract_id, contracts.artist_id AS contracts_artist_id, contracts.label_id AS contracts_label_id, contracts.publisher_id AS contracts_publisher_id, contracts.start_date AS contracts_start_date, contracts.end_date AS contracts_end_date, contracts.royalty_rate AS contracts_royalty_rate, contracts.terms AS contracts_terms, contracts.file_path AS contracts_file_path, contracts.status AS contracts_status, contracts.title AS contracts_title, contracts.is_template AS contracts_is_template, contracts.created_at AS contracts_created_at, contracts.updated_at AS contracts_updated_at 
FROM contracts 
WHERE contracts.end_date >= ? OR contracts.end_date IS NULL) AS anon_1
2026-01-29 22:25:46,157 INFO sqlalchemy.engine.Engine [cached since 345s ago] ('2026-01-29',)
2026-01-29 22:25:46,157 INFO sqlalchemy.engine.Engine ROLLBACK
INFO:     127.0.0.1:58536 - "GET /api/analytics/kpi HTTP/1.1" 200 OK
2026-01-29 22:25:46,164 INFO sqlalchemy.engine.Engine BEGIN (implicit)
2026-01-29 22:25:46,165 INFO sqlalchemy.engine.Engine SELECT users.id AS users_id, users.email AS users_email, users.hashed_password AS users_hashed_password, users.full_name AS users_full_name, users.is_active AS users_is_active, users.is_superuser AS users_is_superuser, users.role AS users_role, users.created_at AS users_created_at, users.updated_at AS users_updated_at, users.last_login AS users_last_login 
FROM users 
WHERE users.email = ?
 LIMIT ? OFFSET ?
2026-01-29 22:25:46,165 INFO sqlalchemy.engine.Engine [cached since 346.5s ago] ('admin@otto.com', 1, 0)
2026-01-29 22:25:46,168 INFO sqlalchemy.engine.Engine SELECT count(*) AS count_1 
FROM (SELECT works.id AS works_id, works.work_id AS works_work_id, works.title AS works_title, works.iswc_code AS works_iswc_code, works.composers AS works_composers, works.composers_text AS works_composers_text, works.arrangers AS works_arrangers, works.arrangers_text AS works_arrangers_text, works.publisher_id AS works_publisher_id, works.pro_id AS works_pro_id, works.created_at AS works_created_at, works.updated_at AS works_updated_at 
FROM works) AS anon_1
2026-01-29 22:25:46,168 INFO sqlalchemy.engine.Engine [cached since 345.1s ago] ()
2026-01-29 22:25:46,169 INFO sqlalchemy.engine.Engine BEGIN (implicit)
2026-01-29 22:25:46,170 INFO sqlalchemy.engine.Engine SELECT users.id AS users_id, users.email AS users_email, users.hashed_password AS users_hashed_password, users.full_name AS users_full_name, users.is_active AS users_is_active, users.is_superuser AS users_is_superuser, users.role AS users_role, users.created_at AS users_created_at, users.updated_at AS users_updated_at, users.last_login AS users_last_login 
FROM users 
WHERE users.email = ?
 LIMIT ? OFFSET ?
2026-01-29 22:25:46,170 INFO sqlalchemy.engine.Engine [cached since 346.5s ago] ('admin@otto.com', 1, 0)
2026-01-29 22:25:46,171 INFO sqlalchemy.engine.Engine SELECT count(*) AS count_1 
FROM (SELECT artists.id AS artists_id, artists.artist_id AS artists_artist_id, artists.name AS artists_name, artists.aka AS artists_aka, artists.id_number AS artists_id_number, artists.ipi_number AS artists_ipi_number, artists.contact_email AS artists_contact_email, artists.contact_phone AS artists_contact_phone, artists.physical_address AS artists_physical_address, artists.banking_details AS artists_banking_details, artists.profile_image_url AS artists_profile_image_url, artists.streaming_links AS artists_streaming_links, artists.social_media AS artists_social_media, artists.label_id AS artists_label_id, artists.publisher_id AS artists_publisher_id, artists.pro_id AS artists_pro_id, artists.created_at AS artists_created_at, artists.updated_at AS artists_updated_at 
FROM artists) AS anon_1
2026-01-29 22:25:46,171 INFO sqlalchemy.engine.Engine [cached since 345.1s ago] ()
2026-01-29 22:25:46,172 INFO sqlalchemy.engine.Engine SELECT count(*) AS count_1 
FROM (SELECT releases.id AS releases_id, releases.release_id AS releases_release_id, releases.title AS releases_title, releases.upc_code AS releases_upc_code, releases.release_date AS releases_release_date, releases.release_type AS releases_release_type, releases.cover_art_url AS releases_cover_art_url, releases.label_id AS releases_label_id, releases.artist_id AS releases_artist_id, releases.distributor_id AS releases_distributor_id, releases.created_at AS releases_created_at, releases.updated_at AS releases_updated_at 
FROM releases) AS anon_1
2026-01-29 22:25:46,172 INFO sqlalchemy.engine.Engine [cached since 345.1s ago] ()
2026-01-29 22:25:46,173 INFO sqlalchemy.engine.Engine SELECT count(*) AS count_1 
FROM (SELECT releases.id AS releases_id, releases.release_id AS releases_release_id, releases.title AS releases_title, releases.upc_code AS releases_upc_code, releases.release_date AS releases_release_date, releases.release_type AS releases_release_type, releases.cover_art_url AS releases_cover_art_url, releases.label_id AS releases_label_id, releases.artist_id AS releases_artist_id, releases.distributor_id AS releases_distributor_id, releases.created_at AS releases_created_at, releases.updated_at AS releases_updated_at 
FROM releases) AS anon_1
2026-01-29 22:25:46,173 INFO sqlalchemy.engine.Engine [cached since 345.1s ago] ()
2026-01-29 22:25:46,176 INFO sqlalchemy.engine.Engine SELECT count(*) AS count_1 
FROM (SELECT artists.id AS artists_id, artists.artist_id AS artists_artist_id, artists.name AS artists_name, artists.aka AS artists_aka, artists.id_number AS artists_id_number, artists.ipi_number AS artists_ipi_number, artists.contact_email AS artists_contact_email, artists.contact_phone AS artists_contact_phone, artists.physical_address AS artists_physical_address, artists.banking_details AS artists_banking_details, artists.profile_image_url AS artists_profile_image_url, artists.streaming_links AS artists_streaming_links, artists.social_media AS artists_social_media, artists.label_id AS artists_label_id, artists.publisher_id AS artists_publisher_id, artists.pro_id AS artists_pro_id, artists.created_at AS artists_created_at, artists.updated_at AS artists_updated_at 
FROM artists) AS anon_1
2026-01-29 22:25:46,177 INFO sqlalchemy.engine.Engine SELECT count(*) AS count_1 
FROM (SELECT works.id AS works_id, works.work_id AS works_work_id, works.title AS works_title, works.iswc_code AS works_iswc_code, works.composers AS works_composers, works.composers_text AS works_composers_text, works.arrangers AS works_arrangers, works.arrangers_text AS works_arrangers_text, works.publisher_id AS works_publisher_id, works.pro_id AS works_pro_id, works.created_at AS works_created_at, works.updated_at AS works_updated_at 
FROM works) AS anon_1
2026-01-29 22:25:46,177 INFO sqlalchemy.engine.Engine [cached since 345.1s ago] ()
2026-01-29 22:25:46,178 INFO sqlalchemy.engine.Engine [cached since 345.1s ago] ()
2026-01-29 22:25:46,179 INFO sqlalchemy.engine.Engine SELECT count(*) AS count_1 
FROM (SELECT contracts.id AS contracts_id, contracts.contract_id AS contracts_contract_id, contracts.artist_id AS contracts_artist_id, contracts.label_id AS contracts_label_id, contracts.publisher_id AS contracts_publisher_id, contracts.start_date AS contracts_start_date, contracts.end_date AS contracts_end_date, contracts.royalty_rate AS contracts_royalty_rate, contracts.terms AS contracts_terms, contracts.file_path AS contracts_file_path, contracts.status AS contracts_status, contracts.title AS contracts_title, contracts.is_template AS contracts_is_template, contracts.created_at AS contracts_created_at, contracts.updated_at AS contracts_updated_at 
FROM contracts 
WHERE contracts.end_date >= ? OR contracts.end_date IS NULL) AS anon_1
2026-01-29 22:25:46,179 INFO sqlalchemy.engine.Engine [cached since 345.1s ago] ('2026-01-29',)
2026-01-29 22:25:46,180 INFO sqlalchemy.engine.Engine ROLLBACK
INFO:     127.0.0.1:58530 - "GET /api/analytics/catalog-growth HTTP/1.1" 200 OK
2026-01-29 22:25:46,181 INFO sqlalchemy.engine.Engine ROLLBACK
INFO:     127.0.0.1:58536 - "GET /api/analytics/kpi HTTP/1.1" 200 OK
INFO:     127.0.0.1:58536 - "GET /api/notes HTTP/1.1" 307 Temporary Redirect
INFO:     127.0.0.1:58536 - "GET /api/notes HTTP/1.1" 307 Temporary Redirect
2026-01-29 22:25:47,043 INFO sqlalchemy.engine.Engine BEGIN (implicit)
2026-01-29 22:25:47,044 INFO sqlalchemy.engine.Engine SELECT users.id AS users_id, users.email AS users_email, users.hashed_password AS users_hashed_password, users.full_name AS users_full_name, users.is_active AS users_is_active, users.is_superuser AS users_is_superuser, users.role AS users_role, users.created_at AS users_created_at, users.updated_at AS users_updated_at, users.last_login AS users_last_login 
FROM users 
WHERE users.email = ?
 LIMIT ? OFFSET ?
2026-01-29 22:25:47,044 INFO sqlalchemy.engine.Engine [cached since 347.4s ago] ('admin@otto.com', 1, 0)
2026-01-29 22:25:47,046 INFO sqlalchemy.engine.Engine BEGIN (implicit)
2026-01-29 22:25:47,046 INFO sqlalchemy.engine.Engine SELECT users.id AS users_id, users.email AS users_email, users.hashed_password AS users_hashed_password, users.full_name AS users_full_name, users.is_active AS users_is_active, users.is_superuser AS users_is_superuser, users.role AS users_role, users.created_at AS users_created_at, users.updated_at AS users_updated_at, users.last_login AS users_last_login 
FROM users 
WHERE users.email = ?
 LIMIT ? OFFSET ?
2026-01-29 22:25:47,046 INFO sqlalchemy.engine.Engine [cached since 347.4s ago] ('admin@otto.com', 1, 0)
2026-01-29 22:25:47,048 INFO sqlalchemy.engine.Engine SELECT artists.id AS artists_id, artists.artist_id AS artists_artist_id, artists.name AS artists_name, artists.aka AS artists_aka, artists.id_number AS artists_id_number, artists.ipi_number AS artists_ipi_number, artists.contact_email AS artists_contact_email, artists.contact_phone AS artists_contact_phone, artists.physical_address AS artists_physical_address, artists.banking_details AS artists_banking_details, artists.profile_image_url AS artists_profile_image_url, artists.streaming_links AS artists_streaming_links, artists.social_media AS artists_social_media, artists.label_id AS artists_label_id, artists.publisher_id AS artists_publisher_id, artists.pro_id AS artists_pro_id, artists.created_at AS artists_created_at, artists.updated_at AS artists_updated_at 
FROM artists
 LIMIT ? OFFSET ?
2026-01-29 22:25:47,049 INFO sqlalchemy.engine.Engine [cached since 39.92s ago] (100, 0)
2026-01-29 22:25:47,050 INFO sqlalchemy.engine.Engine SELECT releases.id AS releases_id, releases.release_id AS releases_release_id, releases.title AS releases_title, releases.upc_code AS releases_upc_code, releases.release_date AS releases_release_date, releases.release_type AS releases_release_type, releases.cover_art_url AS releases_cover_art_url, releases.label_id AS releases_label_id, releases.artist_id AS releases_artist_id, releases.distributor_id AS releases_distributor_id, releases.created_at AS releases_created_at, releases.updated_at AS releases_updated_at 
FROM releases
 LIMIT ? OFFSET ?
2026-01-29 22:25:47,050 INFO sqlalchemy.engine.Engine [cached since 39.92s ago] (100, 0)
2026-01-29 22:25:47,051 INFO sqlalchemy.engine.Engine BEGIN (implicit)
2026-01-29 22:25:47,052 INFO sqlalchemy.engine.Engine SELECT users.id AS users_id, users.email AS users_email, users.hashed_password AS users_hashed_password, users.full_name AS users_full_name, users.is_active AS users_is_active, users.is_superuser AS users_is_superuser, users.role AS users_role, users.created_at AS users_created_at, users.updated_at AS users_updated_at, users.last_login AS users_last_login 
FROM users 
WHERE users.email = ?
 LIMIT ? OFFSET ?
2026-01-29 22:25:47,052 INFO sqlalchemy.engine.Engine [cached since 347.4s ago] ('admin@otto.com', 1, 0)
2026-01-29 22:25:47,054 INFO sqlalchemy.engine.Engine SELECT notes.id AS notes_id, notes.title AS notes_title, notes.content AS notes_content, notes.content_markdown AS notes_content_markdown, notes.tags AS notes_tags, notes.category AS notes_category, notes.color AS notes_color, notes.pinned AS notes_pinned, notes.attachments AS notes_attachments, notes.related_entity_type AS notes_related_entity_type, notes.related_entity_id AS notes_related_entity_id, notes.created_by AS notes_created_by, notes.created_at AS notes_created_at, notes.updated_at AS notes_updated_at 
FROM notes
 LIMIT ? OFFSET ?
2026-01-29 22:25:47,055 INFO sqlalchemy.engine.Engine ROLLBACK
INFO:     127.0.0.1:58530 - "GET /api/catalog/artists HTTP/1.1" 200 OK
2026-01-29 22:25:47,055 INFO sqlalchemy.engine.Engine [cached since 39.91s ago] (100, 0)
2026-01-29 22:25:47,055 INFO sqlalchemy.engine.Engine ROLLBACK
INFO:     127.0.0.1:58546 - "GET /api/catalog/releases HTTP/1.1" 200 OK
2026-01-29 22:25:47,061 INFO sqlalchemy.engine.Engine ROLLBACK
INFO:     127.0.0.1:58536 - "GET /api/notes/ HTTP/1.1" 200 OK
2026-01-29 22:25:47,068 INFO sqlalchemy.engine.Engine BEGIN (implicit)
2026-01-29 22:25:47,069 INFO sqlalchemy.engine.Engine SELECT users.id AS users_id, users.email AS users_email, users.hashed_password AS users_hashed_password, users.full_name AS users_full_name, users.is_active AS users_is_active, users.is_superuser AS users_is_superuser, users.role AS users_role, users.created_at AS users_created_at, users.updated_at AS users_updated_at, users.last_login AS users_last_login 
FROM users 
WHERE users.email = ?
 LIMIT ? OFFSET ?
2026-01-29 22:25:47,069 INFO sqlalchemy.engine.Engine [cached since 347.4s ago] ('admin@otto.com', 1, 0)
2026-01-29 22:25:47,071 INFO sqlalchemy.engine.Engine SELECT artists.id AS artists_id, artists.artist_id AS artists_artist_id, artists.name AS artists_name, artists.aka AS artists_aka, artists.id_number AS artists_id_number, artists.ipi_number AS artists_ipi_number, artists.contact_email AS artists_contact_email, artists.contact_phone AS artists_contact_phone, artists.physical_address AS artists_physical_address, artists.banking_details AS artists_banking_details, artists.profile_image_url AS artists_profile_image_url, artists.streaming_links AS artists_streaming_links, artists.social_media AS artists_social_media, artists.label_id AS artists_label_id, artists.publisher_id AS artists_publisher_id, artists.pro_id AS artists_pro_id, artists.created_at AS artists_created_at, artists.updated_at AS artists_updated_at 
FROM artists
 LIMIT ? OFFSET ?
2026-01-29 22:25:47,072 INFO sqlalchemy.engine.Engine BEGIN (implicit)
2026-01-29 22:25:47,072 INFO sqlalchemy.engine.Engine [cached since 39.94s ago] (100, 0)
2026-01-29 22:25:47,072 INFO sqlalchemy.engine.Engine SELECT users.id AS users_id, users.email AS users_email, users.hashed_password AS users_hashed_password, users.full_name AS users_full_name, users.is_active AS users_is_active, users.is_superuser AS users_is_superuser, users.role AS users_role, users.created_at AS users_created_at, users.updated_at AS users_updated_at, users.last_login AS users_last_login 
FROM users 
WHERE users.email = ?
 LIMIT ? OFFSET ?
2026-01-29 22:25:47,072 INFO sqlalchemy.engine.Engine [cached since 347.4s ago] ('admin@otto.com', 1, 0)
2026-01-29 22:25:47,074 INFO sqlalchemy.engine.Engine BEGIN (implicit)
2026-01-29 22:25:47,074 INFO sqlalchemy.engine.Engine SELECT users.id AS users_id, users.email AS users_email, users.hashed_password AS users_hashed_password, users.full_name AS users_full_name, users.is_active AS users_is_active, users.is_superuser AS users_is_superuser, users.role AS users_role, users.created_at AS users_created_at, users.updated_at AS users_updated_at, users.last_login AS users_last_login 
FROM users 
WHERE users.email = ?
 LIMIT ? OFFSET ?
2026-01-29 22:25:47,074 INFO sqlalchemy.engine.Engine [cached since 347.4s ago] ('admin@otto.com', 1, 0)
2026-01-29 22:25:47,076 INFO sqlalchemy.engine.Engine SELECT notes.id AS notes_id, notes.title AS notes_title, notes.content AS notes_content, notes.content_markdown AS notes_content_markdown, notes.tags AS notes_tags, notes.category AS notes_category, notes.color AS notes_color, notes.pinned AS notes_pinned, notes.attachments AS notes_attachments, notes.related_entity_type AS notes_related_entity_type, notes.related_entity_id AS notes_related_entity_id, notes.created_by AS notes_created_by, notes.created_at AS notes_created_at, notes.updated_at AS notes_updated_at 
FROM notes
 LIMIT ? OFFSET ?
2026-01-29 22:25:47,077 INFO sqlalchemy.engine.Engine SELECT releases.id AS releases_id, releases.release_id AS releases_release_id, releases.title AS releases_title, releases.upc_code AS releases_upc_code, releases.release_date AS releases_release_date, releases.release_type AS releases_release_type, releases.cover_art_url AS releases_cover_art_url, releases.label_id AS releases_label_id, releases.artist_id AS releases_artist_id, releases.distributor_id AS releases_distributor_id, releases.created_at AS releases_created_at, releases.updated_at AS releases_updated_at 
FROM releases
 LIMIT ? OFFSET ?
2026-01-29 22:25:47,078 INFO sqlalchemy.engine.Engine [cached since 39.95s ago] (100, 0)
2026-01-29 22:25:47,077 INFO sqlalchemy.engine.Engine ROLLBACK
INFO:     127.0.0.1:58546 - "GET /api/catalog/artists HTTP/1.1" 200 OK
2026-01-29 22:25:47,077 INFO sqlalchemy.engine.Engine [cached since 39.94s ago] (100, 0)
2026-01-29 22:25:47,081 INFO sqlalchemy.engine.Engine ROLLBACK
2026-01-29 22:25:47,082 INFO sqlalchemy.engine.Engine ROLLBACK
INFO:     127.0.0.1:58536 - "GET /api/notes/ HTTP/1.1" 200 OK
INFO:     127.0.0.1:58530 - "GET /api/catalog/releases HTTP/1.1" 200 OK
INFO:     127.0.0.1:40458 - "OPTIONS /api/notes HTTP/1.1" 200 OK
INFO:     127.0.0.1:40462 - "POST /api/notes HTTP/1.1" 307 Temporary Redirect
INFO:     127.0.0.1:40458 - "OPTIONS /api/notes/ HTTP/1.1" 200 OK
2026-01-29 22:26:13,927 INFO sqlalchemy.engine.Engine BEGIN (implicit)
2026-01-29 22:26:13,928 INFO sqlalchemy.engine.Engine SELECT users.id AS users_id, users.email AS users_email, users.hashed_password AS users_hashed_password, users.full_name AS users_full_name, users.is_active AS users_is_active, users.is_superuser AS users_is_superuser, users.role AS users_role, users.created_at AS users_created_at, users.updated_at AS users_updated_at, users.last_login AS users_last_login 
FROM users 
WHERE users.email = ?
 LIMIT ? OFFSET ?
2026-01-29 22:26:13,928 INFO sqlalchemy.engine.Engine [cached since 374.3s ago] ('admin@otto.com', 1, 0)
2026-01-29 22:26:13,931 INFO sqlalchemy.engine.Engine ROLLBACK
INFO:     127.0.0.1:40462 - "POST /api/notes/ HTTP/1.1" 422 Unprocessable Entity
INFO:     127.0.0.1:40182 - "POST /api/notes HTTP/1.1" 307 Temporary Redirect
2026-01-29 22:26:24,017 INFO sqlalchemy.engine.Engine BEGIN (implicit)
2026-01-29 22:26:24,018 INFO sqlalchemy.engine.Engine SELECT users.id AS users_id, users.email AS users_email, users.hashed_password AS users_hashed_password, users.full_name AS users_full_name, users.is_active AS users_is_active, users.is_superuser AS users_is_superuser, users.role AS users_role, users.created_at AS users_created_at, users.updated_at AS users_updated_at, users.last_login AS users_last_login 
FROM users 
WHERE users.email = ?
 LIMIT ? OFFSET ?
2026-01-29 22:26:24,018 INFO sqlalchemy.engine.Engine [cached since 384.4s ago] ('admin@otto.com', 1, 0)
2026-01-29 22:26:24,020 INFO sqlalchemy.engine.Engine ROLLBACK
INFO:     127.0.0.1:40190 - "POST /api/notes/ HTTP/1.1" 422 Unprocessable Entity
INFO:     127.0.0.1:50878 - "GET /api/documents HTTP/1.1" 307 Temporary Redirect
INFO:     127.0.0.1:50878 - "GET /api/documents HTTP/1.1" 307 Temporary Redirect
2026-01-29 22:26:49,405 INFO sqlalchemy.engine.Engine BEGIN (implicit)
2026-01-29 22:26:49,406 INFO sqlalchemy.engine.Engine SELECT users.id AS users_id, users.email AS users_email, users.hashed_password AS users_hashed_password, users.full_name AS users_full_name, users.is_active AS users_is_active, users.is_superuser AS users_is_superuser, users.role AS users_role, users.created_at AS users_created_at, users.updated_at AS users_updated_at, users.last_login AS users_last_login 
FROM users 
WHERE users.email = ?
 LIMIT ? OFFSET ?
2026-01-29 22:26:49,406 INFO sqlalchemy.engine.Engine [cached since 409.8s ago] ('admin@otto.com', 1, 0)
2026-01-29 22:26:49,407 INFO sqlalchemy.engine.Engine SELECT documents.id AS documents_id, documents.filename AS documents_filename, documents.original_filename AS documents_original_filename, documents.file_path AS documents_file_path, documents.file_type AS documents_file_type, documents.mime_type AS documents_mime_type, documents.file_size AS documents_file_size, documents.version AS documents_version, documents.parent_document_id AS documents_parent_document_id, documents.title AS documents_title, documents.description AS documents_description, documents.tags AS documents_tags, documents.category AS documents_category, documents.related_entity_type AS documents_related_entity_type, documents.related_entity_id AS documents_related_entity_id, documents.uploaded_by AS documents_uploaded_by, documents.created_at AS documents_created_at, documents.updated_at AS documents_updated_at 
FROM documents
 LIMIT ? OFFSET ?
2026-01-29 22:26:49,407 INFO sqlalchemy.engine.Engine [cached since 109.9s ago] (100, 0)
2026-01-29 22:26:49,409 INFO sqlalchemy.engine.Engine ROLLBACK
INFO:     127.0.0.1:50878 - "GET /api/documents/ HTTP/1.1" 200 OK
2026-01-29 22:26:49,414 INFO sqlalchemy.engine.Engine BEGIN (implicit)
2026-01-29 22:26:49,414 INFO sqlalchemy.engine.Engine SELECT users.id AS users_id, users.email AS users_email, users.hashed_password AS users_hashed_password, users.full_name AS users_full_name, users.is_active AS users_is_active, users.is_superuser AS users_is_superuser, users.role AS users_role, users.created_at AS users_created_at, users.updated_at AS users_updated_at, users.last_login AS users_last_login 
FROM users 
WHERE users.email = ?
 LIMIT ? OFFSET ?
2026-01-29 22:26:49,415 INFO sqlalchemy.engine.Engine [cached since 409.8s ago] ('admin@otto.com', 1, 0)
2026-01-29 22:26:49,416 INFO sqlalchemy.engine.Engine SELECT documents.id AS documents_id, documents.filename AS documents_filename, documents.original_filename AS documents_original_filename, documents.file_path AS documents_file_path, documents.file_type AS documents_file_type, documents.mime_type AS documents_mime_type, documents.file_size AS documents_file_size, documents.version AS documents_version, documents.parent_document_id AS documents_parent_document_id, documents.title AS documents_title, documents.description AS documents_description, documents.tags AS documents_tags, documents.category AS documents_category, documents.related_entity_type AS documents_related_entity_type, documents.related_entity_id AS documents_related_entity_id, documents.uploaded_by AS documents_uploaded_by, documents.created_at AS documents_created_at, documents.updated_at AS documents_updated_at 
FROM documents
 LIMIT ? OFFSET ?
2026-01-29 22:26:49,417 INFO sqlalchemy.engine.Engine [cached since 109.9s ago] (100, 0)
2026-01-29 22:26:49,419 INFO sqlalchemy.engine.Engine ROLLBACK
INFO:     127.0.0.1:50878 - "GET /api/documents/ HTTP/1.1" 200 OK
INFO:     127.0.0.1:50878 - "OPTIONS /api/contracts HTTP/1.1" 200 OK
INFO:     127.0.0.1:50886 - "GET /api/contracts HTTP/1.1" 307 Temporary Redirect
INFO:     127.0.0.1:50900 - "OPTIONS /api/catalog/labels HTTP/1.1" 200 OK
INFO:     127.0.0.1:50916 - "OPTIONS /api/catalog/publishers HTTP/1.1" 200 OK
INFO:     127.0.0.1:50926 - "OPTIONS /api/catalog/labels HTTP/1.1" 200 OK
INFO:     127.0.0.1:50940 - "OPTIONS /api/catalog/publishers HTTP/1.1" 200 OK
INFO:     127.0.0.1:50886 - "GET /api/contracts HTTP/1.1" 307 Temporary Redirect
2026-01-29 22:26:51,476 INFO sqlalchemy.engine.Engine BEGIN (implicit)
2026-01-29 22:26:51,477 INFO sqlalchemy.engine.Engine SELECT users.id AS users_id, users.email AS users_email, users.hashed_password AS users_hashed_password, users.full_name AS users_full_name, users.is_active AS users_is_active, users.is_superuser AS users_is_superuser, users.role AS users_role, users.created_at AS users_created_at, users.updated_at AS users_updated_at, users.last_login AS users_last_login 
FROM users 
WHERE users.email = ?
 LIMIT ? OFFSET ?
2026-01-29 22:26:51,477 INFO sqlalchemy.engine.Engine [cached since 411.8s ago] ('admin@otto.com', 1, 0)
2026-01-29 22:26:51,479 INFO sqlalchemy.engine.Engine SELECT artists.id AS artists_id, artists.artist_id AS artists_artist_id, artists.name AS artists_name, artists.aka AS artists_aka, artists.id_number AS artists_id_number, artists.ipi_number AS artists_ipi_number, artists.contact_email AS artists_contact_email, artists.contact_phone AS artists_contact_phone, artists.physical_address AS artists_physical_address, artists.banking_details AS artists_banking_details, artists.profile_image_url AS artists_profile_image_url, artists.streaming_links AS artists_streaming_links, artists.social_media AS artists_social_media, artists.label_id AS artists_label_id, artists.publisher_id AS artists_publisher_id, artists.pro_id AS artists_pro_id, artists.created_at AS artists_created_at, artists.updated_at AS artists_updated_at 
FROM artists
 LIMIT ? OFFSET ?
2026-01-29 22:26:51,479 INFO sqlalchemy.engine.Engine [cached since 104.4s ago] (100, 0)
2026-01-29 22:26:51,481 INFO sqlalchemy.engine.Engine ROLLBACK
INFO:     127.0.0.1:50878 - "GET /api/catalog/artists HTTP/1.1" 200 OK
INFO:     127.0.0.1:50900 - "OPTIONS /api/contracts/ HTTP/1.1" 200 OK
INFO:     127.0.0.1:50886 - "OPTIONS /api/contracts/ HTTP/1.1" 200 OK
2026-01-29 22:26:51,500 INFO sqlalchemy.engine.Engine BEGIN (implicit)
2026-01-29 22:26:51,501 INFO sqlalchemy.engine.Engine SELECT users.id AS users_id, users.email AS users_email, users.hashed_password AS users_hashed_password, users.full_name AS users_full_name, users.is_active AS users_is_active, users.is_superuser AS users_is_superuser, users.role AS users_role, users.created_at AS users_created_at, users.updated_at AS users_updated_at, users.last_login AS users_last_login 
FROM users 
WHERE users.email = ?
 LIMIT ? OFFSET ?
2026-01-29 22:26:51,502 INFO sqlalchemy.engine.Engine [cached since 411.9s ago] ('admin@otto.com', 1, 0)
2026-01-29 22:26:51,504 INFO sqlalchemy.engine.Engine BEGIN (implicit)
2026-01-29 22:26:51,511 INFO sqlalchemy.engine.Engine SELECT users.id AS users_id, users.email AS users_email, users.hashed_password AS users_hashed_password, users.full_name AS users_full_name, users.is_active AS users_is_active, users.is_superuser AS users_is_superuser, users.role AS users_role, users.created_at AS users_created_at, users.updated_at AS users_updated_at, users.last_login AS users_last_login 
FROM users 
WHERE users.email = ?
 LIMIT ? OFFSET ?
2026-01-29 22:26:51,509 INFO sqlalchemy.engine.Engine SELECT publishers.id AS publishers_id, publishers.publisher_id AS publishers_publisher_id, publishers.name AS publishers_name, publishers.address AS publishers_address, publishers.contact_email AS publishers_contact_email, publishers.contact_phone AS publishers_contact_phone, publishers.rights_type AS publishers_rights_type, publishers.artist_ids AS publishers_artist_ids, publishers.created_at AS publishers_created_at, publishers.updated_at AS publishers_updated_at 
FROM publishers
 LIMIT ? OFFSET ?
2026-01-29 22:26:51,512 INFO sqlalchemy.engine.Engine [generated in 0.00409s] (100, 0)
2026-01-29 22:26:51,511 INFO sqlalchemy.engine.Engine [cached since 411.9s ago] ('admin@otto.com', 1, 0)
2026-01-29 22:26:51,515 INFO sqlalchemy.engine.Engine BEGIN (implicit)
2026-01-29 22:26:51,517 INFO sqlalchemy.engine.Engine SELECT users.id AS users_id, users.email AS users_email, users.hashed_password AS users_hashed_password, users.full_name AS users_full_name, users.is_active AS users_is_active, users.is_superuser AS users_is_superuser, users.role AS users_role, users.created_at AS users_created_at, users.updated_at AS users_updated_at, users.last_login AS users_last_login 
FROM users 
WHERE users.email = ?
 LIMIT ? OFFSET ?
2026-01-29 22:26:51,517 INFO sqlalchemy.engine.Engine [cached since 411.9s ago] ('admin@otto.com', 1, 0)
2026-01-29 22:26:51,519 INFO sqlalchemy.engine.Engine BEGIN (implicit)
2026-01-29 22:26:51,520 INFO sqlalchemy.engine.Engine SELECT users.id AS users_id, users.email AS users_email, users.hashed_password AS users_hashed_password, users.full_name AS users_full_name, users.is_active AS users_is_active, users.is_superuser AS users_is_superuser, users.role AS users_role, users.created_at AS users_created_at, users.updated_at AS users_updated_at, users.last_login AS users_last_login 
FROM users 
WHERE users.email = ?
 LIMIT ? OFFSET ?
2026-01-29 22:26:51,520 INFO sqlalchemy.engine.Engine [cached since 411.9s ago] ('admin@otto.com', 1, 0)
2026-01-29 22:26:51,522 INFO sqlalchemy.engine.Engine SELECT artists.id AS artists_id, artists.artist_id AS artists_artist_id, artists.name AS artists_name, artists.aka AS artists_aka, artists.id_number AS artists_id_number, artists.ipi_number AS artists_ipi_number, artists.contact_email AS artists_contact_email, artists.contact_phone AS artists_contact_phone, artists.physical_address AS artists_physical_address, artists.banking_details AS artists_banking_details, artists.profile_image_url AS artists_profile_image_url, artists.streaming_links AS artists_streaming_links, artists.social_media AS artists_social_media, artists.label_id AS artists_label_id, artists.publisher_id AS artists_publisher_id, artists.pro_id AS artists_pro_id, artists.created_at AS artists_created_at, artists.updated_at AS artists_updated_at 
FROM artists
 LIMIT ? OFFSET ?
2026-01-29 22:26:51,527 INFO sqlalchemy.engine.Engine SELECT labels.id AS labels_id, labels.label_id AS labels_label_id, labels.name AS labels_name, labels.address AS labels_address, labels.contact_email AS labels_contact_email, labels.contact_phone AS labels_contact_phone, labels.website AS labels_website, labels.artist_ids AS labels_artist_ids, labels.created_at AS labels_created_at, labels.updated_at AS labels_updated_at 
FROM labels
 LIMIT ? OFFSET ?
2026-01-29 22:26:51,531 INFO sqlalchemy.engine.Engine [generated in 0.00511s] (100, 0)
2026-01-29 22:26:51,531 INFO sqlalchemy.engine.Engine SELECT contracts.id AS contracts_id, contracts.contract_id AS contracts_contract_id, contracts.artist_id AS contracts_artist_id, contracts.label_id AS contracts_label_id, contracts.publisher_id AS contracts_publisher_id, contracts.start_date AS contracts_start_date, contracts.end_date AS contracts_end_date, contracts.royalty_rate AS contracts_royalty_rate, contracts.terms AS contracts_terms, contracts.file_path AS contracts_file_path, contracts.status AS contracts_status, contracts.title AS contracts_title, contracts.is_template AS contracts_is_template, contracts.created_at AS contracts_created_at, contracts.updated_at AS contracts_updated_at 
FROM contracts
 LIMIT ? OFFSET ?
2026-01-29 22:26:51,527 INFO sqlalchemy.engine.Engine [cached since 104.4s ago] (100, 0)
2026-01-29 22:26:51,532 INFO sqlalchemy.engine.Engine [generated in 0.00118s] (100, 0)
2026-01-29 22:26:51,532 INFO sqlalchemy.engine.Engine ROLLBACK
INFO:     127.0.0.1:50916 - "GET /api/catalog/publishers HTTP/1.1" 200 OK
2026-01-29 22:26:51,535 INFO sqlalchemy.engine.Engine ROLLBACK
2026-01-29 22:26:51,537 INFO sqlalchemy.engine.Engine ROLLBACK
2026-01-29 22:26:51,538 INFO sqlalchemy.engine.Engine ROLLBACK
INFO:     127.0.0.1:50926 - "GET /api/catalog/labels HTTP/1.1" 200 OK
INFO:     127.0.0.1:50940 - "GET /api/catalog/artists HTTP/1.1" 200 OK
INFO:     127.0.0.1:50878 - "GET /api/contracts/ HTTP/1.1" 200 OK
2026-01-29 22:26:51,545 INFO sqlalchemy.engine.Engine BEGIN (implicit)
2026-01-29 22:26:51,545 INFO sqlalchemy.engine.Engine SELECT users.id AS users_id, users.email AS users_email, users.hashed_password AS users_hashed_password, users.full_name AS users_full_name, users.is_active AS users_is_active, users.is_superuser AS users_is_superuser, users.role AS users_role, users.created_at AS users_created_at, users.updated_at AS users_updated_at, users.last_login AS users_last_login 
FROM users 
WHERE users.email = ?
 LIMIT ? OFFSET ?
2026-01-29 22:26:51,546 INFO sqlalchemy.engine.Engine [cached since 411.9s ago] ('admin@otto.com', 1, 0)
2026-01-29 22:26:51,547 INFO sqlalchemy.engine.Engine SELECT publishers.id AS publishers_id, publishers.publisher_id AS publishers_publisher_id, publishers.name AS publishers_name, publishers.address AS publishers_address, publishers.contact_email AS publishers_contact_email, publishers.contact_phone AS publishers_contact_phone, publishers.rights_type AS publishers_rights_type, publishers.artist_ids AS publishers_artist_ids, publishers.created_at AS publishers_created_at, publishers.updated_at AS publishers_updated_at 
FROM publishers
 LIMIT ? OFFSET ?
2026-01-29 22:26:51,547 INFO sqlalchemy.engine.Engine [cached since 0.03998s ago] (100, 0)
2026-01-29 22:26:51,551 INFO sqlalchemy.engine.Engine BEGIN (implicit)
2026-01-29 22:26:51,551 INFO sqlalchemy.engine.Engine SELECT users.id AS users_id, users.email AS users_email, users.hashed_password AS users_hashed_password, users.full_name AS users_full_name, users.is_active AS users_is_active, users.is_superuser AS users_is_superuser, users.role AS users_role, users.created_at AS users_created_at, users.updated_at AS users_updated_at, users.last_login AS users_last_login 
FROM users 
WHERE users.email = ?
 LIMIT ? OFFSET ?
2026-01-29 22:26:51,552 INFO sqlalchemy.engine.Engine [cached since 411.9s ago] ('admin@otto.com', 1, 0)
2026-01-29 22:26:51,553 INFO sqlalchemy.engine.Engine BEGIN (implicit)
2026-01-29 22:26:51,553 INFO sqlalchemy.engine.Engine SELECT users.id AS users_id, users.email AS users_email, users.hashed_password AS users_hashed_password, users.full_name AS users_full_name, users.is_active AS users_is_active, users.is_superuser AS users_is_superuser, users.role AS users_role, users.created_at AS users_created_at, users.updated_at AS users_updated_at, users.last_login AS users_last_login 
FROM users 
WHERE users.email = ?
 LIMIT ? OFFSET ?
2026-01-29 22:26:51,553 INFO sqlalchemy.engine.Engine [cached since 411.9s ago] ('admin@otto.com', 1, 0)
2026-01-29 22:26:51,555 INFO sqlalchemy.engine.Engine SELECT labels.id AS labels_id, labels.label_id AS labels_label_id, labels.name AS labels_name, labels.address AS labels_address, labels.contact_email AS labels_contact_email, labels.contact_phone AS labels_contact_phone, labels.website AS labels_website, labels.artist_ids AS labels_artist_ids, labels.created_at AS labels_created_at, labels.updated_at AS labels_updated_at 
FROM labels
 LIMIT ? OFFSET ?
2026-01-29 22:26:51,556 INFO sqlalchemy.engine.Engine SELECT contracts.id AS contracts_id, contracts.contract_id AS contracts_contract_id, contracts.artist_id AS contracts_artist_id, contracts.label_id AS contracts_label_id, contracts.publisher_id AS contracts_publisher_id, contracts.start_date AS contracts_start_date, contracts.end_date AS contracts_end_date, contracts.royalty_rate AS contracts_royalty_rate, contracts.terms AS contracts_terms, contracts.file_path AS contracts_file_path, contracts.status AS contracts_status, contracts.title AS contracts_title, contracts.is_template AS contracts_is_template, contracts.created_at AS contracts_created_at, contracts.updated_at AS contracts_updated_at 
FROM contracts
 LIMIT ? OFFSET ?
2026-01-29 22:26:51,557 INFO sqlalchemy.engine.Engine ROLLBACK
2026-01-29 22:26:51,557 INFO sqlalchemy.engine.Engine [cached since 0.03137s ago] (100, 0)
2026-01-29 22:26:51,557 INFO sqlalchemy.engine.Engine [cached since 0.02679s ago] (100, 0)
INFO:     127.0.0.1:50916 - "GET /api/catalog/publishers HTTP/1.1" 200 OK
2026-01-29 22:26:51,563 INFO sqlalchemy.engine.Engine ROLLBACK
INFO:     127.0.0.1:50878 - "GET /api/catalog/labels HTTP/1.1" 200 OK
2026-01-29 22:26:51,564 INFO sqlalchemy.engine.Engine ROLLBACK
INFO:     127.0.0.1:50940 - "GET /api/contracts/ HTTP/1.1" 200 OK
INFO:     127.0.0.1:53458 - "OPTIONS /api/contracts HTTP/1.1" 200 OK
INFO:     127.0.0.1:53472 - "POST /api/contracts HTTP/1.1" 307 Temporary Redirect
INFO:     127.0.0.1:53458 - "OPTIONS /api/contracts/ HTTP/1.1" 200 OK
2026-01-29 22:27:20,388 INFO sqlalchemy.engine.Engine BEGIN (implicit)
2026-01-29 22:27:20,389 INFO sqlalchemy.engine.Engine SELECT users.id AS users_id, users.email AS users_email, users.hashed_password AS users_hashed_password, users.full_name AS users_full_name, users.is_active AS users_is_active, users.is_superuser AS users_is_superuser, users.role AS users_role, users.created_at AS users_created_at, users.updated_at AS users_updated_at, users.last_login AS users_last_login 
FROM users 
WHERE users.email = ?
 LIMIT ? OFFSET ?
2026-01-29 22:27:20,390 INFO sqlalchemy.engine.Engine [cached since 440.7s ago] ('admin@otto.com', 1, 0)
2026-01-29 22:27:20,401 INFO sqlalchemy.engine.Engine INSERT INTO contracts (contract_id, artist_id, label_id, publisher_id, start_date, end_date, royalty_rate, terms, file_path, status, title, is_template, updated_at) VALUES (?, ?, ?, ?, ?, ?, ?, ?, ?, ?, ?, ?, ?) RETURNING id, created_at
2026-01-29 22:27:20,402 INFO sqlalchemy.engine.Engine [generated in 0.00033s] ('1', None, None, None, None, None, None, '', '', 'Draft', 'Sample Contract 1', 0, None)
2026-01-29 22:27:20,403 INFO sqlalchemy.engine.Engine COMMIT
2026-01-29 22:27:20,419 INFO sqlalchemy.engine.Engine BEGIN (implicit)
2026-01-29 22:27:20,421 INFO sqlalchemy.engine.Engine SELECT contracts.id, contracts.contract_id, contracts.artist_id, contracts.label_id, contracts.publisher_id, contracts.start_date, contracts.end_date, contracts.royalty_rate, contracts.terms, contracts.file_path, contracts.status, contracts.title, contracts.is_template, contracts.created_at, contracts.updated_at 
FROM contracts 
WHERE contracts.id = ?
2026-01-29 22:27:20,421 INFO sqlalchemy.engine.Engine [generated in 0.00039s] (1,)
2026-01-29 22:27:20,424 INFO sqlalchemy.engine.Engine ROLLBACK
INFO:     127.0.0.1:53472 - "POST /api/contracts/ HTTP/1.1" 201 Created
INFO:     127.0.0.1:53472 - "GET /api/contracts HTTP/1.1" 307 Temporary Redirect
2026-01-29 22:27:20,455 INFO sqlalchemy.engine.Engine BEGIN (implicit)
2026-01-29 22:27:20,457 INFO sqlalchemy.engine.Engine SELECT users.id AS users_id, users.email AS users_email, users.hashed_password AS users_hashed_password, users.full_name AS users_full_name, users.is_active AS users_is_active, users.is_superuser AS users_is_superuser, users.role AS users_role, users.created_at AS users_created_at, users.updated_at AS users_updated_at, users.last_login AS users_last_login 
FROM users 
WHERE users.email = ?
 LIMIT ? OFFSET ?
2026-01-29 22:27:20,458 INFO sqlalchemy.engine.Engine [cached since 440.8s ago] ('admin@otto.com', 1, 0)
2026-01-29 22:27:20,465 INFO sqlalchemy.engine.Engine SELECT artists.id AS artists_id, artists.artist_id AS artists_artist_id, artists.name AS artists_name, artists.aka AS artists_aka, artists.id_number AS artists_id_number, artists.ipi_number AS artists_ipi_number, artists.contact_email AS artists_contact_email, artists.contact_phone AS artists_contact_phone, artists.physical_address AS artists_physical_address, artists.banking_details AS artists_banking_details, artists.profile_image_url AS artists_profile_image_url, artists.streaming_links AS artists_streaming_links, artists.social_media AS artists_social_media, artists.label_id AS artists_label_id, artists.publisher_id AS artists_publisher_id, artists.pro_id AS artists_pro_id, artists.created_at AS artists_created_at, artists.updated_at AS artists_updated_at 
FROM artists
 LIMIT ? OFFSET ?
2026-01-29 22:27:20,465 INFO sqlalchemy.engine.Engine [cached since 133.3s ago] (100, 0)
2026-01-29 22:27:20,471 INFO sqlalchemy.engine.Engine BEGIN (implicit)
2026-01-29 22:27:20,472 INFO sqlalchemy.engine.Engine SELECT users.id AS users_id, users.email AS users_email, users.hashed_password AS users_hashed_password, users.full_name AS users_full_name, users.is_active AS users_is_active, users.is_superuser AS users_is_superuser, users.role AS users_role, users.created_at AS users_created_at, users.updated_at AS users_updated_at, users.last_login AS users_last_login 
FROM users 
WHERE users.email = ?
 LIMIT ? OFFSET ?
2026-01-29 22:27:20,473 INFO sqlalchemy.engine.Engine [cached since 440.8s ago] ('admin@otto.com', 1, 0)
2026-01-29 22:27:20,477 INFO sqlalchemy.engine.Engine BEGIN (implicit)
2026-01-29 22:27:20,479 INFO sqlalchemy.engine.Engine SELECT users.id AS users_id, users.email AS users_email, users.hashed_password AS users_hashed_password, users.full_name AS users_full_name, users.is_active AS users_is_active, users.is_superuser AS users_is_superuser, users.role AS users_role, users.created_at AS users_created_at, users.updated_at AS users_updated_at, users.last_login AS users_last_login 
FROM users 
WHERE users.email = ?
 LIMIT ? OFFSET ?
2026-01-29 22:27:20,480 INFO sqlalchemy.engine.Engine [cached since 440.8s ago] ('admin@otto.com', 1, 0)
2026-01-29 22:27:20,484 INFO sqlalchemy.engine.Engine ROLLBACK
2026-01-29 22:27:20,485 INFO sqlalchemy.engine.Engine SELECT publishers.id AS publishers_id, publishers.publisher_id AS publishers_publisher_id, publishers.name AS publishers_name, publishers.address AS publishers_address, publishers.contact_email AS publishers_contact_email, publishers.contact_phone AS publishers_contact_phone, publishers.rights_type AS publishers_rights_type, publishers.artist_ids AS publishers_artist_ids, publishers.created_at AS publishers_created_at, publishers.updated_at AS publishers_updated_at 
FROM publishers
 LIMIT ? OFFSET ?
INFO:     127.0.0.1:53458 - "GET /api/catalog/artists HTTP/1.1" 200 OK
2026-01-29 22:27:20,485 INFO sqlalchemy.engine.Engine SELECT labels.id AS labels_id, labels.label_id AS labels_label_id, labels.name AS labels_name, labels.address AS labels_address, labels.contact_email AS labels_contact_email, labels.contact_phone AS labels_contact_phone, labels.website AS labels_website, labels.artist_ids AS labels_artist_ids, labels.created_at AS labels_created_at, labels.updated_at AS labels_updated_at 
FROM labels
 LIMIT ? OFFSET ?
2026-01-29 22:27:20,486 INFO sqlalchemy.engine.Engine [cached since 28.98s ago] (100, 0)
2026-01-29 22:27:20,487 INFO sqlalchemy.engine.Engine [cached since 28.96s ago] (100, 0)
2026-01-29 22:27:20,491 INFO sqlalchemy.engine.Engine ROLLBACK
INFO:     127.0.0.1:53476 - "GET /api/catalog/publishers HTTP/1.1" 200 OK
2026-01-29 22:27:20,497 INFO sqlalchemy.engine.Engine ROLLBACK
INFO:     127.0.0.1:53472 - "GET /api/catalog/labels HTTP/1.1" 200 OK
2026-01-29 22:27:20,512 INFO sqlalchemy.engine.Engine BEGIN (implicit)
2026-01-29 22:27:20,512 INFO sqlalchemy.engine.Engine SELECT users.id AS users_id, users.email AS users_email, users.hashed_password AS users_hashed_password, users.full_name AS users_full_name, users.is_active AS users_is_active, users.is_superuser AS users_is_superuser, users.role AS users_role, users.created_at AS users_created_at, users.updated_at AS users_updated_at, users.last_login AS users_last_login 
FROM users 
WHERE users.email = ?
 LIMIT ? OFFSET ?
2026-01-29 22:27:20,512 INFO sqlalchemy.engine.Engine [cached since 440.9s ago] ('admin@otto.com', 1, 0)
2026-01-29 22:27:20,513 INFO sqlalchemy.engine.Engine SELECT contracts.id AS contracts_id, contracts.contract_id AS contracts_contract_id, contracts.artist_id AS contracts_artist_id, contracts.label_id AS contracts_label_id, contracts.publisher_id AS contracts_publisher_id, contracts.start_date AS contracts_start_date, contracts.end_date AS contracts_end_date, contracts.royalty_rate AS contracts_royalty_rate, contracts.terms AS contracts_terms, contracts.file_path AS contracts_file_path, contracts.status AS contracts_status, contracts.title AS contracts_title, contracts.is_template AS contracts_is_template, contracts.created_at AS contracts_created_at, contracts.updated_at AS contracts_updated_at 
FROM contracts
 LIMIT ? OFFSET ?
2026-01-29 22:27:20,513 INFO sqlalchemy.engine.Engine [cached since 28.98s ago] (100, 0)
2026-01-29 22:27:20,515 INFO sqlalchemy.engine.Engine ROLLBACK
INFO:     127.0.0.1:53472 - "GET /api/contracts/ HTTP/1.1" 200 OK
2026-01-29 22:27:25,113 INFO sqlalchemy.engine.Engine BEGIN (implicit)
2026-01-29 22:27:25,113 INFO sqlalchemy.engine.Engine SELECT users.id AS users_id, users.email AS users_email, users.hashed_password AS users_hashed_password, users.full_name AS users_full_name, users.is_active AS users_is_active, users.is_superuser AS users_is_superuser, users.role AS users_role, users.created_at AS users_created_at, users.updated_at AS users_updated_at, users.last_login AS users_last_login 
FROM users 
WHERE users.email = ?
 LIMIT ? OFFSET ?
2026-01-29 22:27:25,114 INFO sqlalchemy.engine.Engine [cached since 445.5s ago] ('admin@otto.com', 1, 0)
2026-01-29 22:27:25,120 INFO sqlalchemy.engine.Engine SELECT count(*) AS count_1 
FROM (SELECT artists.id AS artists_id, artists.artist_id AS artists_artist_id, artists.name AS artists_name, artists.aka AS artists_aka, artists.id_number AS artists_id_number, artists.ipi_number AS artists_ipi_number, artists.contact_email AS artists_contact_email, artists.contact_phone AS artists_contact_phone, artists.physical_address AS artists_physical_address, artists.banking_details AS artists_banking_details, artists.profile_image_url AS artists_profile_image_url, artists.streaming_links AS artists_streaming_links, artists.social_media AS artists_social_media, artists.label_id AS artists_label_id, artists.publisher_id AS artists_publisher_id, artists.pro_id AS artists_pro_id, artists.created_at AS artists_created_at, artists.updated_at AS artists_updated_at 
FROM artists) AS anon_1
2026-01-29 22:27:25,122 INFO sqlalchemy.engine.Engine BEGIN (implicit)
2026-01-29 22:27:25,123 INFO sqlalchemy.engine.Engine [cached since 444.1s ago] ()
2026-01-29 22:27:25,124 INFO sqlalchemy.engine.Engine SELECT users.id AS users_id, users.email AS users_email, users.hashed_password AS users_hashed_password, users.full_name AS users_full_name, users.is_active AS users_is_active, users.is_superuser AS users_is_superuser, users.role AS users_role, users.created_at AS users_created_at, users.updated_at AS users_updated_at, users.last_login AS users_last_login 
FROM users 
WHERE users.email = ?
 LIMIT ? OFFSET ?
2026-01-29 22:27:25,125 INFO sqlalchemy.engine.Engine SELECT count(*) AS count_1 
FROM (SELECT releases.id AS releases_id, releases.release_id AS releases_release_id, releases.title AS releases_title, releases.upc_code AS releases_upc_code, releases.release_date AS releases_release_date, releases.release_type AS releases_release_type, releases.cover_art_url AS releases_cover_art_url, releases.label_id AS releases_label_id, releases.artist_id AS releases_artist_id, releases.distributor_id AS releases_distributor_id, releases.created_at AS releases_created_at, releases.updated_at AS releases_updated_at 
FROM releases) AS anon_1
2026-01-29 22:27:25,126 INFO sqlalchemy.engine.Engine [cached since 444s ago] ()
2026-01-29 22:27:25,126 INFO sqlalchemy.engine.Engine [cached since 445.5s ago] ('admin@otto.com', 1, 0)
2026-01-29 22:27:25,132 INFO sqlalchemy.engine.Engine SELECT count(*) AS count_1 
FROM (SELECT works.id AS works_id, works.work_id AS works_work_id, works.title AS works_title, works.iswc_code AS works_iswc_code, works.composers AS works_composers, works.composers_text AS works_composers_text, works.arrangers AS works_arrangers, works.arrangers_text AS works_arrangers_text, works.publisher_id AS works_publisher_id, works.pro_id AS works_pro_id, works.created_at AS works_created_at, works.updated_at AS works_updated_at 
FROM works) AS anon_1
2026-01-29 22:27:25,132 INFO sqlalchemy.engine.Engine [cached since 444s ago] ()
2026-01-29 22:27:25,135 INFO sqlalchemy.engine.Engine BEGIN (implicit)
2026-01-29 22:27:25,135 INFO sqlalchemy.engine.Engine SELECT users.id AS users_id, users.email AS users_email, users.hashed_password AS users_hashed_password, users.full_name AS users_full_name, users.is_active AS users_is_active, users.is_superuser AS users_is_superuser, users.role AS users_role, users.created_at AS users_created_at, users.updated_at AS users_updated_at, users.last_login AS users_last_login 
FROM users 
WHERE users.email = ?
 LIMIT ? OFFSET ?
2026-01-29 22:27:25,136 INFO sqlalchemy.engine.Engine SELECT count(*) AS count_1 
FROM (SELECT contracts.id AS contracts_id, contracts.contract_id AS contracts_contract_id, contracts.artist_id AS contracts_artist_id, contracts.label_id AS contracts_label_id, contracts.publisher_id AS contracts_publisher_id, contracts.start_date AS contracts_start_date, contracts.end_date AS contracts_end_date, contracts.royalty_rate AS contracts_royalty_rate, contracts.terms AS contracts_terms, contracts.file_path AS contracts_file_path, contracts.status AS contracts_status, contracts.title AS contracts_title, contracts.is_template AS contracts_is_template, contracts.created_at AS contracts_created_at, contracts.updated_at AS contracts_updated_at 
FROM contracts 
WHERE contracts.end_date >= ? OR contracts.end_date IS NULL) AS anon_1
2026-01-29 22:27:25,136 INFO sqlalchemy.engine.Engine [cached since 445.5s ago] ('admin@otto.com', 1, 0)
2026-01-29 22:27:25,136 INFO sqlalchemy.engine.Engine [cached since 444s ago] ('2026-01-29',)
2026-01-29 22:27:25,138 INFO sqlalchemy.engine.Engine SELECT count(*) AS count_1 
FROM (SELECT works.id AS works_id, works.work_id AS works_work_id, works.title AS works_title, works.iswc_code AS works_iswc_code, works.composers AS works_composers, works.composers_text AS works_composers_text, works.arrangers AS works_arrangers, works.arrangers_text AS works_arrangers_text, works.publisher_id AS works_publisher_id, works.pro_id AS works_pro_id, works.created_at AS works_created_at, works.updated_at AS works_updated_at 
FROM works) AS anon_1
2026-01-29 22:27:25,138 INFO sqlalchemy.engine.Engine [cached since 444s ago] ()
2026-01-29 22:27:25,139 INFO sqlalchemy.engine.Engine SELECT count(*) AS count_1 
FROM (SELECT releases.id AS releases_id, releases.release_id AS releases_release_id, releases.title AS releases_title, releases.upc_code AS releases_upc_code, releases.release_date AS releases_release_date, releases.release_type AS releases_release_type, releases.cover_art_url AS releases_cover_art_url, releases.label_id AS releases_label_id, releases.artist_id AS releases_artist_id, releases.distributor_id AS releases_distributor_id, releases.created_at AS releases_created_at, releases.updated_at AS releases_updated_at 
FROM releases) AS anon_1
2026-01-29 22:27:25,140 INFO sqlalchemy.engine.Engine [cached since 444s ago] ()
2026-01-29 22:27:25,140 INFO sqlalchemy.engine.Engine SELECT events.id AS events_id, events.title AS events_title, events.description AS events_description, events.start_datetime AS events_start_datetime, events.end_datetime AS events_end_datetime, events.all_day AS events_all_day, events.category AS events_category, events.color AS events_color, events.location AS events_location, events.recurrence_rule AS events_recurrence_rule, events.recurrence_end_date AS events_recurrence_end_date, events.reminder_minutes AS events_reminder_minutes, events.related_entity_type AS events_related_entity_type, events.related_entity_id AS events_related_entity_id, events.created_by AS events_created_by, events.created_at AS events_created_at, events.updated_at AS events_updated_at 
FROM events 
WHERE events.start_datetime >= ? ORDER BY events.start_datetime
 LIMIT ? OFFSET ?
2026-01-29 22:27:25,141 INFO sqlalchemy.engine.Engine BEGIN (implicit)
2026-01-29 22:27:25,141 INFO sqlalchemy.engine.Engine [cached since 444s ago] ('2026-01-29 22:27:25.140173', 5, 0)
2026-01-29 22:27:25,142 INFO sqlalchemy.engine.Engine SELECT count(*) AS count_1 
FROM (SELECT artists.id AS artists_id, artists.artist_id AS artists_artist_id, artists.name AS artists_name, artists.aka AS artists_aka, artists.id_number AS artists_id_number, artists.ipi_number AS artists_ipi_number, artists.contact_email AS artists_contact_email, artists.contact_phone AS artists_contact_phone, artists.physical_address AS artists_physical_address, artists.banking_details AS artists_banking_details, artists.profile_image_url AS artists_profile_image_url, artists.streaming_links AS artists_streaming_links, artists.social_media AS artists_social_media, artists.label_id AS artists_label_id, artists.publisher_id AS artists_publisher_id, artists.pro_id AS artists_pro_id, artists.created_at AS artists_created_at, artists.updated_at AS artists_updated_at 
FROM artists) AS anon_1
2026-01-29 22:27:25,143 INFO sqlalchemy.engine.Engine [cached since 444.1s ago] ()
2026-01-29 22:27:25,143 INFO sqlalchemy.engine.Engine SELECT users.id AS users_id, users.email AS users_email, users.hashed_password AS users_hashed_password, users.full_name AS users_full_name, users.is_active AS users_is_active, users.is_superuser AS users_is_superuser, users.role AS users_role, users.created_at AS users_created_at, users.updated_at AS users_updated_at, users.last_login AS users_last_login 
FROM users 
WHERE users.email = ?
 LIMIT ? OFFSET ?
2026-01-29 22:27:25,143 INFO sqlalchemy.engine.Engine [cached since 445.5s ago] ('admin@otto.com', 1, 0)
2026-01-29 22:27:25,148 INFO sqlalchemy.engine.Engine BEGIN (implicit)
2026-01-29 22:27:25,148 INFO sqlalchemy.engine.Engine SELECT users.id AS users_id, users.email AS users_email, users.hashed_password AS users_hashed_password, users.full_name AS users_full_name, users.is_active AS users_is_active, users.is_superuser AS users_is_superuser, users.role AS users_role, users.created_at AS users_created_at, users.updated_at AS users_updated_at, users.last_login AS users_last_login 
FROM users 
WHERE users.email = ?
 LIMIT ? OFFSET ?
2026-01-29 22:27:25,149 INFO sqlalchemy.engine.Engine [cached since 445.5s ago] ('admin@otto.com', 1, 0)
2026-01-29 22:27:25,151 INFO sqlalchemy.engine.Engine BEGIN (implicit)
2026-01-29 22:27:25,151 INFO sqlalchemy.engine.Engine SELECT users.id AS users_id, users.email AS users_email, users.hashed_password AS users_hashed_password, users.full_name AS users_full_name, users.is_active AS users_is_active, users.is_superuser AS users_is_superuser, users.role AS users_role, users.created_at AS users_created_at, users.updated_at AS users_updated_at, users.last_login AS users_last_login 
FROM users 
WHERE users.email = ?
 LIMIT ? OFFSET ?
2026-01-29 22:27:25,151 INFO sqlalchemy.engine.Engine [cached since 445.5s ago] ('admin@otto.com', 1, 0)
2026-01-29 22:27:25,153 INFO sqlalchemy.engine.Engine SELECT releases.id AS releases_id, releases.release_id AS releases_release_id, releases.title AS releases_title, releases.upc_code AS releases_upc_code, releases.release_date AS releases_release_date, releases.release_type AS releases_release_type, releases.cover_art_url AS releases_cover_art_url, releases.label_id AS releases_label_id, releases.artist_id AS releases_artist_id, releases.distributor_id AS releases_distributor_id, releases.created_at AS releases_created_at, releases.updated_at AS releases_updated_at 
FROM releases ORDER BY releases.release_date DESC
 LIMIT ? OFFSET ?
2026-01-29 22:27:25,155 INFO sqlalchemy.engine.Engine [cached since 444s ago] (1, 0)
2026-01-29 22:27:25,154 INFO sqlalchemy.engine.Engine SELECT activities.id AS activities_id, activities.user_id AS activities_user_id, activities.action AS activities_action, activities.entity_type AS activities_entity_type, activities.entity_id AS activities_entity_id, activities.entity_name AS activities_entity_name, activities.timestamp AS activities_timestamp 
FROM activities 
WHERE activities.user_id = ? ORDER BY activities.timestamp DESC
 LIMIT ? OFFSET ?
2026-01-29 22:27:25,155 INFO sqlalchemy.engine.Engine ROLLBACK
2026-01-29 22:27:25,155 INFO sqlalchemy.engine.Engine ROLLBACK
INFO:     127.0.0.1:53472 - "GET /api/analytics/kpi HTTP/1.1" 200 OK
2026-01-29 22:27:25,155 INFO sqlalchemy.engine.Engine ROLLBACK
INFO:     127.0.0.1:53476 - "GET /api/analytics/catalog-growth HTTP/1.1" 200 OK
2026-01-29 22:27:25,155 INFO sqlalchemy.engine.Engine SELECT count(*) AS count_1 
FROM (SELECT contracts.id AS contracts_id, contracts.contract_id AS contracts_contract_id, contracts.artist_id AS contracts_artist_id, contracts.label_id AS contracts_label_id, contracts.publisher_id AS contracts_publisher_id, contracts.start_date AS contracts_start_date, contracts.end_date AS contracts_end_date, contracts.royalty_rate AS contracts_royalty_rate, contracts.terms AS contracts_terms, contracts.file_path AS contracts_file_path, contracts.status AS contracts_status, contracts.title AS contracts_title, contracts.is_template AS contracts_is_template, contracts.created_at AS contracts_created_at, contracts.updated_at AS contracts_updated_at 
FROM contracts 
WHERE contracts.end_date >= ? OR contracts.end_date IS NULL) AS anon_1
INFO:     127.0.0.1:53458 - "GET /api/analytics/upcoming-events?limit=5 HTTP/1.1" 200 OK
2026-01-29 22:27:25,155 INFO sqlalchemy.engine.Engine [cached since 444s ago] (1, 10, 0)
2026-01-29 22:27:25,157 INFO sqlalchemy.engine.Engine ROLLBACK
INFO:     127.0.0.1:53500 - "GET /api/analytics/latest-release HTTP/1.1" 200 OK
2026-01-29 22:27:25,157 INFO sqlalchemy.engine.Engine [cached since 444s ago] ('2026-01-29',)
2026-01-29 22:27:25,160 INFO sqlalchemy.engine.Engine ROLLBACK
INFO:     127.0.0.1:53490 - "GET /api/analytics/recent-activity?limit=10 HTTP/1.1" 200 OK
2026-01-29 22:27:25,164 INFO sqlalchemy.engine.Engine ROLLBACK
INFO:     127.0.0.1:53508 - "GET /api/analytics/pending-contracts HTTP/1.1" 200 OK
2026-01-29 22:27:25,172 INFO sqlalchemy.engine.Engine BEGIN (implicit)
2026-01-29 22:27:25,173 INFO sqlalchemy.engine.Engine SELECT users.id AS users_id, users.email AS users_email, users.hashed_password AS users_hashed_password, users.full_name AS users_full_name, users.is_active AS users_is_active, users.is_superuser AS users_is_superuser, users.role AS users_role, users.created_at AS users_created_at, users.updated_at AS users_updated_at, users.last_login AS users_last_login 
FROM users 
WHERE users.email = ?
 LIMIT ? OFFSET ?
2026-01-29 22:27:25,173 INFO sqlalchemy.engine.Engine [cached since 445.5s ago] ('admin@otto.com', 1, 0)
2026-01-29 22:27:25,177 INFO sqlalchemy.engine.Engine BEGIN (implicit)
2026-01-29 22:27:25,180 INFO sqlalchemy.engine.Engine SELECT count(*) AS count_1 
FROM (SELECT artists.id AS artists_id, artists.artist_id AS artists_artist_id, artists.name AS artists_name, artists.aka AS artists_aka, artists.id_number AS artists_id_number, artists.ipi_number AS artists_ipi_number, artists.contact_email AS artists_contact_email, artists.contact_phone AS artists_contact_phone, artists.physical_address AS artists_physical_address, artists.banking_details AS artists_banking_details, artists.profile_image_url AS artists_profile_image_url, artists.streaming_links AS artists_streaming_links, artists.social_media AS artists_social_media, artists.label_id AS artists_label_id, artists.publisher_id AS artists_publisher_id, artists.pro_id AS artists_pro_id, artists.created_at AS artists_created_at, artists.updated_at AS artists_updated_at 
FROM artists) AS anon_1
2026-01-29 22:27:25,181 INFO sqlalchemy.engine.Engine SELECT users.id AS users_id, users.email AS users_email, users.hashed_password AS users_hashed_password, users.full_name AS users_full_name, users.is_active AS users_is_active, users.is_superuser AS users_is_superuser, users.role AS users_role, users.created_at AS users_created_at, users.updated_at AS users_updated_at, users.last_login AS users_last_login 
FROM users 
WHERE users.email = ?
 LIMIT ? OFFSET ?
2026-01-29 22:27:25,181 INFO sqlalchemy.engine.Engine [cached since 444.1s ago] ()
2026-01-29 22:27:25,181 INFO sqlalchemy.engine.Engine [cached since 445.5s ago] ('admin@otto.com', 1, 0)
2026-01-29 22:27:25,182 INFO sqlalchemy.engine.Engine SELECT count(*) AS count_1 
FROM (SELECT releases.id AS releases_id, releases.release_id AS releases_release_id, releases.title AS releases_title, releases.upc_code AS releases_upc_code, releases.release_date AS releases_release_date, releases.release_type AS releases_release_type, releases.cover_art_url AS releases_cover_art_url, releases.label_id AS releases_label_id, releases.artist_id AS releases_artist_id, releases.distributor_id AS releases_distributor_id, releases.created_at AS releases_created_at, releases.updated_at AS releases_updated_at 
FROM releases) AS anon_1
2026-01-29 22:27:25,186 INFO sqlalchemy.engine.Engine BEGIN (implicit)
2026-01-29 22:27:25,186 INFO sqlalchemy.engine.Engine [cached since 444.1s ago] ()
2026-01-29 22:27:25,186 INFO sqlalchemy.engine.Engine SELECT users.id AS users_id, users.email AS users_email, users.hashed_password AS users_hashed_password, users.full_name AS users_full_name, users.is_active AS users_is_active, users.is_superuser AS users_is_superuser, users.role AS users_role, users.created_at AS users_created_at, users.updated_at AS users_updated_at, users.last_login AS users_last_login 
FROM users 
WHERE users.email = ?
 LIMIT ? OFFSET ?
2026-01-29 22:27:25,187 INFO sqlalchemy.engine.Engine [cached since 445.5s ago] ('admin@otto.com', 1, 0)
2026-01-29 22:27:25,188 INFO sqlalchemy.engine.Engine BEGIN (implicit)
2026-01-29 22:27:25,189 INFO sqlalchemy.engine.Engine SELECT count(*) AS count_1 
FROM (SELECT works.id AS works_id, works.work_id AS works_work_id, works.title AS works_title, works.iswc_code AS works_iswc_code, works.composers AS works_composers, works.composers_text AS works_composers_text, works.arrangers AS works_arrangers, works.arrangers_text AS works_arrangers_text, works.publisher_id AS works_publisher_id, works.pro_id AS works_pro_id, works.created_at AS works_created_at, works.updated_at AS works_updated_at 
FROM works) AS anon_1
2026-01-29 22:27:25,189 INFO sqlalchemy.engine.Engine [cached since 444.1s ago] ()
2026-01-29 22:27:25,189 INFO sqlalchemy.engine.Engine SELECT users.id AS users_id, users.email AS users_email, users.hashed_password AS users_hashed_password, users.full_name AS users_full_name, users.is_active AS users_is_active, users.is_superuser AS users_is_superuser, users.role AS users_role, users.created_at AS users_created_at, users.updated_at AS users_updated_at, users.last_login AS users_last_login 
FROM users 
WHERE users.email = ?
 LIMIT ? OFFSET ?
2026-01-29 22:27:25,189 INFO sqlalchemy.engine.Engine [cached since 445.5s ago] ('admin@otto.com', 1, 0)
2026-01-29 22:27:25,191 INFO sqlalchemy.engine.Engine BEGIN (implicit)
2026-01-29 22:27:25,192 INFO sqlalchemy.engine.Engine SELECT users.id AS users_id, users.email AS users_email, users.hashed_password AS users_hashed_password, users.full_name AS users_full_name, users.is_active AS users_is_active, users.is_superuser AS users_is_superuser, users.role AS users_role, users.created_at AS users_created_at, users.updated_at AS users_updated_at, users.last_login AS users_last_login 
FROM users 
WHERE users.email = ?
 LIMIT ? OFFSET ?
2026-01-29 22:27:25,192 INFO sqlalchemy.engine.Engine [cached since 445.5s ago] ('admin@otto.com', 1, 0)
2026-01-29 22:27:25,194 INFO sqlalchemy.engine.Engine SELECT count(*) AS count_1 
FROM (SELECT contracts.id AS contracts_id, contracts.contract_id AS contracts_contract_id, contracts.artist_id AS contracts_artist_id, contracts.label_id AS contracts_label_id, contracts.publisher_id AS contracts_publisher_id, contracts.start_date AS contracts_start_date, contracts.end_date AS contracts_end_date, contracts.royalty_rate AS contracts_royalty_rate, contracts.terms AS contracts_terms, contracts.file_path AS contracts_file_path, contracts.status AS contracts_status, contracts.title AS contracts_title, contracts.is_template AS contracts_is_template, contracts.created_at AS contracts_created_at, contracts.updated_at AS contracts_updated_at 
FROM contracts 
WHERE contracts.end_date >= ? OR contracts.end_date IS NULL) AS anon_1
2026-01-29 22:27:25,194 INFO sqlalchemy.engine.Engine BEGIN (implicit)
2026-01-29 22:27:25,194 INFO sqlalchemy.engine.Engine [cached since 444.1s ago] ('2026-01-29',)
2026-01-29 22:27:25,194 INFO sqlalchemy.engine.Engine SELECT users.id AS users_id, users.email AS users_email, users.hashed_password AS users_hashed_password, users.full_name AS users_full_name, users.is_active AS users_is_active, users.is_superuser AS users_is_superuser, users.role AS users_role, users.created_at AS users_created_at, users.updated_at AS users_updated_at, users.last_login AS users_last_login 
FROM users 
WHERE users.email = ?
 LIMIT ? OFFSET ?
2026-01-29 22:27:25,195 INFO sqlalchemy.engine.Engine [cached since 445.5s ago] ('admin@otto.com', 1, 0)
2026-01-29 22:27:25,196 INFO sqlalchemy.engine.Engine SELECT count(*) AS count_1 
FROM (SELECT works.id AS works_id, works.work_id AS works_work_id, works.title AS works_title, works.iswc_code AS works_iswc_code, works.composers AS works_composers, works.composers_text AS works_composers_text, works.arrangers AS works_arrangers, works.arrangers_text AS works_arrangers_text, works.publisher_id AS works_publisher_id, works.pro_id AS works_pro_id, works.created_at AS works_created_at, works.updated_at AS works_updated_at 
FROM works) AS anon_1
2026-01-29 22:27:25,197 INFO sqlalchemy.engine.Engine [cached since 444.1s ago] ()
2026-01-29 22:27:25,198 INFO sqlalchemy.engine.Engine SELECT events.id AS events_id, events.title AS events_title, events.description AS events_description, events.start_datetime AS events_start_datetime, events.end_datetime AS events_end_datetime, events.all_day AS events_all_day, events.category AS events_category, events.color AS events_color, events.location AS events_location, events.recurrence_rule AS events_recurrence_rule, events.recurrence_end_date AS events_recurrence_end_date, events.reminder_minutes AS events_reminder_minutes, events.related_entity_type AS events_related_entity_type, events.related_entity_id AS events_related_entity_id, events.created_by AS events_created_by, events.created_at AS events_created_at, events.updated_at AS events_updated_at 
FROM events 
WHERE events.start_datetime >= ? ORDER BY events.start_datetime
 LIMIT ? OFFSET ?
2026-01-29 22:27:25,202 INFO sqlalchemy.engine.Engine [cached since 444.1s ago] ('2026-01-29 22:27:25.197729', 5, 0)
2026-01-29 22:27:25,198 INFO sqlalchemy.engine.Engine SELECT activities.id AS activities_id, activities.user_id AS activities_user_id, activities.action AS activities_action, activities.entity_type AS activities_entity_type, activities.entity_id AS activities_entity_id, activities.entity_name AS activities_entity_name, activities.timestamp AS activities_timestamp 
FROM activities 
WHERE activities.user_id = ? ORDER BY activities.timestamp DESC
 LIMIT ? OFFSET ?
2026-01-29 22:27:25,200 INFO sqlalchemy.engine.Engine SELECT count(*) AS count_1 
FROM (SELECT contracts.id AS contracts_id, contracts.contract_id AS contracts_contract_id, contracts.artist_id AS contracts_artist_id, contracts.label_id AS contracts_label_id, contracts.publisher_id AS contracts_publisher_id, contracts.start_date AS contracts_start_date, contracts.end_date AS contracts_end_date, contracts.royalty_rate AS contracts_royalty_rate, contracts.terms AS contracts_terms, contracts.file_path AS contracts_file_path, contracts.status AS contracts_status, contracts.title AS contracts_title, contracts.is_template AS contracts_is_template, contracts.created_at AS contracts_created_at, contracts.updated_at AS contracts_updated_at 
FROM contracts 
WHERE contracts.end_date >= ? OR contracts.end_date IS NULL) AS anon_1
2026-01-29 22:27:25,201 INFO sqlalchemy.engine.Engine ROLLBACK
2026-01-29 22:27:25,202 INFO sqlalchemy.engine.Engine SELECT count(*) AS count_1 
FROM (SELECT releases.id AS releases_id, releases.release_id AS releases_release_id, releases.title AS releases_title, releases.upc_code AS releases_upc_code, releases.release_date AS releases_release_date, releases.release_type AS releases_release_type, releases.cover_art_url AS releases_cover_art_url, releases.label_id AS releases_label_id, releases.artist_id AS releases_artist_id, releases.distributor_id AS releases_distributor_id, releases.created_at AS releases_created_at, releases.updated_at AS releases_updated_at 
FROM releases) AS anon_1
INFO:     127.0.0.1:53458 - "GET /api/analytics/kpi HTTP/1.1" 200 OK
2026-01-29 22:27:25,199 INFO sqlalchemy.engine.Engine SELECT releases.id AS releases_id, releases.release_id AS releases_release_id, releases.title AS releases_title, releases.upc_code AS releases_upc_code, releases.release_date AS releases_release_date, releases.release_type AS releases_release_type, releases.cover_art_url AS releases_cover_art_url, releases.label_id AS releases_label_id, releases.artist_id AS releases_artist_id, releases.distributor_id AS releases_distributor_id, releases.created_at AS releases_created_at, releases.updated_at AS releases_updated_at 
FROM releases ORDER BY releases.release_date DESC
 LIMIT ? OFFSET ?
2026-01-29 22:27:25,204 INFO sqlalchemy.engine.Engine [cached since 444s ago] (1, 0)
2026-01-29 22:27:25,203 INFO sqlalchemy.engine.Engine [cached since 444s ago] (1, 10, 0)
2026-01-29 22:27:25,203 INFO sqlalchemy.engine.Engine ROLLBACK
2026-01-29 22:27:25,204 INFO sqlalchemy.engine.Engine [cached since 444.1s ago] ()
INFO:     127.0.0.1:53500 - "GET /api/analytics/upcoming-events?limit=5 HTTP/1.1" 200 OK
2026-01-29 22:27:25,203 INFO sqlalchemy.engine.Engine [cached since 444.1s ago] ('2026-01-29',)
2026-01-29 22:27:25,208 INFO sqlalchemy.engine.Engine ROLLBACK
INFO:     127.0.0.1:53508 - "GET /api/analytics/recent-activity?limit=10 HTTP/1.1" 200 OK
2026-01-29 22:27:25,210 INFO sqlalchemy.engine.Engine SELECT count(*) AS count_1 
FROM (SELECT artists.id AS artists_id, artists.artist_id AS artists_artist_id, artists.name AS artists_name, artists.aka AS artists_aka, artists.id_number AS artists_id_number, artists.ipi_number AS artists_ipi_number, artists.contact_email AS artists_contact_email, artists.contact_phone AS artists_contact_phone, artists.physical_address AS artists_physical_address, artists.banking_details AS artists_banking_details, artists.profile_image_url AS artists_profile_image_url, artists.streaming_links AS artists_streaming_links, artists.social_media AS artists_social_media, artists.label_id AS artists_label_id, artists.publisher_id AS artists_publisher_id, artists.pro_id AS artists_pro_id, artists.created_at AS artists_created_at, artists.updated_at AS artists_updated_at 
FROM artists) AS anon_1
2026-01-29 22:27:25,212 INFO sqlalchemy.engine.Engine [cached since 444.1s ago] ()
2026-01-29 22:27:25,212 INFO sqlalchemy.engine.Engine ROLLBACK
INFO:     127.0.0.1:53472 - "GET /api/analytics/pending-contracts HTTP/1.1" 200 OK
2026-01-29 22:27:25,210 INFO sqlalchemy.engine.Engine ROLLBACK
INFO:     127.0.0.1:53476 - "GET /api/analytics/latest-release HTTP/1.1" 200 OK
2026-01-29 22:27:25,215 INFO sqlalchemy.engine.Engine ROLLBACK
INFO:     127.0.0.1:53490 - "GET /api/analytics/catalog-growth HTTP/1.1" 200 OK
INFO:     127.0.0.1:55284 - "OPTIONS /api/catalog/works HTTP/1.1" 200 OK
INFO:     127.0.0.1:55302 - "OPTIONS /api/catalog/pros HTTP/1.1" 200 OK
INFO:     127.0.0.1:55310 - "OPTIONS /api/catalog/works HTTP/1.1" 200 OK
INFO:     127.0.0.1:55326 - "OPTIONS /api/catalog/pros HTTP/1.1" 200 OK
2026-01-29 22:27:33,768 INFO sqlalchemy.engine.Engine BEGIN (implicit)
2026-01-29 22:27:33,768 INFO sqlalchemy.engine.Engine SELECT users.id AS users_id, users.email AS users_email, users.hashed_password AS users_hashed_password, users.full_name AS users_full_name, users.is_active AS users_is_active, users.is_superuser AS users_is_superuser, users.role AS users_role, users.created_at AS users_created_at, users.updated_at AS users_updated_at, users.last_login AS users_last_login 
FROM users 
WHERE users.email = ?
 LIMIT ? OFFSET ?
2026-01-29 22:27:33,769 INFO sqlalchemy.engine.Engine [cached since 454.1s ago] ('admin@otto.com', 1, 0)
2026-01-29 22:27:33,770 INFO sqlalchemy.engine.Engine BEGIN (implicit)
2026-01-29 22:27:33,771 INFO sqlalchemy.engine.Engine SELECT users.id AS users_id, users.email AS users_email, users.hashed_password AS users_hashed_password, users.full_name AS users_full_name, users.is_active AS users_is_active, users.is_superuser AS users_is_superuser, users.role AS users_role, users.created_at AS users_created_at, users.updated_at AS users_updated_at, users.last_login AS users_last_login 
FROM users 
WHERE users.email = ?
 LIMIT ? OFFSET ?
2026-01-29 22:27:33,772 INFO sqlalchemy.engine.Engine [cached since 454.1s ago] ('admin@otto.com', 1, 0)
2026-01-29 22:27:33,773 INFO sqlalchemy.engine.Engine SELECT publishers.id AS publishers_id, publishers.publisher_id AS publishers_publisher_id, publishers.name AS publishers_name, publishers.address AS publishers_address, publishers.contact_email AS publishers_contact_email, publishers.contact_phone AS publishers_contact_phone, publishers.rights_type AS publishers_rights_type, publishers.artist_ids AS publishers_artist_ids, publishers.created_at AS publishers_created_at, publishers.updated_at AS publishers_updated_at 
FROM publishers
 LIMIT ? OFFSET ?
2026-01-29 22:27:33,773 INFO sqlalchemy.engine.Engine [cached since 42.27s ago] (100, 0)
2026-01-29 22:27:33,775 INFO sqlalchemy.engine.Engine BEGIN (implicit)
2026-01-29 22:27:33,778 INFO sqlalchemy.engine.Engine SELECT works.id AS works_id, works.work_id AS works_work_id, works.title AS works_title, works.iswc_code AS works_iswc_code, works.composers AS works_composers, works.composers_text AS works_composers_text, works.arrangers AS works_arrangers, works.arrangers_text AS works_arrangers_text, works.publisher_id AS works_publisher_id, works.pro_id AS works_pro_id, works.created_at AS works_created_at, works.updated_at AS works_updated_at 
FROM works
 LIMIT ? OFFSET ?
2026-01-29 22:27:33,779 INFO sqlalchemy.engine.Engine [generated in 0.00142s] (100, 0)
2026-01-29 22:27:33,779 INFO sqlalchemy.engine.Engine SELECT users.id AS users_id, users.email AS users_email, users.hashed_password AS users_hashed_password, users.full_name AS users_full_name, users.is_active AS users_is_active, users.is_superuser AS users_is_superuser, users.role AS users_role, users.created_at AS users_created_at, users.updated_at AS users_updated_at, users.last_login AS users_last_login 
FROM users 
WHERE users.email = ?
 LIMIT ? OFFSET ?
2026-01-29 22:27:33,779 INFO sqlalchemy.engine.Engine [cached since 454.1s ago] ('admin@otto.com', 1, 0)
2026-01-29 22:27:33,783 INFO sqlalchemy.engine.Engine SELECT pros.id AS pros_id, pros.pro_id AS pros_pro_id, pros.name AS pros_name, pros.address AS pros_address, pros.contact_email AS pros_contact_email, pros.contact_phone AS pros_contact_phone, pros.website AS pros_website, pros.territory AS pros_territory, pros.created_at AS pros_created_at, pros.updated_at AS pros_updated_at 
FROM pros
 LIMIT ? OFFSET ?
2026-01-29 22:27:33,783 INFO sqlalchemy.engine.Engine [generated in 0.00044s] (100, 0)
2026-01-29 22:27:33,784 INFO sqlalchemy.engine.Engine ROLLBACK
2026-01-29 22:27:33,784 INFO sqlalchemy.engine.Engine ROLLBACK
INFO:     127.0.0.1:55290 - "GET /api/catalog/publishers HTTP/1.1" 200 OK
INFO:     127.0.0.1:55336 - "GET /api/catalog/works HTTP/1.1" 200 OK
2026-01-29 22:27:33,786 INFO sqlalchemy.engine.Engine ROLLBACK
INFO:     127.0.0.1:55284 - "GET /api/catalog/pros HTTP/1.1" 200 OK
2026-01-29 22:27:33,801 INFO sqlalchemy.engine.Engine BEGIN (implicit)
2026-01-29 22:27:33,801 INFO sqlalchemy.engine.Engine SELECT users.id AS users_id, users.email AS users_email, users.hashed_password AS users_hashed_password, users.full_name AS users_full_name, users.is_active AS users_is_active, users.is_superuser AS users_is_superuser, users.role AS users_role, users.created_at AS users_created_at, users.updated_at AS users_updated_at, users.last_login AS users_last_login 
FROM users 
WHERE users.email = ?
 LIMIT ? OFFSET ?
2026-01-29 22:27:33,801 INFO sqlalchemy.engine.Engine [cached since 454.2s ago] ('admin@otto.com', 1, 0)
2026-01-29 22:27:33,803 INFO sqlalchemy.engine.Engine BEGIN (implicit)
2026-01-29 22:27:33,803 INFO sqlalchemy.engine.Engine SELECT users.id AS users_id, users.email AS users_email, users.hashed_password AS users_hashed_password, users.full_name AS users_full_name, users.is_active AS users_is_active, users.is_superuser AS users_is_superuser, users.role AS users_role, users.created_at AS users_created_at, users.updated_at AS users_updated_at, users.last_login AS users_last_login 
FROM users 
WHERE users.email = ?
 LIMIT ? OFFSET ?
2026-01-29 22:27:33,804 INFO sqlalchemy.engine.Engine [cached since 454.2s ago] ('admin@otto.com', 1, 0)
2026-01-29 22:27:33,805 INFO sqlalchemy.engine.Engine BEGIN (implicit)
2026-01-29 22:27:33,806 INFO sqlalchemy.engine.Engine SELECT users.id AS users_id, users.email AS users_email, users.hashed_password AS users_hashed_password, users.full_name AS users_full_name, users.is_active AS users_is_active, users.is_superuser AS users_is_superuser, users.role AS users_role, users.created_at AS users_created_at, users.updated_at AS users_updated_at, users.last_login AS users_last_login 
FROM users 
WHERE users.email = ?
 LIMIT ? OFFSET ?
2026-01-29 22:27:33,806 INFO sqlalchemy.engine.Engine [cached since 454.2s ago] ('admin@otto.com', 1, 0)
2026-01-29 22:27:33,807 INFO sqlalchemy.engine.Engine SELECT works.id AS works_id, works.work_id AS works_work_id, works.title AS works_title, works.iswc_code AS works_iswc_code, works.composers AS works_composers, works.composers_text AS works_composers_text, works.arrangers AS works_arrangers, works.arrangers_text AS works_arrangers_text, works.publisher_id AS works_publisher_id, works.pro_id AS works_pro_id, works.created_at AS works_created_at, works.updated_at AS works_updated_at 
FROM works
 LIMIT ? OFFSET ?
2026-01-29 22:27:33,809 INFO sqlalchemy.engine.Engine SELECT publishers.id AS publishers_id, publishers.publisher_id AS publishers_publisher_id, publishers.name AS publishers_name, publishers.address AS publishers_address, publishers.contact_email AS publishers_contact_email, publishers.contact_phone AS publishers_contact_phone, publishers.rights_type AS publishers_rights_type, publishers.artist_ids AS publishers_artist_ids, publishers.created_at AS publishers_created_at, publishers.updated_at AS publishers_updated_at 
FROM publishers
 LIMIT ? OFFSET ?
2026-01-29 22:27:33,810 INFO sqlalchemy.engine.Engine [cached since 42.3s ago] (100, 0)
2026-01-29 22:27:33,810 INFO sqlalchemy.engine.Engine [cached since 0.03203s ago] (100, 0)
2026-01-29 22:27:33,810 INFO sqlalchemy.engine.Engine SELECT pros.id AS pros_id, pros.pro_id AS pros_pro_id, pros.name AS pros_name, pros.address AS pros_address, pros.contact_email AS pros_contact_email, pros.contact_phone AS pros_contact_phone, pros.website AS pros_website, pros.territory AS pros_territory, pros.created_at AS pros_created_at, pros.updated_at AS pros_updated_at 
FROM pros
 LIMIT ? OFFSET ?
2026-01-29 22:27:33,814 INFO sqlalchemy.engine.Engine [cached since 0.03133s ago] (100, 0)
2026-01-29 22:27:33,815 INFO sqlalchemy.engine.Engine ROLLBACK
2026-01-29 22:27:33,815 INFO sqlalchemy.engine.Engine ROLLBACK
INFO:     127.0.0.1:55336 - "GET /api/catalog/works HTTP/1.1" 200 OK
INFO:     127.0.0.1:55284 - "GET /api/catalog/publishers HTTP/1.1" 200 OK
2026-01-29 22:27:33,820 INFO sqlalchemy.engine.Engine ROLLBACK
INFO:     127.0.0.1:55290 - "GET /api/catalog/pros HTTP/1.1" 200 OK
2026-01-29 22:27:50,819 INFO sqlalchemy.engine.Engine BEGIN (implicit)
2026-01-29 22:27:50,820 INFO sqlalchemy.engine.Engine SELECT users.id AS users_id, users.email AS users_email, users.hashed_password AS users_hashed_password, users.full_name AS users_full_name, users.is_active AS users_is_active, users.is_superuser AS users_is_superuser, users.role AS users_role, users.created_at AS users_created_at, users.updated_at AS users_updated_at, users.last_login AS users_last_login 
FROM users 
WHERE users.email = ?
 LIMIT ? OFFSET ?
2026-01-29 22:27:50,820 INFO sqlalchemy.engine.Engine [cached since 471.2s ago] ('admin@otto.com', 1, 0)
2026-01-29 22:27:50,822 INFO sqlalchemy.engine.Engine BEGIN (implicit)
2026-01-29 22:27:50,823 INFO sqlalchemy.engine.Engine SELECT users.id AS users_id, users.email AS users_email, users.hashed_password AS users_hashed_password, users.full_name AS users_full_name, users.is_active AS users_is_active, users.is_superuser AS users_is_superuser, users.role AS users_role, users.created_at AS users_created_at, users.updated_at AS users_updated_at, users.last_login AS users_last_login 
FROM users 
WHERE users.email = ?
 LIMIT ? OFFSET ?
2026-01-29 22:27:50,823 INFO sqlalchemy.engine.Engine [cached since 471.2s ago] ('admin@otto.com', 1, 0)
2026-01-29 22:27:50,827 INFO sqlalchemy.engine.Engine BEGIN (implicit)
2026-01-29 22:27:50,828 INFO sqlalchemy.engine.Engine SELECT users.id AS users_id, users.email AS users_email, users.hashed_password AS users_hashed_password, users.full_name AS users_full_name, users.is_active AS users_is_active, users.is_superuser AS users_is_superuser, users.role AS users_role, users.created_at AS users_created_at, users.updated_at AS users_updated_at, users.last_login AS users_last_login 
FROM users 
WHERE users.email = ?
 LIMIT ? OFFSET ?
2026-01-29 22:27:50,828 INFO sqlalchemy.engine.Engine [cached since 471.2s ago] ('admin@otto.com', 1, 0)
2026-01-29 22:27:50,830 INFO sqlalchemy.engine.Engine SELECT pros.id AS pros_id, pros.pro_id AS pros_pro_id, pros.name AS pros_name, pros.address AS pros_address, pros.contact_email AS pros_contact_email, pros.contact_phone AS pros_contact_phone, pros.website AS pros_website, pros.territory AS pros_territory, pros.created_at AS pros_created_at, pros.updated_at AS pros_updated_at 
FROM pros
 LIMIT ? OFFSET ?
2026-01-29 22:27:50,830 INFO sqlalchemy.engine.Engine SELECT publishers.id AS publishers_id, publishers.publisher_id AS publishers_publisher_id, publishers.name AS publishers_name, publishers.address AS publishers_address, publishers.contact_email AS publishers_contact_email, publishers.contact_phone AS publishers_contact_phone, publishers.rights_type AS publishers_rights_type, publishers.artist_ids AS publishers_artist_ids, publishers.created_at AS publishers_created_at, publishers.updated_at AS publishers_updated_at 
FROM publishers
 LIMIT ? OFFSET ?
2026-01-29 22:27:50,832 INFO sqlalchemy.engine.Engine SELECT works.id AS works_id, works.work_id AS works_work_id, works.title AS works_title, works.iswc_code AS works_iswc_code, works.composers AS works_composers, works.composers_text AS works_composers_text, works.arrangers AS works_arrangers, works.arrangers_text AS works_arrangers_text, works.publisher_id AS works_publisher_id, works.pro_id AS works_pro_id, works.created_at AS works_created_at, works.updated_at AS works_updated_at 
FROM works
 LIMIT ? OFFSET ?
2026-01-29 22:27:50,833 INFO sqlalchemy.engine.Engine [cached since 17.06s ago] (100, 0)
2026-01-29 22:27:50,833 INFO sqlalchemy.engine.Engine [cached since 59.33s ago] (100, 0)
2026-01-29 22:27:50,832 INFO sqlalchemy.engine.Engine [cached since 17.05s ago] (100, 0)
2026-01-29 22:27:50,834 INFO sqlalchemy.engine.Engine ROLLBACK
INFO:     127.0.0.1:44104 - "GET /api/catalog/works HTTP/1.1" 200 OK
2026-01-29 22:27:50,835 INFO sqlalchemy.engine.Engine ROLLBACK
INFO:     127.0.0.1:44118 - "GET /api/catalog/publishers HTTP/1.1" 200 OK
2026-01-29 22:27:50,838 INFO sqlalchemy.engine.Engine ROLLBACK
INFO:     127.0.0.1:44122 - "GET /api/catalog/pros HTTP/1.1" 200 OK
2026-01-29 22:27:50,850 INFO sqlalchemy.engine.Engine BEGIN (implicit)
2026-01-29 22:27:50,850 INFO sqlalchemy.engine.Engine SELECT users.id AS users_id, users.email AS users_email, users.hashed_password AS users_hashed_password, users.full_name AS users_full_name, users.is_active AS users_is_active, users.is_superuser AS users_is_superuser, users.role AS users_role, users.created_at AS users_created_at, users.updated_at AS users_updated_at, users.last_login AS users_last_login 
FROM users 
WHERE users.email = ?
 LIMIT ? OFFSET ?
2026-01-29 22:27:50,851 INFO sqlalchemy.engine.Engine [cached since 471.2s ago] ('admin@otto.com', 1, 0)
2026-01-29 22:27:50,853 INFO sqlalchemy.engine.Engine BEGIN (implicit)
2026-01-29 22:27:50,853 INFO sqlalchemy.engine.Engine SELECT users.id AS users_id, users.email AS users_email, users.hashed_password AS users_hashed_password, users.full_name AS users_full_name, users.is_active AS users_is_active, users.is_superuser AS users_is_superuser, users.role AS users_role, users.created_at AS users_created_at, users.updated_at AS users_updated_at, users.last_login AS users_last_login 
FROM users 
WHERE users.email = ?
 LIMIT ? OFFSET ?
2026-01-29 22:27:50,853 INFO sqlalchemy.engine.Engine [cached since 471.2s ago] ('admin@otto.com', 1, 0)
2026-01-29 22:27:50,854 INFO sqlalchemy.engine.Engine SELECT works.id AS works_id, works.work_id AS works_work_id, works.title AS works_title, works.iswc_code AS works_iswc_code, works.composers AS works_composers, works.composers_text AS works_composers_text, works.arrangers AS works_arrangers, works.arrangers_text AS works_arrangers_text, works.publisher_id AS works_publisher_id, works.pro_id AS works_pro_id, works.created_at AS works_created_at, works.updated_at AS works_updated_at 
FROM works
 LIMIT ? OFFSET ?
2026-01-29 22:27:50,855 INFO sqlalchemy.engine.Engine [cached since 17.08s ago] (100, 0)
2026-01-29 22:27:50,857 INFO sqlalchemy.engine.Engine BEGIN (implicit)
2026-01-29 22:27:50,859 INFO sqlalchemy.engine.Engine SELECT users.id AS users_id, users.email AS users_email, users.hashed_password AS users_hashed_password, users.full_name AS users_full_name, users.is_active AS users_is_active, users.is_superuser AS users_is_superuser, users.role AS users_role, users.created_at AS users_created_at, users.updated_at AS users_updated_at, users.last_login AS users_last_login 
FROM users 
WHERE users.email = ?
 LIMIT ? OFFSET ?
2026-01-29 22:27:50,859 INFO sqlalchemy.engine.Engine [cached since 471.2s ago] ('admin@otto.com', 1, 0)
2026-01-29 22:27:50,860 INFO sqlalchemy.engine.Engine SELECT publishers.id AS publishers_id, publishers.publisher_id AS publishers_publisher_id, publishers.name AS publishers_name, publishers.address AS publishers_address, publishers.contact_email AS publishers_contact_email, publishers.contact_phone AS publishers_contact_phone, publishers.rights_type AS publishers_rights_type, publishers.artist_ids AS publishers_artist_ids, publishers.created_at AS publishers_created_at, publishers.updated_at AS publishers_updated_at 
FROM publishers
 LIMIT ? OFFSET ?
2026-01-29 22:27:50,863 INFO sqlalchemy.engine.Engine SELECT pros.id AS pros_id, pros.pro_id AS pros_pro_id, pros.name AS pros_name, pros.address AS pros_address, pros.contact_email AS pros_contact_email, pros.contact_phone AS pros_contact_phone, pros.website AS pros_website, pros.territory AS pros_territory, pros.created_at AS pros_created_at, pros.updated_at AS pros_updated_at 
FROM pros
 LIMIT ? OFFSET ?
2026-01-29 22:27:50,863 INFO sqlalchemy.engine.Engine [cached since 59.36s ago] (100, 0)
2026-01-29 22:27:50,863 INFO sqlalchemy.engine.Engine ROLLBACK
INFO:     127.0.0.1:44118 - "GET /api/catalog/works HTTP/1.1" 200 OK
2026-01-29 22:27:50,863 INFO sqlalchemy.engine.Engine [cached since 17.08s ago] (100, 0)
2026-01-29 22:27:50,867 INFO sqlalchemy.engine.Engine ROLLBACK
2026-01-29 22:27:50,868 INFO sqlalchemy.engine.Engine ROLLBACK
INFO:     127.0.0.1:44122 - "GET /api/catalog/publishers HTTP/1.1" 200 OK
INFO:     127.0.0.1:44104 - "GET /api/catalog/pros HTTP/1.1" 200 OK
INFO:     127.0.0.1:54632 - "OPTIONS /api/catalog/works HTTP/1.1" 200 OK
INFO:     127.0.0.1:54646 - "OPTIONS /api/catalog/publishers HTTP/1.1" 200 OK
INFO:     127.0.0.1:54662 - "OPTIONS /api/catalog/pros HTTP/1.1" 200 OK
INFO:     127.0.0.1:54676 - "OPTIONS /api/catalog/works HTTP/1.1" 200 OK
INFO:     127.0.0.1:54680 - "OPTIONS /api/catalog/publishers HTTP/1.1" 200 OK
INFO:     127.0.0.1:54694 - "OPTIONS /api/catalog/pros HTTP/1.1" 200 OK
2026-01-29 22:28:57,272 INFO sqlalchemy.engine.Engine BEGIN (implicit)
2026-01-29 22:28:57,273 INFO sqlalchemy.engine.Engine SELECT users.id AS users_id, users.email AS users_email, users.hashed_password AS users_hashed_password, users.full_name AS users_full_name, users.is_active AS users_is_active, users.is_superuser AS users_is_superuser, users.role AS users_role, users.created_at AS users_created_at, users.updated_at AS users_updated_at, users.last_login AS users_last_login 
FROM users 
WHERE users.email = ?
 LIMIT ? OFFSET ?
2026-01-29 22:28:57,273 INFO sqlalchemy.engine.Engine [cached since 537.6s ago] ('admin@otto.com', 1, 0)
2026-01-29 22:28:57,276 INFO sqlalchemy.engine.Engine BEGIN (implicit)
2026-01-29 22:28:57,276 INFO sqlalchemy.engine.Engine SELECT users.id AS users_id, users.email AS users_email, users.hashed_password AS users_hashed_password, users.full_name AS users_full_name, users.is_active AS users_is_active, users.is_superuser AS users_is_superuser, users.role AS users_role, users.created_at AS users_created_at, users.updated_at AS users_updated_at, users.last_login AS users_last_login 
FROM users 
WHERE users.email = ?
 LIMIT ? OFFSET ?
2026-01-29 22:28:57,277 INFO sqlalchemy.engine.Engine [cached since 537.6s ago] ('admin@otto.com', 1, 0)
2026-01-29 22:28:57,281 INFO sqlalchemy.engine.Engine BEGIN (implicit)
2026-01-29 22:28:57,282 INFO sqlalchemy.engine.Engine SELECT users.id AS users_id, users.email AS users_email, users.hashed_password AS users_hashed_password, users.full_name AS users_full_name, users.is_active AS users_is_active, users.is_superuser AS users_is_superuser, users.role AS users_role, users.created_at AS users_created_at, users.updated_at AS users_updated_at, users.last_login AS users_last_login 
FROM users 
WHERE users.email = ?
 LIMIT ? OFFSET ?
2026-01-29 22:28:57,283 INFO sqlalchemy.engine.Engine [cached since 537.6s ago] ('admin@otto.com', 1, 0)
2026-01-29 22:28:57,288 INFO sqlalchemy.engine.Engine SELECT pros.id AS pros_id, pros.pro_id AS pros_pro_id, pros.name AS pros_name, pros.address AS pros_address, pros.contact_email AS pros_contact_email, pros.contact_phone AS pros_contact_phone, pros.website AS pros_website, pros.territory AS pros_territory, pros.created_at AS pros_created_at, pros.updated_at AS pros_updated_at 
FROM pros
 LIMIT ? OFFSET ?
2026-01-29 22:28:57,289 INFO sqlalchemy.engine.Engine SELECT publishers.id AS publishers_id, publishers.publisher_id AS publishers_publisher_id, publishers.name AS publishers_name, publishers.address AS publishers_address, publishers.contact_email AS publishers_contact_email, publishers.contact_phone AS publishers_contact_phone, publishers.rights_type AS publishers_rights_type, publishers.artist_ids AS publishers_artist_ids, publishers.created_at AS publishers_created_at, publishers.updated_at AS publishers_updated_at 
FROM publishers
 LIMIT ? OFFSET ?
2026-01-29 22:28:57,289 INFO sqlalchemy.engine.Engine [cached since 83.51s ago] (100, 0)
2026-01-29 22:28:57,290 INFO sqlalchemy.engine.Engine SELECT works.id AS works_id, works.work_id AS works_work_id, works.title AS works_title, works.iswc_code AS works_iswc_code, works.composers AS works_composers, works.composers_text AS works_composers_text, works.arrangers AS works_arrangers, works.arrangers_text AS works_arrangers_text, works.publisher_id AS works_publisher_id, works.pro_id AS works_pro_id, works.created_at AS works_created_at, works.updated_at AS works_updated_at 
FROM works
 LIMIT ? OFFSET ?
2026-01-29 22:28:57,291 INFO sqlalchemy.engine.Engine [cached since 83.51s ago] (100, 0)
2026-01-29 22:28:57,290 INFO sqlalchemy.engine.Engine [cached since 125.8s ago] (100, 0)
2026-01-29 22:28:57,293 INFO sqlalchemy.engine.Engine ROLLBACK
INFO:     127.0.0.1:54676 - "GET /api/catalog/pros HTTP/1.1" 200 OK
2026-01-29 22:28:57,297 INFO sqlalchemy.engine.Engine ROLLBACK
2026-01-29 22:28:57,301 INFO sqlalchemy.engine.Engine ROLLBACK
INFO:     127.0.0.1:54662 - "GET /api/catalog/publishers HTTP/1.1" 200 OK
INFO:     127.0.0.1:54632 - "GET /api/catalog/works HTTP/1.1" 200 OK
2026-01-29 22:28:57,311 INFO sqlalchemy.engine.Engine BEGIN (implicit)
2026-01-29 22:28:57,312 INFO sqlalchemy.engine.Engine SELECT users.id AS users_id, users.email AS users_email, users.hashed_password AS users_hashed_password, users.full_name AS users_full_name, users.is_active AS users_is_active, users.is_superuser AS users_is_superuser, users.role AS users_role, users.created_at AS users_created_at, users.updated_at AS users_updated_at, users.last_login AS users_last_login 
FROM users 
WHERE users.email = ?
 LIMIT ? OFFSET ?
2026-01-29 22:28:57,312 INFO sqlalchemy.engine.Engine [cached since 537.7s ago] ('admin@otto.com', 1, 0)
2026-01-29 22:28:57,316 INFO sqlalchemy.engine.Engine SELECT pros.id AS pros_id, pros.pro_id AS pros_pro_id, pros.name AS pros_name, pros.address AS pros_address, pros.contact_email AS pros_contact_email, pros.contact_phone AS pros_contact_phone, pros.website AS pros_website, pros.territory AS pros_territory, pros.created_at AS pros_created_at, pros.updated_at AS pros_updated_at 
FROM pros
 LIMIT ? OFFSET ?
2026-01-29 22:28:57,316 INFO sqlalchemy.engine.Engine [cached since 83.53s ago] (100, 0)
2026-01-29 22:28:57,321 INFO sqlalchemy.engine.Engine ROLLBACK
2026-01-29 22:28:57,322 INFO sqlalchemy.engine.Engine BEGIN (implicit)
2026-01-29 22:28:57,323 INFO sqlalchemy.engine.Engine SELECT users.id AS users_id, users.email AS users_email, users.hashed_password AS users_hashed_password, users.full_name AS users_full_name, users.is_active AS users_is_active, users.is_superuser AS users_is_superuser, users.role AS users_role, users.created_at AS users_created_at, users.updated_at AS users_updated_at, users.last_login AS users_last_login 
FROM users 
WHERE users.email = ?
 LIMIT ? OFFSET ?
2026-01-29 22:28:57,323 INFO sqlalchemy.engine.Engine [cached since 537.7s ago] ('admin@otto.com', 1, 0)
2026-01-29 22:28:57,326 INFO sqlalchemy.engine.Engine BEGIN (implicit)
2026-01-29 22:28:57,327 INFO sqlalchemy.engine.Engine SELECT users.id AS users_id, users.email AS users_email, users.hashed_password AS users_hashed_password, users.full_name AS users_full_name, users.is_active AS users_is_active, users.is_superuser AS users_is_superuser, users.role AS users_role, users.created_at AS users_created_at, users.updated_at AS users_updated_at, users.last_login AS users_last_login 
FROM users 
WHERE users.email = ?
 LIMIT ? OFFSET ?
2026-01-29 22:28:57,327 INFO sqlalchemy.engine.Engine [cached since 537.7s ago] ('admin@otto.com', 1, 0)
INFO:     127.0.0.1:54676 - "GET /api/catalog/pros HTTP/1.1" 200 OK
2026-01-29 22:28:57,329 INFO sqlalchemy.engine.Engine SELECT works.id AS works_id, works.work_id AS works_work_id, works.title AS works_title, works.iswc_code AS works_iswc_code, works.composers AS works_composers, works.composers_text AS works_composers_text, works.arrangers AS works_arrangers, works.arrangers_text AS works_arrangers_text, works.publisher_id AS works_publisher_id, works.pro_id AS works_pro_id, works.created_at AS works_created_at, works.updated_at AS works_updated_at 
FROM works
 LIMIT ? OFFSET ?
2026-01-29 22:28:57,329 INFO sqlalchemy.engine.Engine [cached since 83.55s ago] (100, 0)
2026-01-29 22:28:57,331 INFO sqlalchemy.engine.Engine SELECT publishers.id AS publishers_id, publishers.publisher_id AS publishers_publisher_id, publishers.name AS publishers_name, publishers.address AS publishers_address, publishers.contact_email AS publishers_contact_email, publishers.contact_phone AS publishers_contact_phone, publishers.rights_type AS publishers_rights_type, publishers.artist_ids AS publishers_artist_ids, publishers.created_at AS publishers_created_at, publishers.updated_at AS publishers_updated_at 
FROM publishers
 LIMIT ? OFFSET ?
2026-01-29 22:28:57,331 INFO sqlalchemy.engine.Engine [cached since 125.8s ago] (100, 0)
2026-01-29 22:28:57,332 INFO sqlalchemy.engine.Engine ROLLBACK
INFO:     127.0.0.1:54662 - "GET /api/catalog/works HTTP/1.1" 200 OK
2026-01-29 22:28:57,335 INFO sqlalchemy.engine.Engine ROLLBACK
INFO:     127.0.0.1:54632 - "GET /api/catalog/publishers HTTP/1.1" 200 OK
INFO:     127.0.0.1:38330 - "OPTIONS /api/contracts HTTP/1.1" 200 OK
INFO:     127.0.0.1:38342 - "GET /api/contracts HTTP/1.1" 307 Temporary Redirect
INFO:     127.0.0.1:38330 - "OPTIONS /api/catalog/artists HTTP/1.1" 200 OK
INFO:     127.0.0.1:38346 - "OPTIONS /api/catalog/labels HTTP/1.1" 200 OK
2026-01-29 22:29:40,207 INFO sqlalchemy.engine.Engine BEGIN (implicit)
2026-01-29 22:29:40,210 INFO sqlalchemy.engine.Engine SELECT users.id AS users_id, users.email AS users_email, users.hashed_password AS users_hashed_password, users.full_name AS users_full_name, users.is_active AS users_is_active, users.is_superuser AS users_is_superuser, users.role AS users_role, users.created_at AS users_created_at, users.updated_at AS users_updated_at, users.last_login AS users_last_login 
FROM users 
WHERE users.email = ?
 LIMIT ? OFFSET ?
2026-01-29 22:29:40,211 INFO sqlalchemy.engine.Engine [cached since 580.6s ago] ('admin@otto.com', 1, 0)
INFO:     127.0.0.1:38366 - "OPTIONS /api/catalog/artists HTTP/1.1" 200 OK
INFO:     127.0.0.1:38378 - "OPTIONS /api/catalog/labels HTTP/1.1" 200 OK
INFO:     127.0.0.1:38342 - "GET /api/contracts HTTP/1.1" 307 Temporary Redirect
2026-01-29 22:29:40,216 INFO sqlalchemy.engine.Engine SELECT publishers.id AS publishers_id, publishers.publisher_id AS publishers_publisher_id, publishers.name AS publishers_name, publishers.address AS publishers_address, publishers.contact_email AS publishers_contact_email, publishers.contact_phone AS publishers_contact_phone, publishers.rights_type AS publishers_rights_type, publishers.artist_ids AS publishers_artist_ids, publishers.created_at AS publishers_created_at, publishers.updated_at AS publishers_updated_at 
FROM publishers
 LIMIT ? OFFSET ?
2026-01-29 22:29:40,217 INFO sqlalchemy.engine.Engine [cached since 168.7s ago] (100, 0)
2026-01-29 22:29:40,220 INFO sqlalchemy.engine.Engine BEGIN (implicit)
2026-01-29 22:29:40,220 INFO sqlalchemy.engine.Engine SELECT users.id AS users_id, users.email AS users_email, users.hashed_password AS users_hashed_password, users.full_name AS users_full_name, users.is_active AS users_is_active, users.is_superuser AS users_is_superuser, users.role AS users_role, users.created_at AS users_created_at, users.updated_at AS users_updated_at, users.last_login AS users_last_login 
FROM users 
WHERE users.email = ?
 LIMIT ? OFFSET ?
2026-01-29 22:29:40,220 INFO sqlalchemy.engine.Engine [cached since 580.6s ago] ('admin@otto.com', 1, 0)
INFO:     127.0.0.1:38342 - "OPTIONS /api/contracts/ HTTP/1.1" 200 OK
INFO:     127.0.0.1:38378 - "OPTIONS /api/contracts/ HTTP/1.1" 200 OK
2026-01-29 22:29:40,224 INFO sqlalchemy.engine.Engine BEGIN (implicit)
2026-01-29 22:29:40,225 INFO sqlalchemy.engine.Engine SELECT users.id AS users_id, users.email AS users_email, users.hashed_password AS users_hashed_password, users.full_name AS users_full_name, users.is_active AS users_is_active, users.is_superuser AS users_is_superuser, users.role AS users_role, users.created_at AS users_created_at, users.updated_at AS users_updated_at, users.last_login AS users_last_login 
FROM users 
WHERE users.email = ?
 LIMIT ? OFFSET ?
2026-01-29 22:29:40,225 INFO sqlalchemy.engine.Engine [cached since 580.6s ago] ('admin@otto.com', 1, 0)
2026-01-29 22:29:40,226 INFO sqlalchemy.engine.Engine SELECT labels.id AS labels_id, labels.label_id AS labels_label_id, labels.name AS labels_name, labels.address AS labels_address, labels.contact_email AS labels_contact_email, labels.contact_phone AS labels_contact_phone, labels.website AS labels_website, labels.artist_ids AS labels_artist_ids, labels.created_at AS labels_created_at, labels.updated_at AS labels_updated_at 
FROM labels
 LIMIT ? OFFSET ?
2026-01-29 22:29:40,227 INFO sqlalchemy.engine.Engine [cached since 168.7s ago] (100, 0)
2026-01-29 22:29:40,227 INFO sqlalchemy.engine.Engine SELECT artists.id AS artists_id, artists.artist_id AS artists_artist_id, artists.name AS artists_name, artists.aka AS artists_aka, artists.id_number AS artists_id_number, artists.ipi_number AS artists_ipi_number, artists.contact_email AS artists_contact_email, artists.contact_phone AS artists_contact_phone, artists.physical_address AS artists_physical_address, artists.banking_details AS artists_banking_details, artists.profile_image_url AS artists_profile_image_url, artists.streaming_links AS artists_streaming_links, artists.social_media AS artists_social_media, artists.label_id AS artists_label_id, artists.publisher_id AS artists_publisher_id, artists.pro_id AS artists_pro_id, artists.created_at AS artists_created_at, artists.updated_at AS artists_updated_at 
FROM artists
 LIMIT ? OFFSET ?
2026-01-29 22:29:40,229 INFO sqlalchemy.engine.Engine [cached since 273.1s ago] (100, 0)
2026-01-29 22:29:40,233 INFO sqlalchemy.engine.Engine ROLLBACK
2026-01-29 22:29:40,233 INFO sqlalchemy.engine.Engine ROLLBACK
INFO:     127.0.0.1:38350 - "GET /api/catalog/publishers HTTP/1.1" 200 OK
INFO:     127.0.0.1:38346 - "GET /api/catalog/labels HTTP/1.1" 200 OK
2026-01-29 22:29:40,241 INFO sqlalchemy.engine.Engine BEGIN (implicit)
2026-01-29 22:29:40,241 INFO sqlalchemy.engine.Engine SELECT users.id AS users_id, users.email AS users_email, users.hashed_password AS users_hashed_password, users.full_name AS users_full_name, users.is_active AS users_is_active, users.is_superuser AS users_is_superuser, users.role AS users_role, users.created_at AS users_created_at, users.updated_at AS users_updated_at, users.last_login AS users_last_login 
FROM users 
WHERE users.email = ?
 LIMIT ? OFFSET ?
2026-01-29 22:29:40,242 INFO sqlalchemy.engine.Engine [cached since 580.6s ago] ('admin@otto.com', 1, 0)
2026-01-29 22:29:40,244 INFO sqlalchemy.engine.Engine SELECT contracts.id AS contracts_id, contracts.contract_id AS contracts_contract_id, contracts.artist_id AS contracts_artist_id, contracts.label_id AS contracts_label_id, contracts.publisher_id AS contracts_publisher_id, contracts.start_date AS contracts_start_date, contracts.end_date AS contracts_end_date, contracts.royalty_rate AS contracts_royalty_rate, contracts.terms AS contracts_terms, contracts.file_path AS contracts_file_path, contracts.status AS contracts_status, contracts.title AS contracts_title, contracts.is_template AS contracts_is_template, contracts.created_at AS contracts_created_at, contracts.updated_at AS contracts_updated_at 
FROM contracts
 LIMIT ? OFFSET ?
2026-01-29 22:29:40,244 INFO sqlalchemy.engine.Engine [cached since 168.7s ago] (100, 0)
2026-01-29 22:29:40,246 INFO sqlalchemy.engine.Engine ROLLBACK
INFO:     127.0.0.1:38330 - "GET /api/catalog/artists HTTP/1.1" 200 OK
2026-01-29 22:29:40,248 INFO sqlalchemy.engine.Engine ROLLBACK
INFO:     127.0.0.1:38366 - "GET /api/contracts/ HTTP/1.1" 200 OK
2026-01-29 22:29:40,275 INFO sqlalchemy.engine.Engine BEGIN (implicit)
2026-01-29 22:29:40,278 INFO sqlalchemy.engine.Engine SELECT users.id AS users_id, users.email AS users_email, users.hashed_password AS users_hashed_password, users.full_name AS users_full_name, users.is_active AS users_is_active, users.is_superuser AS users_is_superuser, users.role AS users_role, users.created_at AS users_created_at, users.updated_at AS users_updated_at, users.last_login AS users_last_login 
FROM users 
WHERE users.email = ?
 LIMIT ? OFFSET ?
2026-01-29 22:29:40,279 INFO sqlalchemy.engine.Engine [cached since 580.6s ago] ('admin@otto.com', 1, 0)
2026-01-29 22:29:40,288 INFO sqlalchemy.engine.Engine SELECT publishers.id AS publishers_id, publishers.publisher_id AS publishers_publisher_id, publishers.name AS publishers_name, publishers.address AS publishers_address, publishers.contact_email AS publishers_contact_email, publishers.contact_phone AS publishers_contact_phone, publishers.rights_type AS publishers_rights_type, publishers.artist_ids AS publishers_artist_ids, publishers.created_at AS publishers_created_at, publishers.updated_at AS publishers_updated_at 
FROM publishers
 LIMIT ? OFFSET ?
2026-01-29 22:29:40,289 INFO sqlalchemy.engine.Engine [cached since 168.8s ago] (100, 0)
2026-01-29 22:29:40,289 INFO sqlalchemy.engine.Engine BEGIN (implicit)
2026-01-29 22:29:40,291 INFO sqlalchemy.engine.Engine SELECT users.id AS users_id, users.email AS users_email, users.hashed_password AS users_hashed_password, users.full_name AS users_full_name, users.is_active AS users_is_active, users.is_superuser AS users_is_superuser, users.role AS users_role, users.created_at AS users_created_at, users.updated_at AS users_updated_at, users.last_login AS users_last_login 
FROM users 
WHERE users.email = ?
 LIMIT ? OFFSET ?
2026-01-29 22:29:40,291 INFO sqlalchemy.engine.Engine [cached since 580.6s ago] ('admin@otto.com', 1, 0)
2026-01-29 22:29:40,293 INFO sqlalchemy.engine.Engine BEGIN (implicit)
2026-01-29 22:29:40,295 INFO sqlalchemy.engine.Engine SELECT users.id AS users_id, users.email AS users_email, users.hashed_password AS users_hashed_password, users.full_name AS users_full_name, users.is_active AS users_is_active, users.is_superuser AS users_is_superuser, users.role AS users_role, users.created_at AS users_created_at, users.updated_at AS users_updated_at, users.last_login AS users_last_login 
FROM users 
WHERE users.email = ?
 LIMIT ? OFFSET ?
2026-01-29 22:29:40,295 INFO sqlalchemy.engine.Engine [cached since 580.6s ago] ('admin@otto.com', 1, 0)
2026-01-29 22:29:40,297 INFO sqlalchemy.engine.Engine BEGIN (implicit)
2026-01-29 22:29:40,297 INFO sqlalchemy.engine.Engine SELECT users.id AS users_id, users.email AS users_email, users.hashed_password AS users_hashed_password, users.full_name AS users_full_name, users.is_active AS users_is_active, users.is_superuser AS users_is_superuser, users.role AS users_role, users.created_at AS users_created_at, users.updated_at AS users_updated_at, users.last_login AS users_last_login 
FROM users 
WHERE users.email = ?
 LIMIT ? OFFSET ?
2026-01-29 22:29:40,297 INFO sqlalchemy.engine.Engine [cached since 580.6s ago] ('admin@otto.com', 1, 0)
2026-01-29 22:29:40,301 INFO sqlalchemy.engine.Engine SELECT contracts.id AS contracts_id, contracts.contract_id AS contracts_contract_id, contracts.artist_id AS contracts_artist_id, contracts.label_id AS contracts_label_id, contracts.publisher_id AS contracts_publisher_id, contracts.start_date AS contracts_start_date, contracts.end_date AS contracts_end_date, contracts.royalty_rate AS contracts_royalty_rate, contracts.terms AS contracts_terms, contracts.file_path AS contracts_file_path, contracts.status AS contracts_status, contracts.title AS contracts_title, contracts.is_template AS contracts_is_template, contracts.created_at AS contracts_created_at, contracts.updated_at AS contracts_updated_at 
FROM contracts
 LIMIT ? OFFSET ?
2026-01-29 22:29:40,301 INFO sqlalchemy.engine.Engine [cached since 168.8s ago] (100, 0)
2026-01-29 22:29:40,302 INFO sqlalchemy.engine.Engine SELECT artists.id AS artists_id, artists.artist_id AS artists_artist_id, artists.name AS artists_name, artists.aka AS artists_aka, artists.id_number AS artists_id_number, artists.ipi_number AS artists_ipi_number, artists.contact_email AS artists_contact_email, artists.contact_phone AS artists_contact_phone, artists.physical_address AS artists_physical_address, artists.banking_details AS artists_banking_details, artists.profile_image_url AS artists_profile_image_url, artists.streaming_links AS artists_streaming_links, artists.social_media AS artists_social_media, artists.label_id AS artists_label_id, artists.publisher_id AS artists_publisher_id, artists.pro_id AS artists_pro_id, artists.created_at AS artists_created_at, artists.updated_at AS artists_updated_at 
FROM artists
 LIMIT ? OFFSET ?
2026-01-29 22:29:40,302 INFO sqlalchemy.engine.Engine [cached since 273.2s ago] (100, 0)
2026-01-29 22:29:40,302 INFO sqlalchemy.engine.Engine ROLLBACK
INFO:     127.0.0.1:38346 - "GET /api/catalog/publishers HTTP/1.1" 200 OK
2026-01-29 22:29:40,303 INFO sqlalchemy.engine.Engine SELECT labels.id AS labels_id, labels.label_id AS labels_label_id, labels.name AS labels_name, labels.address AS labels_address, labels.contact_email AS labels_contact_email, labels.contact_phone AS labels_contact_phone, labels.website AS labels_website, labels.artist_ids AS labels_artist_ids, labels.created_at AS labels_created_at, labels.updated_at AS labels_updated_at 
FROM labels
 LIMIT ? OFFSET ?
2026-01-29 22:29:40,307 INFO sqlalchemy.engine.Engine [cached since 168.8s ago] (100, 0)
2026-01-29 22:29:40,311 INFO sqlalchemy.engine.Engine ROLLBACK
2026-01-29 22:29:40,313 INFO sqlalchemy.engine.Engine ROLLBACK
2026-01-29 22:29:40,311 INFO sqlalchemy.engine.Engine ROLLBACK
INFO:     127.0.0.1:38330 - "GET /api/catalog/artists HTTP/1.1" 200 OK
INFO:     127.0.0.1:38366 - "GET /api/catalog/labels HTTP/1.1" 200 OK
INFO:     127.0.0.1:38350 - "GET /api/contracts/ HTTP/1.1" 200 OK
INFO:     127.0.0.1:38350 - "OPTIONS /api/crm/companies HTTP/1.1" 200 OK
INFO:     127.0.0.1:38330 - "OPTIONS /api/crm/contacts HTTP/1.1" 200 OK
INFO:     127.0.0.1:38366 - "OPTIONS /api/crm/companies HTTP/1.1" 200 OK
INFO:     127.0.0.1:38346 - "OPTIONS /api/crm/contacts HTTP/1.1" 200 OK
2026-01-29 22:29:41,562 INFO sqlalchemy.engine.Engine BEGIN (implicit)
2026-01-29 22:29:41,563 INFO sqlalchemy.engine.Engine SELECT users.id AS users_id, users.email AS users_email, users.hashed_password AS users_hashed_password, users.full_name AS users_full_name, users.is_active AS users_is_active, users.is_superuser AS users_is_superuser, users.role AS users_role, users.created_at AS users_created_at, users.updated_at AS users_updated_at, users.last_login AS users_last_login 
FROM users 
WHERE users.email = ?
 LIMIT ? OFFSET ?
2026-01-29 22:29:41,563 INFO sqlalchemy.engine.Engine [cached since 581.9s ago] ('admin@otto.com', 1, 0)
2026-01-29 22:29:41,565 INFO sqlalchemy.engine.Engine SELECT companies.id AS companies_id, companies.name AS companies_name, companies.type AS companies_type, companies.website AS companies_website, companies.address AS companies_address, companies.created_at AS companies_created_at, companies.updated_at AS companies_updated_at 
FROM companies
 LIMIT ? OFFSET ?
2026-01-29 22:29:41,566 INFO sqlalchemy.engine.Engine BEGIN (implicit)
2026-01-29 22:29:41,566 INFO sqlalchemy.engine.Engine [cached since 285.9s ago] (100, 0)
2026-01-29 22:29:41,567 INFO sqlalchemy.engine.Engine SELECT users.id AS users_id, users.email AS users_email, users.hashed_password AS users_hashed_password, users.full_name AS users_full_name, users.is_active AS users_is_active, users.is_superuser AS users_is_superuser, users.role AS users_role, users.created_at AS users_created_at, users.updated_at AS users_updated_at, users.last_login AS users_last_login 
FROM users 
WHERE users.email = ?
 LIMIT ? OFFSET ?
2026-01-29 22:29:41,567 INFO sqlalchemy.engine.Engine [cached since 581.9s ago] ('admin@otto.com', 1, 0)
2026-01-29 22:29:41,570 INFO sqlalchemy.engine.Engine SELECT contacts.id AS contacts_id, contacts.first_name AS contacts_first_name, contacts.last_name AS contacts_last_name, contacts.email AS contacts_email, contacts.phone AS contacts_phone, contacts.role AS contacts_role, contacts.company_id AS contacts_company_id, contacts.created_at AS contacts_created_at, contacts.updated_at AS contacts_updated_at 
FROM contacts
 LIMIT ? OFFSET ?
2026-01-29 22:29:41,570 INFO sqlalchemy.engine.Engine ROLLBACK
2026-01-29 22:29:41,570 INFO sqlalchemy.engine.Engine [cached since 285.9s ago] (100, 0)
INFO:     127.0.0.1:38378 - "GET /api/crm/companies HTTP/1.1" 200 OK
2026-01-29 22:29:41,573 INFO sqlalchemy.engine.Engine ROLLBACK
INFO:     127.0.0.1:38350 - "GET /api/crm/contacts HTTP/1.1" 200 OK
2026-01-29 22:29:41,585 INFO sqlalchemy.engine.Engine BEGIN (implicit)
2026-01-29 22:29:41,586 INFO sqlalchemy.engine.Engine SELECT users.id AS users_id, users.email AS users_email, users.hashed_password AS users_hashed_password, users.full_name AS users_full_name, users.is_active AS users_is_active, users.is_superuser AS users_is_superuser, users.role AS users_role, users.created_at AS users_created_at, users.updated_at AS users_updated_at, users.last_login AS users_last_login 
FROM users 
WHERE users.email = ?
 LIMIT ? OFFSET ?
2026-01-29 22:29:41,587 INFO sqlalchemy.engine.Engine [cached since 581.9s ago] ('admin@otto.com', 1, 0)
2026-01-29 22:29:41,596 INFO sqlalchemy.engine.Engine SELECT companies.id AS companies_id, companies.name AS companies_name, companies.type AS companies_type, companies.website AS companies_website, companies.address AS companies_address, companies.created_at AS companies_created_at, companies.updated_at AS companies_updated_at 
FROM companies
 LIMIT ? OFFSET ?
2026-01-29 22:29:41,600 INFO sqlalchemy.engine.Engine [cached since 285.9s ago] (100, 0)
2026-01-29 22:29:41,603 INFO sqlalchemy.engine.Engine BEGIN (implicit)
2026-01-29 22:29:41,604 INFO sqlalchemy.engine.Engine SELECT users.id AS users_id, users.email AS users_email, users.hashed_password AS users_hashed_password, users.full_name AS users_full_name, users.is_active AS users_is_active, users.is_superuser AS users_is_superuser, users.role AS users_role, users.created_at AS users_created_at, users.updated_at AS users_updated_at, users.last_login AS users_last_login 
FROM users 
WHERE users.email = ?
 LIMIT ? OFFSET ?
2026-01-29 22:29:41,605 INFO sqlalchemy.engine.Engine [cached since 582s ago] ('admin@otto.com', 1, 0)
2026-01-29 22:29:41,606 INFO sqlalchemy.engine.Engine SELECT contacts.id AS contacts_id, contacts.first_name AS contacts_first_name, contacts.last_name AS contacts_last_name, contacts.email AS contacts_email, contacts.phone AS contacts_phone, contacts.role AS contacts_role, contacts.company_id AS contacts_company_id, contacts.created_at AS contacts_created_at, contacts.updated_at AS contacts_updated_at 
FROM contacts
 LIMIT ? OFFSET ?
2026-01-29 22:29:41,607 INFO sqlalchemy.engine.Engine [cached since 285.9s ago] (100, 0)
2026-01-29 22:29:41,607 INFO sqlalchemy.engine.Engine ROLLBACK
INFO:     127.0.0.1:38378 - "GET /api/crm/companies HTTP/1.1" 200 OK
2026-01-29 22:29:41,611 INFO sqlalchemy.engine.Engine ROLLBACK
INFO:     127.0.0.1:38350 - "GET /api/crm/contacts HTTP/1.1" 200 OK
INFO:     127.0.0.1:38350 - "OPTIONS /api/documents HTTP/1.1" 200 OK
INFO:     127.0.0.1:38378 - "OPTIONS /api/documents HTTP/1.1" 200 OK
INFO:     127.0.0.1:38346 - "GET /api/documents HTTP/1.1" 307 Temporary Redirect
INFO:     127.0.0.1:38346 - "GET /api/documents HTTP/1.1" 307 Temporary Redirect
INFO:     127.0.0.1:38346 - "OPTIONS /api/documents/ HTTP/1.1" 200 OK
INFO:     127.0.0.1:38378 - "OPTIONS /api/documents/ HTTP/1.1" 200 OK
2026-01-29 22:29:42,436 INFO sqlalchemy.engine.Engine BEGIN (implicit)
2026-01-29 22:29:42,437 INFO sqlalchemy.engine.Engine SELECT users.id AS users_id, users.email AS users_email, users.hashed_password AS users_hashed_password, users.full_name AS users_full_name, users.is_active AS users_is_active, users.is_superuser AS users_is_superuser, users.role AS users_role, users.created_at AS users_created_at, users.updated_at AS users_updated_at, users.last_login AS users_last_login 
FROM users 
WHERE users.email = ?
 LIMIT ? OFFSET ?
2026-01-29 22:29:42,438 INFO sqlalchemy.engine.Engine [cached since 582.8s ago] ('admin@otto.com', 1, 0)
2026-01-29 22:29:42,439 INFO sqlalchemy.engine.Engine SELECT documents.id AS documents_id, documents.filename AS documents_filename, documents.original_filename AS documents_original_filename, documents.file_path AS documents_file_path, documents.file_type AS documents_file_type, documents.mime_type AS documents_mime_type, documents.file_size AS documents_file_size, documents.version AS documents_version, documents.parent_document_id AS documents_parent_document_id, documents.title AS documents_title, documents.description AS documents_description, documents.tags AS documents_tags, documents.category AS documents_category, documents.related_entity_type AS documents_related_entity_type, documents.related_entity_id AS documents_related_entity_id, documents.uploaded_by AS documents_uploaded_by, documents.created_at AS documents_created_at, documents.updated_at AS documents_updated_at 
FROM documents
 LIMIT ? OFFSET ?
2026-01-29 22:29:42,439 INFO sqlalchemy.engine.Engine [cached since 282.9s ago] (100, 0)
2026-01-29 22:29:42,441 INFO sqlalchemy.engine.Engine ROLLBACK
INFO:     127.0.0.1:38350 - "GET /api/documents/ HTTP/1.1" 200 OK
2026-01-29 22:29:42,450 INFO sqlalchemy.engine.Engine BEGIN (implicit)
2026-01-29 22:29:42,450 INFO sqlalchemy.engine.Engine SELECT users.id AS users_id, users.email AS users_email, users.hashed_password AS users_hashed_password, users.full_name AS users_full_name, users.is_active AS users_is_active, users.is_superuser AS users_is_superuser, users.role AS users_role, users.created_at AS users_created_at, users.updated_at AS users_updated_at, users.last_login AS users_last_login 
FROM users 
WHERE users.email = ?
 LIMIT ? OFFSET ?
2026-01-29 22:29:42,451 INFO sqlalchemy.engine.Engine [cached since 582.8s ago] ('admin@otto.com', 1, 0)
2026-01-29 22:29:42,452 INFO sqlalchemy.engine.Engine SELECT documents.id AS documents_id, documents.filename AS documents_filename, documents.original_filename AS documents_original_filename, documents.file_path AS documents_file_path, documents.file_type AS documents_file_type, documents.mime_type AS documents_mime_type, documents.file_size AS documents_file_size, documents.version AS documents_version, documents.parent_document_id AS documents_parent_document_id, documents.title AS documents_title, documents.description AS documents_description, documents.tags AS documents_tags, documents.category AS documents_category, documents.related_entity_type AS documents_related_entity_type, documents.related_entity_id AS documents_related_entity_id, documents.uploaded_by AS documents_uploaded_by, documents.created_at AS documents_created_at, documents.updated_at AS documents_updated_at 
FROM documents
 LIMIT ? OFFSET ?
2026-01-29 22:29:42,453 INFO sqlalchemy.engine.Engine [cached since 283s ago] (100, 0)
2026-01-29 22:29:42,455 INFO sqlalchemy.engine.Engine ROLLBACK
INFO:     127.0.0.1:38350 - "GET /api/documents/ HTTP/1.1" 200 OK
INFO:     127.0.0.1:38350 - "OPTIONS /api/documents?category=contract HTTP/1.1" 200 OK
INFO:     127.0.0.1:38378 - "GET /api/documents?category=contract HTTP/1.1" 307 Temporary Redirect
INFO:     127.0.0.1:38378 - "OPTIONS /api/documents/?category=contract HTTP/1.1" 200 OK
2026-01-29 22:29:45,726 INFO sqlalchemy.engine.Engine BEGIN (implicit)
2026-01-29 22:29:45,726 INFO sqlalchemy.engine.Engine SELECT users.id AS users_id, users.email AS users_email, users.hashed_password AS users_hashed_password, users.full_name AS users_full_name, users.is_active AS users_is_active, users.is_superuser AS users_is_superuser, users.role AS users_role, users.created_at AS users_created_at, users.updated_at AS users_updated_at, users.last_login AS users_last_login 
FROM users 
WHERE users.email = ?
 LIMIT ? OFFSET ?
2026-01-29 22:29:45,726 INFO sqlalchemy.engine.Engine [cached since 586.1s ago] ('admin@otto.com', 1, 0)
2026-01-29 22:29:45,730 INFO sqlalchemy.engine.Engine SELECT documents.id AS documents_id, documents.filename AS documents_filename, documents.original_filename AS documents_original_filename, documents.file_path AS documents_file_path, documents.file_type AS documents_file_type, documents.mime_type AS documents_mime_type, documents.file_size AS documents_file_size, documents.version AS documents_version, documents.parent_document_id AS documents_parent_document_id, documents.title AS documents_title, documents.description AS documents_description, documents.tags AS documents_tags, documents.category AS documents_category, documents.related_entity_type AS documents_related_entity_type, documents.related_entity_id AS documents_related_entity_id, documents.uploaded_by AS documents_uploaded_by, documents.created_at AS documents_created_at, documents.updated_at AS documents_updated_at 
FROM documents 
WHERE documents.category = ?
 LIMIT ? OFFSET ?
2026-01-29 22:29:45,730 INFO sqlalchemy.engine.Engine [generated in 0.00040s] ('contract', 100, 0)
2026-01-29 22:29:45,732 INFO sqlalchemy.engine.Engine ROLLBACK
INFO:     127.0.0.1:38350 - "GET /api/documents/?category=contract HTTP/1.1" 200 OK
INFO:     127.0.0.1:38350 - "OPTIONS /api/documents?category=other HTTP/1.1" 200 OK
INFO:     127.0.0.1:38378 - "GET /api/documents?category=other HTTP/1.1" 307 Temporary Redirect
INFO:     127.0.0.1:38378 - "OPTIONS /api/documents/?category=other HTTP/1.1" 200 OK
2026-01-29 22:29:47,769 INFO sqlalchemy.engine.Engine BEGIN (implicit)
2026-01-29 22:29:47,770 INFO sqlalchemy.engine.Engine SELECT users.id AS users_id, users.email AS users_email, users.hashed_password AS users_hashed_password, users.full_name AS users_full_name, users.is_active AS users_is_active, users.is_superuser AS users_is_superuser, users.role AS users_role, users.created_at AS users_created_at, users.updated_at AS users_updated_at, users.last_login AS users_last_login 
FROM users 
WHERE users.email = ?
 LIMIT ? OFFSET ?
2026-01-29 22:29:47,770 INFO sqlalchemy.engine.Engine [cached since 588.1s ago] ('admin@otto.com', 1, 0)
2026-01-29 22:29:47,772 INFO sqlalchemy.engine.Engine SELECT documents.id AS documents_id, documents.filename AS documents_filename, documents.original_filename AS documents_original_filename, documents.file_path AS documents_file_path, documents.file_type AS documents_file_type, documents.mime_type AS documents_mime_type, documents.file_size AS documents_file_size, documents.version AS documents_version, documents.parent_document_id AS documents_parent_document_id, documents.title AS documents_title, documents.description AS documents_description, documents.tags AS documents_tags, documents.category AS documents_category, documents.related_entity_type AS documents_related_entity_type, documents.related_entity_id AS documents_related_entity_id, documents.uploaded_by AS documents_uploaded_by, documents.created_at AS documents_created_at, documents.updated_at AS documents_updated_at 
FROM documents 
WHERE documents.category = ?
 LIMIT ? OFFSET ?
2026-01-29 22:29:47,772 INFO sqlalchemy.engine.Engine [cached since 2.043s ago] ('other', 100, 0)
2026-01-29 22:29:47,774 INFO sqlalchemy.engine.Engine ROLLBACK
INFO:     127.0.0.1:38350 - "GET /api/documents/?category=other HTTP/1.1" 200 OK
INFO:     127.0.0.1:38350 - "GET /api/documents HTTP/1.1" 307 Temporary Redirect
2026-01-29 22:29:49,212 INFO sqlalchemy.engine.Engine BEGIN (implicit)
2026-01-29 22:29:49,213 INFO sqlalchemy.engine.Engine SELECT users.id AS users_id, users.email AS users_email, users.hashed_password AS users_hashed_password, users.full_name AS users_full_name, users.is_active AS users_is_active, users.is_superuser AS users_is_superuser, users.role AS users_role, users.created_at AS users_created_at, users.updated_at AS users_updated_at, users.last_login AS users_last_login 
FROM users 
WHERE users.email = ?
 LIMIT ? OFFSET ?
2026-01-29 22:29:49,213 INFO sqlalchemy.engine.Engine [cached since 589.6s ago] ('admin@otto.com', 1, 0)
2026-01-29 22:29:49,216 INFO sqlalchemy.engine.Engine SELECT documents.id AS documents_id, documents.filename AS documents_filename, documents.original_filename AS documents_original_filename, documents.file_path AS documents_file_path, documents.file_type AS documents_file_type, documents.mime_type AS documents_mime_type, documents.file_size AS documents_file_size, documents.version AS documents_version, documents.parent_document_id AS documents_parent_document_id, documents.title AS documents_title, documents.description AS documents_description, documents.tags AS documents_tags, documents.category AS documents_category, documents.related_entity_type AS documents_related_entity_type, documents.related_entity_id AS documents_related_entity_id, documents.uploaded_by AS documents_uploaded_by, documents.created_at AS documents_created_at, documents.updated_at AS documents_updated_at 
FROM documents
 LIMIT ? OFFSET ?
2026-01-29 22:29:49,216 INFO sqlalchemy.engine.Engine [cached since 289.7s ago] (100, 0)
2026-01-29 22:29:49,218 INFO sqlalchemy.engine.Engine ROLLBACK
INFO:     127.0.0.1:38350 - "GET /api/documents/ HTTP/1.1" 200 OK
INFO:     127.0.0.1:38350 - "OPTIONS /api/events HTTP/1.1" 200 OK
INFO:     127.0.0.1:38378 - "OPTIONS /api/events HTTP/1.1" 200 OK
INFO:     127.0.0.1:33000 - "GET /api/events HTTP/1.1" 307 Temporary Redirect
INFO:     127.0.0.1:33000 - "GET /api/events HTTP/1.1" 307 Temporary Redirect
INFO:     127.0.0.1:33000 - "OPTIONS /api/events/ HTTP/1.1" 200 OK
2026-01-29 22:29:51,300 INFO sqlalchemy.engine.Engine BEGIN (implicit)
2026-01-29 22:29:51,301 INFO sqlalchemy.engine.Engine SELECT users.id AS users_id, users.email AS users_email, users.hashed_password AS users_hashed_password, users.full_name AS users_full_name, users.is_active AS users_is_active, users.is_superuser AS users_is_superuser, users.role AS users_role, users.created_at AS users_created_at, users.updated_at AS users_updated_at, users.last_login AS users_last_login 
FROM users 
WHERE users.email = ?
 LIMIT ? OFFSET ?
2026-01-29 22:29:51,301 INFO sqlalchemy.engine.Engine [cached since 591.7s ago] ('admin@otto.com', 1, 0)
2026-01-29 22:29:51,304 INFO sqlalchemy.engine.Engine SELECT events.id AS events_id, events.title AS events_title, events.description AS events_description, events.start_datetime AS events_start_datetime, events.end_datetime AS events_end_datetime, events.all_day AS events_all_day, events.category AS events_category, events.color AS events_color, events.location AS events_location, events.recurrence_rule AS events_recurrence_rule, events.recurrence_end_date AS events_recurrence_end_date, events.reminder_minutes AS events_reminder_minutes, events.related_entity_type AS events_related_entity_type, events.related_entity_id AS events_related_entity_id, events.created_by AS events_created_by, events.created_at AS events_created_at, events.updated_at AS events_updated_at 
FROM events
 LIMIT ? OFFSET ?
2026-01-29 22:29:51,304 INFO sqlalchemy.engine.Engine [cached since 287.3s ago] (100, 0)
2026-01-29 22:29:51,306 INFO sqlalchemy.engine.Engine ROLLBACK
INFO:     127.0.0.1:38378 - "GET /api/events/ HTTP/1.1" 200 OK
2026-01-29 22:29:51,317 INFO sqlalchemy.engine.Engine BEGIN (implicit)
2026-01-29 22:29:51,319 INFO sqlalchemy.engine.Engine SELECT users.id AS users_id, users.email AS users_email, users.hashed_password AS users_hashed_password, users.full_name AS users_full_name, users.is_active AS users_is_active, users.is_superuser AS users_is_superuser, users.role AS users_role, users.created_at AS users_created_at, users.updated_at AS users_updated_at, users.last_login AS users_last_login 
FROM users 
WHERE users.email = ?
 LIMIT ? OFFSET ?
2026-01-29 22:29:51,319 INFO sqlalchemy.engine.Engine [cached since 591.7s ago] ('admin@otto.com', 1, 0)
2026-01-29 22:29:51,321 INFO sqlalchemy.engine.Engine SELECT events.id AS events_id, events.title AS events_title, events.description AS events_description, events.start_datetime AS events_start_datetime, events.end_datetime AS events_end_datetime, events.all_day AS events_all_day, events.category AS events_category, events.color AS events_color, events.location AS events_location, events.recurrence_rule AS events_recurrence_rule, events.recurrence_end_date AS events_recurrence_end_date, events.reminder_minutes AS events_reminder_minutes, events.related_entity_type AS events_related_entity_type, events.related_entity_id AS events_related_entity_id, events.created_by AS events_created_by, events.created_at AS events_created_at, events.updated_at AS events_updated_at 
FROM events
 LIMIT ? OFFSET ?
2026-01-29 22:29:51,322 INFO sqlalchemy.engine.Engine [cached since 287.3s ago] (100, 0)
2026-01-29 22:29:51,323 INFO sqlalchemy.engine.Engine ROLLBACK
INFO:     127.0.0.1:38378 - "GET /api/events/ HTTP/1.1" 200 OK
INFO:     127.0.0.1:38378 - "OPTIONS /api/tasks HTTP/1.1" 200 OK
INFO:     127.0.0.1:33000 - "OPTIONS /api/tasks HTTP/1.1" 200 OK
INFO:     127.0.0.1:38350 - "GET /api/tasks HTTP/1.1" 307 Temporary Redirect
INFO:     127.0.0.1:38350 - "GET /api/tasks HTTP/1.1" 307 Temporary Redirect
INFO:     127.0.0.1:38350 - "OPTIONS /api/tasks/ HTTP/1.1" 200 OK
INFO:     127.0.0.1:33000 - "OPTIONS /api/tasks/ HTTP/1.1" 200 OK
2026-01-29 22:29:52,803 INFO sqlalchemy.engine.Engine BEGIN (implicit)
2026-01-29 22:29:52,803 INFO sqlalchemy.engine.Engine SELECT users.id AS users_id, users.email AS users_email, users.hashed_password AS users_hashed_password, users.full_name AS users_full_name, users.is_active AS users_is_active, users.is_superuser AS users_is_superuser, users.role AS users_role, users.created_at AS users_created_at, users.updated_at AS users_updated_at, users.last_login AS users_last_login 
FROM users 
WHERE users.email = ?
 LIMIT ? OFFSET ?
2026-01-29 22:29:52,804 INFO sqlalchemy.engine.Engine [cached since 593.2s ago] ('admin@otto.com', 1, 0)
2026-01-29 22:29:52,805 INFO sqlalchemy.engine.Engine SELECT tasks.id AS tasks_id, tasks.title AS tasks_title, tasks.description AS tasks_description, tasks.status AS tasks_status, tasks.priority AS tasks_priority, tasks.due_date AS tasks_due_date, tasks.assigned_to_id AS tasks_assigned_to_id, tasks.created_at AS tasks_created_at, tasks.updated_at AS tasks_updated_at 
FROM tasks
 LIMIT ? OFFSET ?
2026-01-29 22:29:52,805 INFO sqlalchemy.engine.Engine [cached since 286.8s ago] (100, 0)
2026-01-29 22:29:52,807 INFO sqlalchemy.engine.Engine ROLLBACK
INFO:     127.0.0.1:38378 - "GET /api/tasks/ HTTP/1.1" 200 OK
2026-01-29 22:29:52,817 INFO sqlalchemy.engine.Engine BEGIN (implicit)
2026-01-29 22:29:52,817 INFO sqlalchemy.engine.Engine SELECT users.id AS users_id, users.email AS users_email, users.hashed_password AS users_hashed_password, users.full_name AS users_full_name, users.is_active AS users_is_active, users.is_superuser AS users_is_superuser, users.role AS users_role, users.created_at AS users_created_at, users.updated_at AS users_updated_at, users.last_login AS users_last_login 
FROM users 
WHERE users.email = ?
 LIMIT ? OFFSET ?
2026-01-29 22:29:52,817 INFO sqlalchemy.engine.Engine [cached since 593.2s ago] ('admin@otto.com', 1, 0)
2026-01-29 22:29:52,820 INFO sqlalchemy.engine.Engine SELECT tasks.id AS tasks_id, tasks.title AS tasks_title, tasks.description AS tasks_description, tasks.status AS tasks_status, tasks.priority AS tasks_priority, tasks.due_date AS tasks_due_date, tasks.assigned_to_id AS tasks_assigned_to_id, tasks.created_at AS tasks_created_at, tasks.updated_at AS tasks_updated_at 
FROM tasks
 LIMIT ? OFFSET ?
2026-01-29 22:29:52,820 INFO sqlalchemy.engine.Engine [cached since 286.8s ago] (100, 0)
2026-01-29 22:29:52,822 INFO sqlalchemy.engine.Engine ROLLBACK
INFO:     127.0.0.1:38378 - "GET /api/tasks/ HTTP/1.1" 200 OK
INFO:     127.0.0.1:38378 - "OPTIONS /api/notes HTTP/1.1" 200 OK
INFO:     127.0.0.1:33000 - "OPTIONS /api/catalog/releases HTTP/1.1" 200 OK
INFO:     127.0.0.1:33014 - "OPTIONS /api/notes HTTP/1.1" 200 OK
INFO:     127.0.0.1:33026 - "OPTIONS /api/catalog/releases HTTP/1.1" 200 OK
INFO:     127.0.0.1:33040 - "GET /api/notes HTTP/1.1" 307 Temporary Redirect
2026-01-29 22:29:56,858 INFO sqlalchemy.engine.Engine BEGIN (implicit)
2026-01-29 22:29:56,868 INFO sqlalchemy.engine.Engine SELECT users.id AS users_id, users.email AS users_email, users.hashed_password AS users_hashed_password, users.full_name AS users_full_name, users.is_active AS users_is_active, users.is_superuser AS users_is_superuser, users.role AS users_role, users.created_at AS users_created_at, users.updated_at AS users_updated_at, users.last_login AS users_last_login 
FROM users 
WHERE users.email = ?
 LIMIT ? OFFSET ?
2026-01-29 22:29:56,868 INFO sqlalchemy.engine.Engine [cached since 597.2s ago] ('admin@otto.com', 1, 0)
INFO:     127.0.0.1:33026 - "GET /api/notes HTTP/1.1" 307 Temporary Redirect
INFO:     127.0.0.1:33014 - "OPTIONS /api/notes/ HTTP/1.1" 200 OK
2026-01-29 22:29:56,887 INFO sqlalchemy.engine.Engine SELECT artists.id AS artists_id, artists.artist_id AS artists_artist_id, artists.name AS artists_name, artists.aka AS artists_aka, artists.id_number AS artists_id_number, artists.ipi_number AS artists_ipi_number, artists.contact_email AS artists_contact_email, artists.contact_phone AS artists_contact_phone, artists.physical_address AS artists_physical_address, artists.banking_details AS artists_banking_details, artists.profile_image_url AS artists_profile_image_url, artists.streaming_links AS artists_streaming_links, artists.social_media AS artists_social_media, artists.label_id AS artists_label_id, artists.publisher_id AS artists_publisher_id, artists.pro_id AS artists_pro_id, artists.created_at AS artists_created_at, artists.updated_at AS artists_updated_at 
FROM artists
 LIMIT ? OFFSET ?
2026-01-29 22:29:56,888 INFO sqlalchemy.engine.Engine [cached since 289.8s ago] (100, 0)
2026-01-29 22:29:56,897 INFO sqlalchemy.engine.Engine BEGIN (implicit)
2026-01-29 22:29:56,898 INFO sqlalchemy.engine.Engine SELECT users.id AS users_id, users.email AS users_email, users.hashed_password AS users_hashed_password, users.full_name AS users_full_name, users.is_active AS users_is_active, users.is_superuser AS users_is_superuser, users.role AS users_role, users.created_at AS users_created_at, users.updated_at AS users_updated_at, users.last_login AS users_last_login 
FROM users 
WHERE users.email = ?
 LIMIT ? OFFSET ?
2026-01-29 22:29:56,898 INFO sqlalchemy.engine.Engine [cached since 597.2s ago] ('admin@otto.com', 1, 0)
2026-01-29 22:29:56,904 INFO sqlalchemy.engine.Engine SELECT releases.id AS releases_id, releases.release_id AS releases_release_id, releases.title AS releases_title, releases.upc_code AS releases_upc_code, releases.release_date AS releases_release_date, releases.release_type AS releases_release_type, releases.cover_art_url AS releases_cover_art_url, releases.label_id AS releases_label_id, releases.artist_id AS releases_artist_id, releases.distributor_id AS releases_distributor_id, releases.created_at AS releases_created_at, releases.updated_at AS releases_updated_at 
FROM releases
 LIMIT ? OFFSET ?
2026-01-29 22:29:56,907 INFO sqlalchemy.engine.Engine [cached since 289.8s ago] (100, 0)
2026-01-29 22:29:56,906 INFO sqlalchemy.engine.Engine ROLLBACK
2026-01-29 22:29:56,906 INFO sqlalchemy.engine.Engine BEGIN (implicit)
2026-01-29 22:29:56,909 INFO sqlalchemy.engine.Engine SELECT users.id AS users_id, users.email AS users_email, users.hashed_password AS users_hashed_password, users.full_name AS users_full_name, users.is_active AS users_is_active, users.is_superuser AS users_is_superuser, users.role AS users_role, users.created_at AS users_created_at, users.updated_at AS users_updated_at, users.last_login AS users_last_login 
FROM users 
WHERE users.email = ?
 LIMIT ? OFFSET ?
2026-01-29 22:29:56,910 INFO sqlalchemy.engine.Engine [cached since 597.3s ago] ('admin@otto.com', 1, 0)
INFO:     127.0.0.1:38350 - "GET /api/catalog/artists HTTP/1.1" 200 OK
2026-01-29 22:29:56,913 INFO sqlalchemy.engine.Engine SELECT notes.id AS notes_id, notes.title AS notes_title, notes.content AS notes_content, notes.content_markdown AS notes_content_markdown, notes.tags AS notes_tags, notes.category AS notes_category, notes.color AS notes_color, notes.pinned AS notes_pinned, notes.attachments AS notes_attachments, notes.related_entity_type AS notes_related_entity_type, notes.related_entity_id AS notes_related_entity_id, notes.created_by AS notes_created_by, notes.created_at AS notes_created_at, notes.updated_at AS notes_updated_at 
FROM notes
 LIMIT ? OFFSET ?
2026-01-29 22:29:56,913 INFO sqlalchemy.engine.Engine [cached since 289.8s ago] (100, 0)
2026-01-29 22:29:56,915 INFO sqlalchemy.engine.Engine ROLLBACK
INFO:     127.0.0.1:38378 - "GET /api/catalog/releases HTTP/1.1" 200 OK
2026-01-29 22:29:56,921 INFO sqlalchemy.engine.Engine BEGIN (implicit)
2026-01-29 22:29:56,922 INFO sqlalchemy.engine.Engine SELECT users.id AS users_id, users.email AS users_email, users.hashed_password AS users_hashed_password, users.full_name AS users_full_name, users.is_active AS users_is_active, users.is_superuser AS users_is_superuser, users.role AS users_role, users.created_at AS users_created_at, users.updated_at AS users_updated_at, users.last_login AS users_last_login 
FROM users 
WHERE users.email = ?
 LIMIT ? OFFSET ?
2026-01-29 22:29:56,922 INFO sqlalchemy.engine.Engine [cached since 597.3s ago] ('admin@otto.com', 1, 0)
2026-01-29 22:29:56,924 INFO sqlalchemy.engine.Engine SELECT artists.id AS artists_id, artists.artist_id AS artists_artist_id, artists.name AS artists_name, artists.aka AS artists_aka, artists.id_number AS artists_id_number, artists.ipi_number AS artists_ipi_number, artists.contact_email AS artists_contact_email, artists.contact_phone AS artists_contact_phone, artists.physical_address AS artists_physical_address, artists.banking_details AS artists_banking_details, artists.profile_image_url AS artists_profile_image_url, artists.streaming_links AS artists_streaming_links, artists.social_media AS artists_social_media, artists.label_id AS artists_label_id, artists.publisher_id AS artists_publisher_id, artists.pro_id AS artists_pro_id, artists.created_at AS artists_created_at, artists.updated_at AS artists_updated_at 
FROM artists
 LIMIT ? OFFSET ?
2026-01-29 22:29:56,924 INFO sqlalchemy.engine.Engine [cached since 289.8s ago] (100, 0)
2026-01-29 22:29:56,925 INFO sqlalchemy.engine.Engine ROLLBACK
INFO:     127.0.0.1:33040 - "GET /api/notes/ HTTP/1.1" 200 OK
2026-01-29 22:29:56,930 INFO sqlalchemy.engine.Engine BEGIN (implicit)
2026-01-29 22:29:56,931 INFO sqlalchemy.engine.Engine SELECT users.id AS users_id, users.email AS users_email, users.hashed_password AS users_hashed_password, users.full_name AS users_full_name, users.is_active AS users_is_active, users.is_superuser AS users_is_superuser, users.role AS users_role, users.created_at AS users_created_at, users.updated_at AS users_updated_at, users.last_login AS users_last_login 
FROM users 
WHERE users.email = ?
 LIMIT ? OFFSET ?
2026-01-29 22:29:56,931 INFO sqlalchemy.engine.Engine [cached since 597.3s ago] ('admin@otto.com', 1, 0)
2026-01-29 22:29:56,934 INFO sqlalchemy.engine.Engine ROLLBACK
2026-01-29 22:29:56,935 INFO sqlalchemy.engine.Engine SELECT releases.id AS releases_id, releases.release_id AS releases_release_id, releases.title AS releases_title, releases.upc_code AS releases_upc_code, releases.release_date AS releases_release_date, releases.release_type AS releases_release_type, releases.cover_art_url AS releases_cover_art_url, releases.label_id AS releases_label_id, releases.artist_id AS releases_artist_id, releases.distributor_id AS releases_distributor_id, releases.created_at AS releases_created_at, releases.updated_at AS releases_updated_at 
FROM releases
 LIMIT ? OFFSET ?
2026-01-29 22:29:56,937 INFO sqlalchemy.engine.Engine [cached since 289.8s ago] (100, 0)
2026-01-29 22:29:56,937 INFO sqlalchemy.engine.Engine BEGIN (implicit)
2026-01-29 22:29:56,939 INFO sqlalchemy.engine.Engine SELECT users.id AS users_id, users.email AS users_email, users.hashed_password AS users_hashed_password, users.full_name AS users_full_name, users.is_active AS users_is_active, users.is_superuser AS users_is_superuser, users.role AS users_role, users.created_at AS users_created_at, users.updated_at AS users_updated_at, users.last_login AS users_last_login 
FROM users 
WHERE users.email = ?
 LIMIT ? OFFSET ?
2026-01-29 22:29:56,939 INFO sqlalchemy.engine.Engine [cached since 597.3s ago] ('admin@otto.com', 1, 0)
INFO:     127.0.0.1:38350 - "GET /api/catalog/artists HTTP/1.1" 200 OK
2026-01-29 22:29:56,942 INFO sqlalchemy.engine.Engine SELECT notes.id AS notes_id, notes.title AS notes_title, notes.content AS notes_content, notes.content_markdown AS notes_content_markdown, notes.tags AS notes_tags, notes.category AS notes_category, notes.color AS notes_color, notes.pinned AS notes_pinned, notes.attachments AS notes_attachments, notes.related_entity_type AS notes_related_entity_type, notes.related_entity_id AS notes_related_entity_id, notes.created_by AS notes_created_by, notes.created_at AS notes_created_at, notes.updated_at AS notes_updated_at 
FROM notes
 LIMIT ? OFFSET ?
2026-01-29 22:29:56,942 INFO sqlalchemy.engine.Engine [cached since 289.8s ago] (100, 0)
2026-01-29 22:29:56,945 INFO sqlalchemy.engine.Engine ROLLBACK
INFO:     127.0.0.1:38378 - "GET /api/catalog/releases HTTP/1.1" 200 OK
2026-01-29 22:29:56,946 INFO sqlalchemy.engine.Engine ROLLBACK
INFO:     127.0.0.1:33040 - "GET /api/notes/ HTTP/1.1" 200 OK
2026-01-29 22:29:57,885 INFO sqlalchemy.engine.Engine BEGIN (implicit)
2026-01-29 22:29:57,886 INFO sqlalchemy.engine.Engine SELECT users.id AS users_id, users.email AS users_email, users.hashed_password AS users_hashed_password, users.full_name AS users_full_name, users.is_active AS users_is_active, users.is_superuser AS users_is_superuser, users.role AS users_role, users.created_at AS users_created_at, users.updated_at AS users_updated_at, users.last_login AS users_last_login 
FROM users 
WHERE users.email = ?
 LIMIT ? OFFSET ?
2026-01-29 22:29:57,886 INFO sqlalchemy.engine.Engine [cached since 598.2s ago] ('admin@otto.com', 1, 0)
2026-01-29 22:29:57,888 INFO sqlalchemy.engine.Engine SELECT count(*) AS count_1 
FROM (SELECT works.id AS works_id, works.work_id AS works_work_id, works.title AS works_title, works.iswc_code AS works_iswc_code, works.composers AS works_composers, works.composers_text AS works_composers_text, works.arrangers AS works_arrangers, works.arrangers_text AS works_arrangers_text, works.publisher_id AS works_publisher_id, works.pro_id AS works_pro_id, works.created_at AS works_created_at, works.updated_at AS works_updated_at 
FROM works) AS anon_1
2026-01-29 22:29:57,889 INFO sqlalchemy.engine.Engine BEGIN (implicit)
2026-01-29 22:29:57,889 INFO sqlalchemy.engine.Engine [cached since 596.8s ago] ()
2026-01-29 22:29:57,890 INFO sqlalchemy.engine.Engine SELECT users.id AS users_id, users.email AS users_email, users.hashed_password AS users_hashed_password, users.full_name AS users_full_name, users.is_active AS users_is_active, users.is_superuser AS users_is_superuser, users.role AS users_role, users.created_at AS users_created_at, users.updated_at AS users_updated_at, users.last_login AS users_last_login 
FROM users 
WHERE users.email = ?
 LIMIT ? OFFSET ?
2026-01-29 22:29:57,892 INFO sqlalchemy.engine.Engine SELECT count(*) AS count_1 
FROM (SELECT releases.id AS releases_id, releases.release_id AS releases_release_id, releases.title AS releases_title, releases.upc_code AS releases_upc_code, releases.release_date AS releases_release_date, releases.release_type AS releases_release_type, releases.cover_art_url AS releases_cover_art_url, releases.label_id AS releases_label_id, releases.artist_id AS releases_artist_id, releases.distributor_id AS releases_distributor_id, releases.created_at AS releases_created_at, releases.updated_at AS releases_updated_at 
FROM releases) AS anon_1
2026-01-29 22:29:57,893 INFO sqlalchemy.engine.Engine [cached since 598.2s ago] ('admin@otto.com', 1, 0)
2026-01-29 22:29:57,893 INFO sqlalchemy.engine.Engine [cached since 596.8s ago] ()
2026-01-29 22:29:57,895 INFO sqlalchemy.engine.Engine SELECT count(*) AS count_1 
FROM (SELECT artists.id AS artists_id, artists.artist_id AS artists_artist_id, artists.name AS artists_name, artists.aka AS artists_aka, artists.id_number AS artists_id_number, artists.ipi_number AS artists_ipi_number, artists.contact_email AS artists_contact_email, artists.contact_phone AS artists_contact_phone, artists.physical_address AS artists_physical_address, artists.banking_details AS artists_banking_details, artists.profile_image_url AS artists_profile_image_url, artists.streaming_links AS artists_streaming_links, artists.social_media AS artists_social_media, artists.label_id AS artists_label_id, artists.publisher_id AS artists_publisher_id, artists.pro_id AS artists_pro_id, artists.created_at AS artists_created_at, artists.updated_at AS artists_updated_at 
FROM artists) AS anon_1
2026-01-29 22:29:57,895 INFO sqlalchemy.engine.Engine [cached since 596.8s ago] ()
2026-01-29 22:29:57,896 INFO sqlalchemy.engine.Engine SELECT count(*) AS count_1 
FROM (SELECT artists.id AS artists_id, artists.artist_id AS artists_artist_id, artists.name AS artists_name, artists.aka AS artists_aka, artists.id_number AS artists_id_number, artists.ipi_number AS artists_ipi_number, artists.contact_email AS artists_contact_email, artists.contact_phone AS artists_contact_phone, artists.physical_address AS artists_physical_address, artists.banking_details AS artists_banking_details, artists.profile_image_url AS artists_profile_image_url, artists.streaming_links AS artists_streaming_links, artists.social_media AS artists_social_media, artists.label_id AS artists_label_id, artists.publisher_id AS artists_publisher_id, artists.pro_id AS artists_pro_id, artists.created_at AS artists_created_at, artists.updated_at AS artists_updated_at 
FROM artists) AS anon_1
2026-01-29 22:29:57,896 INFO sqlalchemy.engine.Engine [cached since 596.8s ago] ()
2026-01-29 22:29:57,897 INFO sqlalchemy.engine.Engine SELECT count(*) AS count_1 
FROM (SELECT releases.id AS releases_id, releases.release_id AS releases_release_id, releases.title AS releases_title, releases.upc_code AS releases_upc_code, releases.release_date AS releases_release_date, releases.release_type AS releases_release_type, releases.cover_art_url AS releases_cover_art_url, releases.label_id AS releases_label_id, releases.artist_id AS releases_artist_id, releases.distributor_id AS releases_distributor_id, releases.created_at AS releases_created_at, releases.updated_at AS releases_updated_at 
FROM releases) AS anon_1
2026-01-29 22:29:57,897 INFO sqlalchemy.engine.Engine [cached since 596.8s ago] ()
2026-01-29 22:29:57,897 INFO sqlalchemy.engine.Engine ROLLBACK
2026-01-29 22:29:57,898 INFO sqlalchemy.engine.Engine SELECT count(*) AS count_1 
FROM (SELECT works.id AS works_id, works.work_id AS works_work_id, works.title AS works_title, works.iswc_code AS works_iswc_code, works.composers AS works_composers, works.composers_text AS works_composers_text, works.arrangers AS works_arrangers, works.arrangers_text AS works_arrangers_text, works.publisher_id AS works_publisher_id, works.pro_id AS works_pro_id, works.created_at AS works_created_at, works.updated_at AS works_updated_at 
FROM works) AS anon_1
INFO:     127.0.0.1:33040 - "GET /api/analytics/catalog-growth HTTP/1.1" 200 OK
2026-01-29 22:29:57,898 INFO sqlalchemy.engine.Engine [cached since 596.8s ago] ()
2026-01-29 22:29:57,900 INFO sqlalchemy.engine.Engine SELECT count(*) AS count_1 
FROM (SELECT contracts.id AS contracts_id, contracts.contract_id AS contracts_contract_id, contracts.artist_id AS contracts_artist_id, contracts.label_id AS contracts_label_id, contracts.publisher_id AS contracts_publisher_id, contracts.start_date AS contracts_start_date, contracts.end_date AS contracts_end_date, contracts.royalty_rate AS contracts_royalty_rate, contracts.terms AS contracts_terms, contracts.file_path AS contracts_file_path, contracts.status AS contracts_status, contracts.title AS contracts_title, contracts.is_template AS contracts_is_template, contracts.created_at AS contracts_created_at, contracts.updated_at AS contracts_updated_at 
FROM contracts 
WHERE contracts.end_date >= ? OR contracts.end_date IS NULL) AS anon_1
2026-01-29 22:29:57,901 INFO sqlalchemy.engine.Engine [cached since 596.8s ago] ('2026-01-29',)
2026-01-29 22:29:57,903 INFO sqlalchemy.engine.Engine BEGIN (implicit)
2026-01-29 22:29:57,903 INFO sqlalchemy.engine.Engine SELECT users.id AS users_id, users.email AS users_email, users.hashed_password AS users_hashed_password, users.full_name AS users_full_name, users.is_active AS users_is_active, users.is_superuser AS users_is_superuser, users.role AS users_role, users.created_at AS users_created_at, users.updated_at AS users_updated_at, users.last_login AS users_last_login 
FROM users 
WHERE users.email = ?
 LIMIT ? OFFSET ?
2026-01-29 22:29:57,904 INFO sqlalchemy.engine.Engine [cached since 598.3s ago] ('admin@otto.com', 1, 0)
2026-01-29 22:29:57,905 INFO sqlalchemy.engine.Engine ROLLBACK
INFO:     127.0.0.1:38378 - "GET /api/analytics/kpi HTTP/1.1" 200 OK
2026-01-29 22:29:57,905 INFO sqlalchemy.engine.Engine SELECT count(*) AS count_1 
FROM (SELECT works.id AS works_id, works.work_id AS works_work_id, works.title AS works_title, works.iswc_code AS works_iswc_code, works.composers AS works_composers, works.composers_text AS works_composers_text, works.arrangers AS works_arrangers, works.arrangers_text AS works_arrangers_text, works.publisher_id AS works_publisher_id, works.pro_id AS works_pro_id, works.created_at AS works_created_at, works.updated_at AS works_updated_at 
FROM works) AS anon_1
2026-01-29 22:29:57,906 INFO sqlalchemy.engine.Engine [cached since 596.8s ago] ()
2026-01-29 22:29:57,912 INFO sqlalchemy.engine.Engine SELECT count(*) AS count_1 
FROM (SELECT releases.id AS releases_id, releases.release_id AS releases_release_id, releases.title AS releases_title, releases.upc_code AS releases_upc_code, releases.release_date AS releases_release_date, releases.release_type AS releases_release_type, releases.cover_art_url AS releases_cover_art_url, releases.label_id AS releases_label_id, releases.artist_id AS releases_artist_id, releases.distributor_id AS releases_distributor_id, releases.created_at AS releases_created_at, releases.updated_at AS releases_updated_at 
FROM releases) AS anon_1
2026-01-29 22:29:57,915 INFO sqlalchemy.engine.Engine BEGIN (implicit)
2026-01-29 22:29:57,916 INFO sqlalchemy.engine.Engine SELECT users.id AS users_id, users.email AS users_email, users.hashed_password AS users_hashed_password, users.full_name AS users_full_name, users.is_active AS users_is_active, users.is_superuser AS users_is_superuser, users.role AS users_role, users.created_at AS users_created_at, users.updated_at AS users_updated_at, users.last_login AS users_last_login 
FROM users 
WHERE users.email = ?
 LIMIT ? OFFSET ?
2026-01-29 22:29:57,916 INFO sqlalchemy.engine.Engine [cached since 598.3s ago] ('admin@otto.com', 1, 0)
2026-01-29 22:29:57,915 INFO sqlalchemy.engine.Engine [cached since 596.8s ago] ()
2026-01-29 22:29:57,917 INFO sqlalchemy.engine.Engine SELECT count(*) AS count_1 
FROM (SELECT artists.id AS artists_id, artists.artist_id AS artists_artist_id, artists.name AS artists_name, artists.aka AS artists_aka, artists.id_number AS artists_id_number, artists.ipi_number AS artists_ipi_number, artists.contact_email AS artists_contact_email, artists.contact_phone AS artists_contact_phone, artists.physical_address AS artists_physical_address, artists.banking_details AS artists_banking_details, artists.profile_image_url AS artists_profile_image_url, artists.streaming_links AS artists_streaming_links, artists.social_media AS artists_social_media, artists.label_id AS artists_label_id, artists.publisher_id AS artists_publisher_id, artists.pro_id AS artists_pro_id, artists.created_at AS artists_created_at, artists.updated_at AS artists_updated_at 
FROM artists) AS anon_1
2026-01-29 22:29:57,918 INFO sqlalchemy.engine.Engine SELECT count(*) AS count_1 
FROM (SELECT artists.id AS artists_id, artists.artist_id AS artists_artist_id, artists.name AS artists_name, artists.aka AS artists_aka, artists.id_number AS artists_id_number, artists.ipi_number AS artists_ipi_number, artists.contact_email AS artists_contact_email, artists.contact_phone AS artists_contact_phone, artists.physical_address AS artists_physical_address, artists.banking_details AS artists_banking_details, artists.profile_image_url AS artists_profile_image_url, artists.streaming_links AS artists_streaming_links, artists.social_media AS artists_social_media, artists.label_id AS artists_label_id, artists.publisher_id AS artists_publisher_id, artists.pro_id AS artists_pro_id, artists.created_at AS artists_created_at, artists.updated_at AS artists_updated_at 
FROM artists) AS anon_1
2026-01-29 22:29:57,918 INFO sqlalchemy.engine.Engine [cached since 596.8s ago] ()
2026-01-29 22:29:57,918 INFO sqlalchemy.engine.Engine [cached since 596.8s ago] ()
2026-01-29 22:29:57,919 INFO sqlalchemy.engine.Engine ROLLBACK
2026-01-29 22:29:57,920 INFO sqlalchemy.engine.Engine SELECT count(*) AS count_1 
FROM (SELECT releases.id AS releases_id, releases.release_id AS releases_release_id, releases.title AS releases_title, releases.upc_code AS releases_upc_code, releases.release_date AS releases_release_date, releases.release_type AS releases_release_type, releases.cover_art_url AS releases_cover_art_url, releases.label_id AS releases_label_id, releases.artist_id AS releases_artist_id, releases.distributor_id AS releases_distributor_id, releases.created_at AS releases_created_at, releases.updated_at AS releases_updated_at 
FROM releases) AS anon_1
INFO:     127.0.0.1:33040 - "GET /api/analytics/catalog-growth HTTP/1.1" 200 OK
2026-01-29 22:29:57,920 INFO sqlalchemy.engine.Engine [cached since 596.8s ago] ()
2026-01-29 22:29:57,922 INFO sqlalchemy.engine.Engine SELECT count(*) AS count_1 
FROM (SELECT works.id AS works_id, works.work_id AS works_work_id, works.title AS works_title, works.iswc_code AS works_iswc_code, works.composers AS works_composers, works.composers_text AS works_composers_text, works.arrangers AS works_arrangers, works.arrangers_text AS works_arrangers_text, works.publisher_id AS works_publisher_id, works.pro_id AS works_pro_id, works.created_at AS works_created_at, works.updated_at AS works_updated_at 
FROM works) AS anon_1
2026-01-29 22:29:57,922 INFO sqlalchemy.engine.Engine [cached since 596.8s ago] ()
2026-01-29 22:29:57,924 INFO sqlalchemy.engine.Engine SELECT count(*) AS count_1 
FROM (SELECT contracts.id AS contracts_id, contracts.contract_id AS contracts_contract_id, contracts.artist_id AS contracts_artist_id, contracts.label_id AS contracts_label_id, contracts.publisher_id AS contracts_publisher_id, contracts.start_date AS contracts_start_date, contracts.end_date AS contracts_end_date, contracts.royalty_rate AS contracts_royalty_rate, contracts.terms AS contracts_terms, contracts.file_path AS contracts_file_path, contracts.status AS contracts_status, contracts.title AS contracts_title, contracts.is_template AS contracts_is_template, contracts.created_at AS contracts_created_at, contracts.updated_at AS contracts_updated_at 
FROM contracts 
WHERE contracts.end_date >= ? OR contracts.end_date IS NULL) AS anon_1
2026-01-29 22:29:57,924 INFO sqlalchemy.engine.Engine [cached since 596.8s ago] ('2026-01-29',)
2026-01-29 22:29:57,924 INFO sqlalchemy.engine.Engine ROLLBACK
INFO:     127.0.0.1:38378 - "GET /api/analytics/kpi HTTP/1.1" 200 OK
INFO:     127.0.0.1:42302 - "OPTIONS /api/analytics/kpi HTTP/1.1" 200 OK
INFO:     127.0.0.1:42308 - "OPTIONS /api/analytics/catalog-growth HTTP/1.1" 200 OK
INFO:     127.0.0.1:42320 - "OPTIONS /api/analytics/upcoming-events?limit=5 HTTP/1.1" 200 OK
INFO:     127.0.0.1:42336 - "OPTIONS /api/analytics/recent-activity?limit=10 HTTP/1.1" 200 OK
INFO:     127.0.0.1:42344 - "OPTIONS /api/analytics/latest-release HTTP/1.1" 200 OK
INFO:     127.0.0.1:42350 - "OPTIONS /api/analytics/pending-contracts HTTP/1.1" 200 OK
INFO:     127.0.0.1:42302 - "OPTIONS /api/analytics/kpi HTTP/1.1" 200 OK
INFO:     127.0.0.1:42350 - "OPTIONS /api/analytics/catalog-growth HTTP/1.1" 200 OK
INFO:     127.0.0.1:42336 - "OPTIONS /api/analytics/upcoming-events?limit=5 HTTP/1.1" 200 OK
INFO:     127.0.0.1:42308 - "OPTIONS /api/analytics/recent-activity?limit=10 HTTP/1.1" 200 OK
INFO:     127.0.0.1:42320 - "OPTIONS /api/analytics/latest-release HTTP/1.1" 200 OK
INFO:     127.0.0.1:42302 - "OPTIONS /api/analytics/pending-contracts HTTP/1.1" 200 OK
2026-01-29 22:30:13,520 INFO sqlalchemy.engine.Engine BEGIN (implicit)
2026-01-29 22:30:13,521 INFO sqlalchemy.engine.Engine SELECT users.id AS users_id, users.email AS users_email, users.hashed_password AS users_hashed_password, users.full_name AS users_full_name, users.is_active AS users_is_active, users.is_superuser AS users_is_superuser, users.role AS users_role, users.created_at AS users_created_at, users.updated_at AS users_updated_at, users.last_login AS users_last_login 
FROM users 
WHERE users.email = ?
 LIMIT ? OFFSET ?
2026-01-29 22:30:13,521 INFO sqlalchemy.engine.Engine [cached since 613.9s ago] ('admin@otto.com', 1, 0)
2026-01-29 22:30:13,525 INFO sqlalchemy.engine.Engine BEGIN (implicit)
2026-01-29 22:30:13,525 INFO sqlalchemy.engine.Engine SELECT users.id AS users_id, users.email AS users_email, users.hashed_password AS users_hashed_password, users.full_name AS users_full_name, users.is_active AS users_is_active, users.is_superuser AS users_is_superuser, users.role AS users_role, users.created_at AS users_created_at, users.updated_at AS users_updated_at, users.last_login AS users_last_login 
FROM users 
WHERE users.email = ?
 LIMIT ? OFFSET ?
2026-01-29 22:30:13,526 INFO sqlalchemy.engine.Engine [cached since 613.9s ago] ('admin@otto.com', 1, 0)
2026-01-29 22:30:13,531 INFO sqlalchemy.engine.Engine SELECT count(*) AS count_1 
FROM (SELECT artists.id AS artists_id, artists.artist_id AS artists_artist_id, artists.name AS artists_name, artists.aka AS artists_aka, artists.id_number AS artists_id_number, artists.ipi_number AS artists_ipi_number, artists.contact_email AS artists_contact_email, artists.contact_phone AS artists_contact_phone, artists.physical_address AS artists_physical_address, artists.banking_details AS artists_banking_details, artists.profile_image_url AS artists_profile_image_url, artists.streaming_links AS artists_streaming_links, artists.social_media AS artists_social_media, artists.label_id AS artists_label_id, artists.publisher_id AS artists_publisher_id, artists.pro_id AS artists_pro_id, artists.created_at AS artists_created_at, artists.updated_at AS artists_updated_at 
FROM artists) AS anon_1
2026-01-29 22:30:13,533 INFO sqlalchemy.engine.Engine SELECT count(*) AS count_1 
FROM (SELECT contracts.id AS contracts_id, contracts.contract_id AS contracts_contract_id, contracts.artist_id AS contracts_artist_id, contracts.label_id AS contracts_label_id, contracts.publisher_id AS contracts_publisher_id, contracts.start_date AS contracts_start_date, contracts.end_date AS contracts_end_date, contracts.royalty_rate AS contracts_royalty_rate, contracts.terms AS contracts_terms, contracts.file_path AS contracts_file_path, contracts.status AS contracts_status, contracts.title AS contracts_title, contracts.is_template AS contracts_is_template, contracts.created_at AS contracts_created_at, contracts.updated_at AS contracts_updated_at 
FROM contracts 
WHERE contracts.end_date >= ? OR contracts.end_date IS NULL) AS anon_1
2026-01-29 22:30:13,534 INFO sqlalchemy.engine.Engine [cached since 612.5s ago] ()
2026-01-29 22:30:13,535 INFO sqlalchemy.engine.Engine [cached since 612.4s ago] ('2026-01-29',)
2026-01-29 22:30:13,537 INFO sqlalchemy.engine.Engine BEGIN (implicit)
2026-01-29 22:30:13,539 INFO sqlalchemy.engine.Engine SELECT count(*) AS count_1 
FROM (SELECT releases.id AS releases_id, releases.release_id AS releases_release_id, releases.title AS releases_title, releases.upc_code AS releases_upc_code, releases.release_date AS releases_release_date, releases.release_type AS releases_release_type, releases.cover_art_url AS releases_cover_art_url, releases.label_id AS releases_label_id, releases.artist_id AS releases_artist_id, releases.distributor_id AS releases_distributor_id, releases.created_at AS releases_created_at, releases.updated_at AS releases_updated_at 
FROM releases) AS anon_1
2026-01-29 22:30:13,539 INFO sqlalchemy.engine.Engine SELECT users.id AS users_id, users.email AS users_email, users.hashed_password AS users_hashed_password, users.full_name AS users_full_name, users.is_active AS users_is_active, users.is_superuser AS users_is_superuser, users.role AS users_role, users.created_at AS users_created_at, users.updated_at AS users_updated_at, users.last_login AS users_last_login 
FROM users 
WHERE users.email = ?
 LIMIT ? OFFSET ?
2026-01-29 22:30:13,539 INFO sqlalchemy.engine.Engine [cached since 612.4s ago] ()
2026-01-29 22:30:13,540 INFO sqlalchemy.engine.Engine [cached since 613.9s ago] ('admin@otto.com', 1, 0)
2026-01-29 22:30:13,540 INFO sqlalchemy.engine.Engine SELECT count(*) AS count_1 
FROM (SELECT works.id AS works_id, works.work_id AS works_work_id, works.title AS works_title, works.iswc_code AS works_iswc_code, works.composers AS works_composers, works.composers_text AS works_composers_text, works.arrangers AS works_arrangers, works.arrangers_text AS works_arrangers_text, works.publisher_id AS works_publisher_id, works.pro_id AS works_pro_id, works.created_at AS works_created_at, works.updated_at AS works_updated_at 
FROM works) AS anon_1
2026-01-29 22:30:13,541 INFO sqlalchemy.engine.Engine [cached since 612.4s ago] ()
2026-01-29 22:30:13,542 INFO sqlalchemy.engine.Engine BEGIN (implicit)
2026-01-29 22:30:13,542 INFO sqlalchemy.engine.Engine SELECT users.id AS users_id, users.email AS users_email, users.hashed_password AS users_hashed_password, users.full_name AS users_full_name, users.is_active AS users_is_active, users.is_superuser AS users_is_superuser, users.role AS users_role, users.created_at AS users_created_at, users.updated_at AS users_updated_at, users.last_login AS users_last_login 
FROM users 
WHERE users.email = ?
 LIMIT ? OFFSET ?
2026-01-29 22:30:13,542 INFO sqlalchemy.engine.Engine [cached since 613.9s ago] ('admin@otto.com', 1, 0)
2026-01-29 22:30:13,543 INFO sqlalchemy.engine.Engine SELECT count(*) AS count_1 
FROM (SELECT contracts.id AS contracts_id, contracts.contract_id AS contracts_contract_id, contracts.artist_id AS contracts_artist_id, contracts.label_id AS contracts_label_id, contracts.publisher_id AS contracts_publisher_id, contracts.start_date AS contracts_start_date, contracts.end_date AS contracts_end_date, contracts.royalty_rate AS contracts_royalty_rate, contracts.terms AS contracts_terms, contracts.file_path AS contracts_file_path, contracts.status AS contracts_status, contracts.title AS contracts_title, contracts.is_template AS contracts_is_template, contracts.created_at AS contracts_created_at, contracts.updated_at AS contracts_updated_at 
FROM contracts 
WHERE contracts.end_date >= ? OR contracts.end_date IS NULL) AS anon_1
2026-01-29 22:30:13,545 INFO sqlalchemy.engine.Engine BEGIN (implicit)
2026-01-29 22:30:13,545 INFO sqlalchemy.engine.Engine [cached since 612.4s ago] ('2026-01-29',)
2026-01-29 22:30:13,545 INFO sqlalchemy.engine.Engine SELECT users.id AS users_id, users.email AS users_email, users.hashed_password AS users_hashed_password, users.full_name AS users_full_name, users.is_active AS users_is_active, users.is_superuser AS users_is_superuser, users.role AS users_role, users.created_at AS users_created_at, users.updated_at AS users_updated_at, users.last_login AS users_last_login 
FROM users 
WHERE users.email = ?
 LIMIT ? OFFSET ?
2026-01-29 22:30:13,547 INFO sqlalchemy.engine.Engine [cached since 613.9s ago] ('admin@otto.com', 1, 0)
2026-01-29 22:30:13,549 INFO sqlalchemy.engine.Engine BEGIN (implicit)
2026-01-29 22:30:13,551 INFO sqlalchemy.engine.Engine SELECT users.id AS users_id, users.email AS users_email, users.hashed_password AS users_hashed_password, users.full_name AS users_full_name, users.is_active AS users_is_active, users.is_superuser AS users_is_superuser, users.role AS users_role, users.created_at AS users_created_at, users.updated_at AS users_updated_at, users.last_login AS users_last_login 
FROM users 
WHERE users.email = ?
 LIMIT ? OFFSET ?
2026-01-29 22:30:13,551 INFO sqlalchemy.engine.Engine [cached since 613.9s ago] ('admin@otto.com', 1, 0)
2026-01-29 22:30:13,553 INFO sqlalchemy.engine.Engine SELECT events.id AS events_id, events.title AS events_title, events.description AS events_description, events.start_datetime AS events_start_datetime, events.end_datetime AS events_end_datetime, events.all_day AS events_all_day, events.category AS events_category, events.color AS events_color, events.location AS events_location, events.recurrence_rule AS events_recurrence_rule, events.recurrence_end_date AS events_recurrence_end_date, events.reminder_minutes AS events_reminder_minutes, events.related_entity_type AS events_related_entity_type, events.related_entity_id AS events_related_entity_id, events.created_by AS events_created_by, events.created_at AS events_created_at, events.updated_at AS events_updated_at 
FROM events 
WHERE events.start_datetime >= ? ORDER BY events.start_datetime
 LIMIT ? OFFSET ?
2026-01-29 22:30:13,553 INFO sqlalchemy.engine.Engine SELECT count(*) AS count_1 
FROM (SELECT works.id AS works_id, works.work_id AS works_work_id, works.title AS works_title, works.iswc_code AS works_iswc_code, works.composers AS works_composers, works.composers_text AS works_composers_text, works.arrangers AS works_arrangers, works.arrangers_text AS works_arrangers_text, works.publisher_id AS works_publisher_id, works.pro_id AS works_pro_id, works.created_at AS works_created_at, works.updated_at AS works_updated_at 
FROM works) AS anon_1
2026-01-29 22:30:13,554 INFO sqlalchemy.engine.Engine SELECT activities.id AS activities_id, activities.user_id AS activities_user_id, activities.action AS activities_action, activities.entity_type AS activities_entity_type, activities.entity_id AS activities_entity_id, activities.entity_name AS activities_entity_name, activities.timestamp AS activities_timestamp 
FROM activities 
WHERE activities.user_id = ? ORDER BY activities.timestamp DESC
 LIMIT ? OFFSET ?
2026-01-29 22:30:13,554 INFO sqlalchemy.engine.Engine [cached since 612.4s ago] ('2026-01-29 22:30:13.552616', 5, 0)
2026-01-29 22:30:13,554 INFO sqlalchemy.engine.Engine SELECT releases.id AS releases_id, releases.release_id AS releases_release_id, releases.title AS releases_title, releases.upc_code AS releases_upc_code, releases.release_date AS releases_release_date, releases.release_type AS releases_release_type, releases.cover_art_url AS releases_cover_art_url, releases.label_id AS releases_label_id, releases.artist_id AS releases_artist_id, releases.distributor_id AS releases_distributor_id, releases.created_at AS releases_created_at, releases.updated_at AS releases_updated_at 
FROM releases ORDER BY releases.release_date DESC
 LIMIT ? OFFSET ?
2026-01-29 22:30:13,557 INFO sqlalchemy.engine.Engine [cached since 612.4s ago] (1, 0)
2026-01-29 22:30:13,555 INFO sqlalchemy.engine.Engine ROLLBACK
2026-01-29 22:30:13,555 INFO sqlalchemy.engine.Engine [cached since 612.4s ago] ()
INFO:     127.0.0.1:42344 - "GET /api/analytics/kpi HTTP/1.1" 200 OK
2026-01-29 22:30:13,555 INFO sqlalchemy.engine.Engine [cached since 612.4s ago] (1, 10, 0)
2026-01-29 22:30:13,554 INFO sqlalchemy.engine.Engine ROLLBACK
2026-01-29 22:30:13,558 INFO sqlalchemy.engine.Engine ROLLBACK
INFO:     127.0.0.1:42350 - "GET /api/analytics/pending-contracts HTTP/1.1" 200 OK
2026-01-29 22:30:13,561 INFO sqlalchemy.engine.Engine SELECT count(*) AS count_1 
FROM (SELECT releases.id AS releases_id, releases.release_id AS releases_release_id, releases.title AS releases_title, releases.upc_code AS releases_upc_code, releases.release_date AS releases_release_date, releases.release_type AS releases_release_type, releases.cover_art_url AS releases_cover_art_url, releases.label_id AS releases_label_id, releases.artist_id AS releases_artist_id, releases.distributor_id AS releases_distributor_id, releases.created_at AS releases_created_at, releases.updated_at AS releases_updated_at 
FROM releases) AS anon_1
INFO:     127.0.0.1:42320 - "GET /api/analytics/upcoming-events?limit=5 HTTP/1.1" 200 OK
2026-01-29 22:30:13,561 INFO sqlalchemy.engine.Engine ROLLBACK
2026-01-29 22:30:13,565 INFO sqlalchemy.engine.Engine [cached since 612.5s ago] ()
2026-01-29 22:30:13,570 INFO sqlalchemy.engine.Engine SELECT count(*) AS count_1 
FROM (SELECT artists.id AS artists_id, artists.artist_id AS artists_artist_id, artists.name AS artists_name, artists.aka AS artists_aka, artists.id_number AS artists_id_number, artists.ipi_number AS artists_ipi_number, artists.contact_email AS artists_contact_email, artists.contact_phone AS artists_contact_phone, artists.physical_address AS artists_physical_address, artists.banking_details AS artists_banking_details, artists.profile_image_url AS artists_profile_image_url, artists.streaming_links AS artists_streaming_links, artists.social_media AS artists_social_media, artists.label_id AS artists_label_id, artists.publisher_id AS artists_publisher_id, artists.pro_id AS artists_pro_id, artists.created_at AS artists_created_at, artists.updated_at AS artists_updated_at 
FROM artists) AS anon_1
INFO:     127.0.0.1:42336 - "GET /api/analytics/latest-release HTTP/1.1" 200 OK
2026-01-29 22:30:13,566 INFO sqlalchemy.engine.Engine ROLLBACK
2026-01-29 22:30:13,570 INFO sqlalchemy.engine.Engine [cached since 612.5s ago] ()
2026-01-29 22:30:13,571 INFO sqlalchemy.engine.Engine BEGIN (implicit)
2026-01-29 22:30:13,573 INFO sqlalchemy.engine.Engine SELECT users.id AS users_id, users.email AS users_email, users.hashed_password AS users_hashed_password, users.full_name AS users_full_name, users.is_active AS users_is_active, users.is_superuser AS users_is_superuser, users.role AS users_role, users.created_at AS users_created_at, users.updated_at AS users_updated_at, users.last_login AS users_last_login 
FROM users 
WHERE users.email = ?
 LIMIT ? OFFSET ?
2026-01-29 22:30:13,573 INFO sqlalchemy.engine.Engine [cached since 613.9s ago] ('admin@otto.com', 1, 0)
INFO:     127.0.0.1:42302 - "GET /api/analytics/recent-activity?limit=10 HTTP/1.1" 200 OK
2026-01-29 22:30:13,578 INFO sqlalchemy.engine.Engine SELECT count(*) AS count_1 
FROM (SELECT artists.id AS artists_id, artists.artist_id AS artists_artist_id, artists.name AS artists_name, artists.aka AS artists_aka, artists.id_number AS artists_id_number, artists.ipi_number AS artists_ipi_number, artists.contact_email AS artists_contact_email, artists.contact_phone AS artists_contact_phone, artists.physical_address AS artists_physical_address, artists.banking_details AS artists_banking_details, artists.profile_image_url AS artists_profile_image_url, artists.streaming_links AS artists_streaming_links, artists.social_media AS artists_social_media, artists.label_id AS artists_label_id, artists.publisher_id AS artists_publisher_id, artists.pro_id AS artists_pro_id, artists.created_at AS artists_created_at, artists.updated_at AS artists_updated_at 
FROM artists) AS anon_1
2026-01-29 22:30:13,579 INFO sqlalchemy.engine.Engine [cached since 612.5s ago] ()
2026-01-29 22:30:13,582 INFO sqlalchemy.engine.Engine ROLLBACK
2026-01-29 22:30:13,584 INFO sqlalchemy.engine.Engine BEGIN (implicit)
2026-01-29 22:30:13,585 INFO sqlalchemy.engine.Engine SELECT users.id AS users_id, users.email AS users_email, users.hashed_password AS users_hashed_password, users.full_name AS users_full_name, users.is_active AS users_is_active, users.is_superuser AS users_is_superuser, users.role AS users_role, users.created_at AS users_created_at, users.updated_at AS users_updated_at, users.last_login AS users_last_login 
FROM users 
WHERE users.email = ?
 LIMIT ? OFFSET ?
2026-01-29 22:30:13,586 INFO sqlalchemy.engine.Engine [cached since 613.9s ago] ('admin@otto.com', 1, 0)
2026-01-29 22:30:13,585 INFO sqlalchemy.engine.Engine SELECT count(*) AS count_1 
FROM (SELECT releases.id AS releases_id, releases.release_id AS releases_release_id, releases.title AS releases_title, releases.upc_code AS releases_upc_code, releases.release_date AS releases_release_date, releases.release_type AS releases_release_type, releases.cover_art_url AS releases_cover_art_url, releases.label_id AS releases_label_id, releases.artist_id AS releases_artist_id, releases.distributor_id AS releases_distributor_id, releases.created_at AS releases_created_at, releases.updated_at AS releases_updated_at 
FROM releases) AS anon_1
2026-01-29 22:30:13,587 INFO sqlalchemy.engine.Engine BEGIN (implicit)
2026-01-29 22:30:13,587 INFO sqlalchemy.engine.Engine [cached since 612.5s ago] ()
2026-01-29 22:30:13,587 INFO sqlalchemy.engine.Engine SELECT users.id AS users_id, users.email AS users_email, users.hashed_password AS users_hashed_password, users.full_name AS users_full_name, users.is_active AS users_is_active, users.is_superuser AS users_is_superuser, users.role AS users_role, users.created_at AS users_created_at, users.updated_at AS users_updated_at, users.last_login AS users_last_login 
FROM users 
WHERE users.email = ?
 LIMIT ? OFFSET ?
2026-01-29 22:30:13,587 INFO sqlalchemy.engine.Engine [cached since 613.9s ago] ('admin@otto.com', 1, 0)
2026-01-29 22:30:13,588 INFO sqlalchemy.engine.Engine SELECT count(*) AS count_1 
FROM (SELECT works.id AS works_id, works.work_id AS works_work_id, works.title AS works_title, works.iswc_code AS works_iswc_code, works.composers AS works_composers, works.composers_text AS works_composers_text, works.arrangers AS works_arrangers, works.arrangers_text AS works_arrangers_text, works.publisher_id AS works_publisher_id, works.pro_id AS works_pro_id, works.created_at AS works_created_at, works.updated_at AS works_updated_at 
FROM works) AS anon_1
2026-01-29 22:30:13,588 INFO sqlalchemy.engine.Engine [cached since 612.5s ago] ()
2026-01-29 22:30:13,590 INFO sqlalchemy.engine.Engine BEGIN (implicit)
2026-01-29 22:30:13,591 INFO sqlalchemy.engine.Engine SELECT count(*) AS count_1 
FROM (SELECT contracts.id AS contracts_id, contracts.contract_id AS contracts_contract_id, contracts.artist_id AS contracts_artist_id, contracts.label_id AS contracts_label_id, contracts.publisher_id AS contracts_publisher_id, contracts.start_date AS contracts_start_date, contracts.end_date AS contracts_end_date, contracts.royalty_rate AS contracts_royalty_rate, contracts.terms AS contracts_terms, contracts.file_path AS contracts_file_path, contracts.status AS contracts_status, contracts.title AS contracts_title, contracts.is_template AS contracts_is_template, contracts.created_at AS contracts_created_at, contracts.updated_at AS contracts_updated_at 
FROM contracts 
WHERE contracts.end_date >= ? OR contracts.end_date IS NULL) AS anon_1
2026-01-29 22:30:13,592 INFO sqlalchemy.engine.Engine [cached since 612.5s ago] ('2026-01-29',)
2026-01-29 22:30:13,592 INFO sqlalchemy.engine.Engine SELECT users.id AS users_id, users.email AS users_email, users.hashed_password AS users_hashed_password, users.full_name AS users_full_name, users.is_active AS users_is_active, users.is_superuser AS users_is_superuser, users.role AS users_role, users.created_at AS users_created_at, users.updated_at AS users_updated_at, users.last_login AS users_last_login 
FROM users 
WHERE users.email = ?
 LIMIT ? OFFSET ?
2026-01-29 22:30:13,592 INFO sqlalchemy.engine.Engine [cached since 613.9s ago] ('admin@otto.com', 1, 0)
2026-01-29 22:30:13,594 INFO sqlalchemy.engine.Engine BEGIN (implicit)
2026-01-29 22:30:13,595 INFO sqlalchemy.engine.Engine SELECT users.id AS users_id, users.email AS users_email, users.hashed_password AS users_hashed_password, users.full_name AS users_full_name, users.is_active AS users_is_active, users.is_superuser AS users_is_superuser, users.role AS users_role, users.created_at AS users_created_at, users.updated_at AS users_updated_at, users.last_login AS users_last_login 
FROM users 
WHERE users.email = ?
 LIMIT ? OFFSET ?
2026-01-29 22:30:13,595 INFO sqlalchemy.engine.Engine [cached since 613.9s ago] ('admin@otto.com', 1, 0)
INFO:     127.0.0.1:42308 - "GET /api/analytics/catalog-growth HTTP/1.1" 200 OK
2026-01-29 22:30:13,597 INFO sqlalchemy.engine.Engine SELECT activities.id AS activities_id, activities.user_id AS activities_user_id, activities.action AS activities_action, activities.entity_type AS activities_entity_type, activities.entity_id AS activities_entity_id, activities.entity_name AS activities_entity_name, activities.timestamp AS activities_timestamp 
FROM activities 
WHERE activities.user_id = ? ORDER BY activities.timestamp DESC
 LIMIT ? OFFSET ?
2026-01-29 22:30:13,598 INFO sqlalchemy.engine.Engine SELECT events.id AS events_id, events.title AS events_title, events.description AS events_description, events.start_datetime AS events_start_datetime, events.end_datetime AS events_end_datetime, events.all_day AS events_all_day, events.category AS events_category, events.color AS events_color, events.location AS events_location, events.recurrence_rule AS events_recurrence_rule, events.recurrence_end_date AS events_recurrence_end_date, events.reminder_minutes AS events_reminder_minutes, events.related_entity_type AS events_related_entity_type, events.related_entity_id AS events_related_entity_id, events.created_by AS events_created_by, events.created_at AS events_created_at, events.updated_at AS events_updated_at 
FROM events 
WHERE events.start_datetime >= ? ORDER BY events.start_datetime
 LIMIT ? OFFSET ?
2026-01-29 22:30:13,600 INFO sqlalchemy.engine.Engine SELECT releases.id AS releases_id, releases.release_id AS releases_release_id, releases.title AS releases_title, releases.upc_code AS releases_upc_code, releases.release_date AS releases_release_date, releases.release_type AS releases_release_type, releases.cover_art_url AS releases_cover_art_url, releases.label_id AS releases_label_id, releases.artist_id AS releases_artist_id, releases.distributor_id AS releases_distributor_id, releases.created_at AS releases_created_at, releases.updated_at AS releases_updated_at 
FROM releases ORDER BY releases.release_date DESC
 LIMIT ? OFFSET ?
2026-01-29 22:30:13,601 INFO sqlalchemy.engine.Engine SELECT count(*) AS count_1 
FROM (SELECT contracts.id AS contracts_id, contracts.contract_id AS contracts_contract_id, contracts.artist_id AS contracts_artist_id, contracts.label_id AS contracts_label_id, contracts.publisher_id AS contracts_publisher_id, contracts.start_date AS contracts_start_date, contracts.end_date AS contracts_end_date, contracts.royalty_rate AS contracts_royalty_rate, contracts.terms AS contracts_terms, contracts.file_path AS contracts_file_path, contracts.status AS contracts_status, contracts.title AS contracts_title, contracts.is_template AS contracts_is_template, contracts.created_at AS contracts_created_at, contracts.updated_at AS contracts_updated_at 
FROM contracts 
WHERE contracts.end_date >= ? OR contracts.end_date IS NULL) AS anon_1
2026-01-29 22:30:13,604 INFO sqlalchemy.engine.Engine [cached since 612.5s ago] ('2026-01-29',)
2026-01-29 22:30:13,601 INFO sqlalchemy.engine.Engine [cached since 612.4s ago] (1, 10, 0)
2026-01-29 22:30:13,602 INFO sqlalchemy.engine.Engine [cached since 612.5s ago] ('2026-01-29 22:30:13.597936', 5, 0)
2026-01-29 22:30:13,603 INFO sqlalchemy.engine.Engine BEGIN (implicit)
2026-01-29 22:30:13,603 INFO sqlalchemy.engine.Engine [cached since 612.4s ago] (1, 0)
2026-01-29 22:30:13,601 INFO sqlalchemy.engine.Engine ROLLBACK
2026-01-29 22:30:13,605 INFO sqlalchemy.engine.Engine SELECT users.id AS users_id, users.email AS users_email, users.hashed_password AS users_hashed_password, users.full_name AS users_full_name, users.is_active AS users_is_active, users.is_superuser AS users_is_superuser, users.role AS users_role, users.created_at AS users_created_at, users.updated_at AS users_updated_at, users.last_login AS users_last_login 
FROM users 
WHERE users.email = ?
 LIMIT ? OFFSET ?
2026-01-29 22:30:13,606 INFO sqlalchemy.engine.Engine [cached since 614s ago] ('admin@otto.com', 1, 0)
INFO:     127.0.0.1:42344 - "GET /api/analytics/kpi HTTP/1.1" 200 OK
2026-01-29 22:30:13,609 INFO sqlalchemy.engine.Engine SELECT count(*) AS count_1 
FROM (SELECT works.id AS works_id, works.work_id AS works_work_id, works.title AS works_title, works.iswc_code AS works_iswc_code, works.composers AS works_composers, works.composers_text AS works_composers_text, works.arrangers AS works_arrangers, works.arrangers_text AS works_arrangers_text, works.publisher_id AS works_publisher_id, works.pro_id AS works_pro_id, works.created_at AS works_created_at, works.updated_at AS works_updated_at 
FROM works) AS anon_1
2026-01-29 22:30:13,609 INFO sqlalchemy.engine.Engine [cached since 612.5s ago] ()
2026-01-29 22:30:13,611 INFO sqlalchemy.engine.Engine SELECT count(*) AS count_1 
FROM (SELECT releases.id AS releases_id, releases.release_id AS releases_release_id, releases.title AS releases_title, releases.upc_code AS releases_upc_code, releases.release_date AS releases_release_date, releases.release_type AS releases_release_type, releases.cover_art_url AS releases_cover_art_url, releases.label_id AS releases_label_id, releases.artist_id AS releases_artist_id, releases.distributor_id AS releases_distributor_id, releases.created_at AS releases_created_at, releases.updated_at AS releases_updated_at 
FROM releases) AS anon_1
2026-01-29 22:30:13,611 INFO sqlalchemy.engine.Engine ROLLBACK
2026-01-29 22:30:13,611 INFO sqlalchemy.engine.Engine ROLLBACK
2026-01-29 22:30:13,611 INFO sqlalchemy.engine.Engine ROLLBACK
INFO:     127.0.0.1:42320 - "GET /api/analytics/pending-contracts HTTP/1.1" 200 OK
2026-01-29 22:30:13,611 INFO sqlalchemy.engine.Engine ROLLBACK
INFO:     127.0.0.1:42302 - "GET /api/analytics/recent-activity?limit=10 HTTP/1.1" 200 OK
2026-01-29 22:30:13,611 INFO sqlalchemy.engine.Engine [cached since 612.5s ago] ()
INFO:     127.0.0.1:42336 - "GET /api/analytics/upcoming-events?limit=5 HTTP/1.1" 200 OK
INFO:     127.0.0.1:42350 - "GET /api/analytics/latest-release HTTP/1.1" 200 OK
2026-01-29 22:30:13,615 INFO sqlalchemy.engine.Engine SELECT count(*) AS count_1 
FROM (SELECT artists.id AS artists_id, artists.artist_id AS artists_artist_id, artists.name AS artists_name, artists.aka AS artists_aka, artists.id_number AS artists_id_number, artists.ipi_number AS artists_ipi_number, artists.contact_email AS artists_contact_email, artists.contact_phone AS artists_contact_phone, artists.physical_address AS artists_physical_address, artists.banking_details AS artists_banking_details, artists.profile_image_url AS artists_profile_image_url, artists.streaming_links AS artists_streaming_links, artists.social_media AS artists_social_media, artists.label_id AS artists_label_id, artists.publisher_id AS artists_publisher_id, artists.pro_id AS artists_pro_id, artists.created_at AS artists_created_at, artists.updated_at AS artists_updated_at 
FROM artists) AS anon_1
2026-01-29 22:30:13,616 INFO sqlalchemy.engine.Engine [cached since 612.5s ago] ()
2026-01-29 22:30:13,618 INFO sqlalchemy.engine.Engine ROLLBACK
INFO:     127.0.0.1:42308 - "GET /api/analytics/catalog-growth HTTP/1.1" 200 OK
INFO:     127.0.0.1:36060 - "OPTIONS /api/analytics/kpi HTTP/1.1" 200 OK
INFO:     127.0.0.1:36070 - "OPTIONS /api/analytics/catalog-growth HTTP/1.1" 200 OK
INFO:     127.0.0.1:36086 - "OPTIONS /api/analytics/upcoming-events?limit=5 HTTP/1.1" 200 OK
INFO:     127.0.0.1:36090 - "OPTIONS /api/analytics/recent-activity?limit=10 HTTP/1.1" 200 OK
INFO:     127.0.0.1:36106 - "OPTIONS /api/analytics/latest-release HTTP/1.1" 200 OK
INFO:     127.0.0.1:36118 - "OPTIONS /api/analytics/pending-contracts HTTP/1.1" 200 OK
INFO:     127.0.0.1:36060 - "OPTIONS /api/analytics/kpi HTTP/1.1" 200 OK
INFO:     127.0.0.1:36070 - "OPTIONS /api/analytics/catalog-growth HTTP/1.1" 200 OK
INFO:     127.0.0.1:36086 - "OPTIONS /api/analytics/upcoming-events?limit=5 HTTP/1.1" 200 OK
INFO:     127.0.0.1:36090 - "OPTIONS /api/analytics/recent-activity?limit=10 HTTP/1.1" 200 OK
INFO:     127.0.0.1:36106 - "OPTIONS /api/analytics/latest-release HTTP/1.1" 200 OK
INFO:     127.0.0.1:36118 - "OPTIONS /api/analytics/pending-contracts HTTP/1.1" 200 OK
2026-01-29 22:51:59,783 INFO sqlalchemy.engine.Engine BEGIN (implicit)
2026-01-29 22:51:59,785 INFO sqlalchemy.engine.Engine SELECT users.id AS users_id, users.email AS users_email, users.hashed_password AS users_hashed_password, users.full_name AS users_full_name, users.is_active AS users_is_active, users.is_superuser AS users_is_superuser, users.role AS users_role, users.created_at AS users_created_at, users.updated_at AS users_updated_at, users.last_login AS users_last_login 
FROM users 
WHERE users.email = ?
 LIMIT ? OFFSET ?
2026-01-29 22:51:59,785 INFO sqlalchemy.engine.Engine [cached since 1920s ago] ('admin@otto.com', 1, 0)
2026-01-29 22:51:59,792 INFO sqlalchemy.engine.Engine SELECT count(*) AS count_1 
FROM (SELECT artists.id AS artists_id, artists.artist_id AS artists_artist_id, artists.name AS artists_name, artists.aka AS artists_aka, artists.id_number AS artists_id_number, artists.ipi_number AS artists_ipi_number, artists.contact_email AS artists_contact_email, artists.contact_phone AS artists_contact_phone, artists.physical_address AS artists_physical_address, artists.banking_details AS artists_banking_details, artists.profile_image_url AS artists_profile_image_url, artists.streaming_links AS artists_streaming_links, artists.social_media AS artists_social_media, artists.label_id AS artists_label_id, artists.publisher_id AS artists_publisher_id, artists.pro_id AS artists_pro_id, artists.created_at AS artists_created_at, artists.updated_at AS artists_updated_at 
FROM artists) AS anon_1
2026-01-29 22:51:59,792 INFO sqlalchemy.engine.Engine [cached since 1919s ago] ()
2026-01-29 22:51:59,794 INFO sqlalchemy.engine.Engine SELECT count(*) AS count_1 
FROM (SELECT releases.id AS releases_id, releases.release_id AS releases_release_id, releases.title AS releases_title, releases.upc_code AS releases_upc_code, releases.release_date AS releases_release_date, releases.release_type AS releases_release_type, releases.cover_art_url AS releases_cover_art_url, releases.label_id AS releases_label_id, releases.artist_id AS releases_artist_id, releases.distributor_id AS releases_distributor_id, releases.created_at AS releases_created_at, releases.updated_at AS releases_updated_at 
FROM releases) AS anon_1
2026-01-29 22:51:59,796 INFO sqlalchemy.engine.Engine [cached since 1919s ago] ()
2026-01-29 22:51:59,798 INFO sqlalchemy.engine.Engine SELECT count(*) AS count_1 
FROM (SELECT works.id AS works_id, works.work_id AS works_work_id, works.title AS works_title, works.iswc_code AS works_iswc_code, works.composers AS works_composers, works.composers_text AS works_composers_text, works.arrangers AS works_arrangers, works.arrangers_text AS works_arrangers_text, works.publisher_id AS works_publisher_id, works.pro_id AS works_pro_id, works.created_at AS works_created_at, works.updated_at AS works_updated_at 
FROM works) AS anon_1
2026-01-29 22:51:59,798 INFO sqlalchemy.engine.Engine [cached since 1919s ago] ()
2026-01-29 22:51:59,800 INFO sqlalchemy.engine.Engine SELECT count(*) AS count_1 
FROM (SELECT contracts.id AS contracts_id, contracts.contract_id AS contracts_contract_id, contracts.artist_id AS contracts_artist_id, contracts.label_id AS contracts_label_id, contracts.publisher_id AS contracts_publisher_id, contracts.start_date AS contracts_start_date, contracts.end_date AS contracts_end_date, contracts.royalty_rate AS contracts_royalty_rate, contracts.terms AS contracts_terms, contracts.file_path AS contracts_file_path, contracts.status AS contracts_status, contracts.title AS contracts_title, contracts.is_template AS contracts_is_template, contracts.created_at AS contracts_created_at, contracts.updated_at AS contracts_updated_at 
FROM contracts 
WHERE contracts.end_date >= ? OR contracts.end_date IS NULL) AS anon_1
2026-01-29 22:51:59,800 INFO sqlalchemy.engine.Engine [cached since 1919s ago] ('2026-01-29',)
2026-01-29 22:51:59,800 INFO sqlalchemy.engine.Engine BEGIN (implicit)
2026-01-29 22:51:59,801 INFO sqlalchemy.engine.Engine SELECT users.id AS users_id, users.email AS users_email, users.hashed_password AS users_hashed_password, users.full_name AS users_full_name, users.is_active AS users_is_active, users.is_superuser AS users_is_superuser, users.role AS users_role, users.created_at AS users_created_at, users.updated_at AS users_updated_at, users.last_login AS users_last_login 
FROM users 
WHERE users.email = ?
 LIMIT ? OFFSET ?
2026-01-29 22:51:59,801 INFO sqlalchemy.engine.Engine [cached since 1920s ago] ('admin@otto.com', 1, 0)
2026-01-29 22:51:59,802 INFO sqlalchemy.engine.Engine BEGIN (implicit)
2026-01-29 22:51:59,802 INFO sqlalchemy.engine.Engine SELECT users.id AS users_id, users.email AS users_email, users.hashed_password AS users_hashed_password, users.full_name AS users_full_name, users.is_active AS users_is_active, users.is_superuser AS users_is_superuser, users.role AS users_role, users.created_at AS users_created_at, users.updated_at AS users_updated_at, users.last_login AS users_last_login 
FROM users 
WHERE users.email = ?
 LIMIT ? OFFSET ?
2026-01-29 22:51:59,802 INFO sqlalchemy.engine.Engine [cached since 1920s ago] ('admin@otto.com', 1, 0)
2026-01-29 22:51:59,806 INFO sqlalchemy.engine.Engine BEGIN (implicit)
2026-01-29 22:51:59,806 INFO sqlalchemy.engine.Engine SELECT users.id AS users_id, users.email AS users_email, users.hashed_password AS users_hashed_password, users.full_name AS users_full_name, users.is_active AS users_is_active, users.is_superuser AS users_is_superuser, users.role AS users_role, users.created_at AS users_created_at, users.updated_at AS users_updated_at, users.last_login AS users_last_login 
FROM users 
WHERE users.email = ?
 LIMIT ? OFFSET ?
2026-01-29 22:51:59,806 INFO sqlalchemy.engine.Engine [cached since 1920s ago] ('admin@otto.com', 1, 0)
2026-01-29 22:51:59,807 INFO sqlalchemy.engine.Engine BEGIN (implicit)
2026-01-29 22:51:59,807 INFO sqlalchemy.engine.Engine SELECT users.id AS users_id, users.email AS users_email, users.hashed_password AS users_hashed_password, users.full_name AS users_full_name, users.is_active AS users_is_active, users.is_superuser AS users_is_superuser, users.role AS users_role, users.created_at AS users_created_at, users.updated_at AS users_updated_at, users.last_login AS users_last_login 
FROM users 
WHERE users.email = ?
 LIMIT ? OFFSET ?
2026-01-29 22:51:59,807 INFO sqlalchemy.engine.Engine [cached since 1920s ago] ('admin@otto.com', 1, 0)
2026-01-29 22:51:59,808 INFO sqlalchemy.engine.Engine BEGIN (implicit)
2026-01-29 22:51:59,809 INFO sqlalchemy.engine.Engine SELECT users.id AS users_id, users.email AS users_email, users.hashed_password AS users_hashed_password, users.full_name AS users_full_name, users.is_active AS users_is_active, users.is_superuser AS users_is_superuser, users.role AS users_role, users.created_at AS users_created_at, users.updated_at AS users_updated_at, users.last_login AS users_last_login 
FROM users 
WHERE users.email = ?
 LIMIT ? OFFSET ?
2026-01-29 22:51:59,809 INFO sqlalchemy.engine.Engine [cached since 1920s ago] ('admin@otto.com', 1, 0)
2026-01-29 22:51:59,811 INFO sqlalchemy.engine.Engine SELECT count(*) AS count_1 
FROM (SELECT contracts.id AS contracts_id, contracts.contract_id AS contracts_contract_id, contracts.artist_id AS contracts_artist_id, contracts.label_id AS contracts_label_id, contracts.publisher_id AS contracts_publisher_id, contracts.start_date AS contracts_start_date, contracts.end_date AS contracts_end_date, contracts.royalty_rate AS contracts_royalty_rate, contracts.terms AS contracts_terms, contracts.file_path AS contracts_file_path, contracts.status AS contracts_status, contracts.title AS contracts_title, contracts.is_template AS contracts_is_template, contracts.created_at AS contracts_created_at, contracts.updated_at AS contracts_updated_at 
FROM contracts 
WHERE contracts.end_date >= ? OR contracts.end_date IS NULL) AS anon_1
2026-01-29 22:51:59,812 INFO sqlalchemy.engine.Engine SELECT events.id AS events_id, events.title AS events_title, events.description AS events_description, events.start_datetime AS events_start_datetime, events.end_datetime AS events_end_datetime, events.all_day AS events_all_day, events.category AS events_category, events.color AS events_color, events.location AS events_location, events.recurrence_rule AS events_recurrence_rule, events.recurrence_end_date AS events_recurrence_end_date, events.reminder_minutes AS events_reminder_minutes, events.related_entity_type AS events_related_entity_type, events.related_entity_id AS events_related_entity_id, events.created_by AS events_created_by, events.created_at AS events_created_at, events.updated_at AS events_updated_at 
FROM events 
WHERE events.start_datetime >= ? ORDER BY events.start_datetime
 LIMIT ? OFFSET ?
2026-01-29 22:51:59,813 INFO sqlalchemy.engine.Engine [cached since 1919s ago] ('2026-01-29 22:51:59.812111', 5, 0)
2026-01-29 22:51:59,813 INFO sqlalchemy.engine.Engine SELECT releases.id AS releases_id, releases.release_id AS releases_release_id, releases.title AS releases_title, releases.upc_code AS releases_upc_code, releases.release_date AS releases_release_date, releases.release_type AS releases_release_type, releases.cover_art_url AS releases_cover_art_url, releases.label_id AS releases_label_id, releases.artist_id AS releases_artist_id, releases.distributor_id AS releases_distributor_id, releases.created_at AS releases_created_at, releases.updated_at AS releases_updated_at 
FROM releases ORDER BY releases.release_date DESC
 LIMIT ? OFFSET ?
2026-01-29 22:51:59,813 INFO sqlalchemy.engine.Engine [cached since 1919s ago] ('2026-01-29',)
2026-01-29 22:51:59,813 INFO sqlalchemy.engine.Engine SELECT count(*) AS count_1 
FROM (SELECT works.id AS works_id, works.work_id AS works_work_id, works.title AS works_title, works.iswc_code AS works_iswc_code, works.composers AS works_composers, works.composers_text AS works_composers_text, works.arrangers AS works_arrangers, works.arrangers_text AS works_arrangers_text, works.publisher_id AS works_publisher_id, works.pro_id AS works_pro_id, works.created_at AS works_created_at, works.updated_at AS works_updated_at 
FROM works) AS anon_1
2026-01-29 22:51:59,813 INFO sqlalchemy.engine.Engine ROLLBACK
2026-01-29 22:51:59,812 INFO sqlalchemy.engine.Engine SELECT activities.id AS activities_id, activities.user_id AS activities_user_id, activities.action AS activities_action, activities.entity_type AS activities_entity_type, activities.entity_id AS activities_entity_id, activities.entity_name AS activities_entity_name, activities.timestamp AS activities_timestamp 
FROM activities 
WHERE activities.user_id = ? ORDER BY activities.timestamp DESC
 LIMIT ? OFFSET ?
INFO:     127.0.0.1:36060 - "GET /api/analytics/kpi HTTP/1.1" 200 OK
2026-01-29 22:51:59,814 INFO sqlalchemy.engine.Engine [cached since 1919s ago] (1, 0)
2026-01-29 22:51:59,814 INFO sqlalchemy.engine.Engine [cached since 1919s ago] ()
2026-01-29 22:51:59,815 INFO sqlalchemy.engine.Engine [cached since 1919s ago] (1, 10, 0)
2026-01-29 22:51:59,816 INFO sqlalchemy.engine.Engine ROLLBACK
2026-01-29 22:51:59,817 INFO sqlalchemy.engine.Engine ROLLBACK
INFO:     127.0.0.1:36118 - "GET /api/analytics/pending-contracts HTTP/1.1" 200 OK
2026-01-29 22:51:59,818 INFO sqlalchemy.engine.Engine ROLLBACK
INFO:     127.0.0.1:36086 - "GET /api/analytics/upcoming-events?limit=5 HTTP/1.1" 200 OK
2026-01-29 22:51:59,819 INFO sqlalchemy.engine.Engine SELECT count(*) AS count_1 
FROM (SELECT releases.id AS releases_id, releases.release_id AS releases_release_id, releases.title AS releases_title, releases.upc_code AS releases_upc_code, releases.release_date AS releases_release_date, releases.release_type AS releases_release_type, releases.cover_art_url AS releases_cover_art_url, releases.label_id AS releases_label_id, releases.artist_id AS releases_artist_id, releases.distributor_id AS releases_distributor_id, releases.created_at AS releases_created_at, releases.updated_at AS releases_updated_at 
FROM releases) AS anon_1
INFO:     127.0.0.1:36106 - "GET /api/analytics/latest-release HTTP/1.1" 200 OK
2026-01-29 22:51:59,822 INFO sqlalchemy.engine.Engine [cached since 1919s ago] ()
2026-01-29 22:51:59,824 INFO sqlalchemy.engine.Engine SELECT count(*) AS count_1 
FROM (SELECT artists.id AS artists_id, artists.artist_id AS artists_artist_id, artists.name AS artists_name, artists.aka AS artists_aka, artists.id_number AS artists_id_number, artists.ipi_number AS artists_ipi_number, artists.contact_email AS artists_contact_email, artists.contact_phone AS artists_contact_phone, artists.physical_address AS artists_physical_address, artists.banking_details AS artists_banking_details, artists.profile_image_url AS artists_profile_image_url, artists.streaming_links AS artists_streaming_links, artists.social_media AS artists_social_media, artists.label_id AS artists_label_id, artists.publisher_id AS artists_publisher_id, artists.pro_id AS artists_pro_id, artists.created_at AS artists_created_at, artists.updated_at AS artists_updated_at 
FROM artists) AS anon_1
2026-01-29 22:51:59,824 INFO sqlalchemy.engine.Engine [cached since 1919s ago] ()
2026-01-29 22:51:59,825 INFO sqlalchemy.engine.Engine BEGIN (implicit)
2026-01-29 22:51:59,826 INFO sqlalchemy.engine.Engine SELECT users.id AS users_id, users.email AS users_email, users.hashed_password AS users_hashed_password, users.full_name AS users_full_name, users.is_active AS users_is_active, users.is_superuser AS users_is_superuser, users.role AS users_role, users.created_at AS users_created_at, users.updated_at AS users_updated_at, users.last_login AS users_last_login 
FROM users 
WHERE users.email = ?
 LIMIT ? OFFSET ?
2026-01-29 22:51:59,826 INFO sqlalchemy.engine.Engine [cached since 1920s ago] ('admin@otto.com', 1, 0)
2026-01-29 22:51:59,827 INFO sqlalchemy.engine.Engine ROLLBACK
2026-01-29 22:51:59,828 INFO sqlalchemy.engine.Engine SELECT count(*) AS count_1 
FROM (SELECT artists.id AS artists_id, artists.artist_id AS artists_artist_id, artists.name AS artists_name, artists.aka AS artists_aka, artists.id_number AS artists_id_number, artists.ipi_number AS artists_ipi_number, artists.contact_email AS artists_contact_email, artists.contact_phone AS artists_contact_phone, artists.physical_address AS artists_physical_address, artists.banking_details AS artists_banking_details, artists.profile_image_url AS artists_profile_image_url, artists.streaming_links AS artists_streaming_links, artists.social_media AS artists_social_media, artists.label_id AS artists_label_id, artists.publisher_id AS artists_publisher_id, artists.pro_id AS artists_pro_id, artists.created_at AS artists_created_at, artists.updated_at AS artists_updated_at 
FROM artists) AS anon_1
2026-01-29 22:51:59,829 INFO sqlalchemy.engine.Engine [cached since 1919s ago] ()
2026-01-29 22:51:59,830 INFO sqlalchemy.engine.Engine SELECT count(*) AS count_1 
FROM (SELECT releases.id AS releases_id, releases.release_id AS releases_release_id, releases.title AS releases_title, releases.upc_code AS releases_upc_code, releases.release_date AS releases_release_date, releases.release_type AS releases_release_type, releases.cover_art_url AS releases_cover_art_url, releases.label_id AS releases_label_id, releases.artist_id AS releases_artist_id, releases.distributor_id AS releases_distributor_id, releases.created_at AS releases_created_at, releases.updated_at AS releases_updated_at 
FROM releases) AS anon_1
2026-01-29 22:51:59,831 INFO sqlalchemy.engine.Engine [cached since 1919s ago] ()
INFO:     127.0.0.1:36070 - "GET /api/analytics/catalog-growth HTTP/1.1" 200 OK
2026-01-29 22:51:59,829 INFO sqlalchemy.engine.Engine ROLLBACK
2026-01-29 22:51:59,831 INFO sqlalchemy.engine.Engine SELECT count(*) AS count_1 
FROM (SELECT works.id AS works_id, works.work_id AS works_work_id, works.title AS works_title, works.iswc_code AS works_iswc_code, works.composers AS works_composers, works.composers_text AS works_composers_text, works.arrangers AS works_arrangers, works.arrangers_text AS works_arrangers_text, works.publisher_id AS works_publisher_id, works.pro_id AS works_pro_id, works.created_at AS works_created_at, works.updated_at AS works_updated_at 
FROM works) AS anon_1
2026-01-29 22:51:59,837 INFO sqlalchemy.engine.Engine BEGIN (implicit)
2026-01-29 22:51:59,837 INFO sqlalchemy.engine.Engine [cached since 1919s ago] ()
2026-01-29 22:51:59,837 INFO sqlalchemy.engine.Engine SELECT users.id AS users_id, users.email AS users_email, users.hashed_password AS users_hashed_password, users.full_name AS users_full_name, users.is_active AS users_is_active, users.is_superuser AS users_is_superuser, users.role AS users_role, users.created_at AS users_created_at, users.updated_at AS users_updated_at, users.last_login AS users_last_login 
FROM users 
WHERE users.email = ?
 LIMIT ? OFFSET ?
2026-01-29 22:51:59,838 INFO sqlalchemy.engine.Engine [cached since 1920s ago] ('admin@otto.com', 1, 0)
2026-01-29 22:51:59,839 INFO sqlalchemy.engine.Engine SELECT count(*) AS count_1 
FROM (SELECT contracts.id AS contracts_id, contracts.contract_id AS contracts_contract_id, contracts.artist_id AS contracts_artist_id, contracts.label_id AS contracts_label_id, contracts.publisher_id AS contracts_publisher_id, contracts.start_date AS contracts_start_date, contracts.end_date AS contracts_end_date, contracts.royalty_rate AS contracts_royalty_rate, contracts.terms AS contracts_terms, contracts.file_path AS contracts_file_path, contracts.status AS contracts_status, contracts.title AS contracts_title, contracts.is_template AS contracts_is_template, contracts.created_at AS contracts_created_at, contracts.updated_at AS contracts_updated_at 
FROM contracts 
WHERE contracts.end_date >= ? OR contracts.end_date IS NULL) AS anon_1
2026-01-29 22:51:59,839 INFO sqlalchemy.engine.Engine [cached since 1919s ago] ('2026-01-29',)
2026-01-29 22:51:59,840 INFO sqlalchemy.engine.Engine BEGIN (implicit)
2026-01-29 22:51:59,840 INFO sqlalchemy.engine.Engine SELECT users.id AS users_id, users.email AS users_email, users.hashed_password AS users_hashed_password, users.full_name AS users_full_name, users.is_active AS users_is_active, users.is_superuser AS users_is_superuser, users.role AS users_role, users.created_at AS users_created_at, users.updated_at AS users_updated_at, users.last_login AS users_last_login 
FROM users 
WHERE users.email = ?
 LIMIT ? OFFSET ?
2026-01-29 22:51:59,840 INFO sqlalchemy.engine.Engine [cached since 1920s ago] ('admin@otto.com', 1, 0)
INFO:     127.0.0.1:36090 - "GET /api/analytics/recent-activity?limit=10 HTTP/1.1" 200 OK
2026-01-29 22:51:59,842 INFO sqlalchemy.engine.Engine BEGIN (implicit)
2026-01-29 22:51:59,842 INFO sqlalchemy.engine.Engine SELECT users.id AS users_id, users.email AS users_email, users.hashed_password AS users_hashed_password, users.full_name AS users_full_name, users.is_active AS users_is_active, users.is_superuser AS users_is_superuser, users.role AS users_role, users.created_at AS users_created_at, users.updated_at AS users_updated_at, users.last_login AS users_last_login 
FROM users 
WHERE users.email = ?
 LIMIT ? OFFSET ?
2026-01-29 22:51:59,842 INFO sqlalchemy.engine.Engine [cached since 1920s ago] ('admin@otto.com', 1, 0)
2026-01-29 22:51:59,843 INFO sqlalchemy.engine.Engine BEGIN (implicit)
2026-01-29 22:51:59,843 INFO sqlalchemy.engine.Engine SELECT users.id AS users_id, users.email AS users_email, users.hashed_password AS users_hashed_password, users.full_name AS users_full_name, users.is_active AS users_is_active, users.is_superuser AS users_is_superuser, users.role AS users_role, users.created_at AS users_created_at, users.updated_at AS users_updated_at, users.last_login AS users_last_login 
FROM users 
WHERE users.email = ?
 LIMIT ? OFFSET ?
2026-01-29 22:51:59,843 INFO sqlalchemy.engine.Engine [cached since 1920s ago] ('admin@otto.com', 1, 0)
2026-01-29 22:51:59,845 INFO sqlalchemy.engine.Engine SELECT count(*) AS count_1 
FROM (SELECT contracts.id AS contracts_id, contracts.contract_id AS contracts_contract_id, contracts.artist_id AS contracts_artist_id, contracts.label_id AS contracts_label_id, contracts.publisher_id AS contracts_publisher_id, contracts.start_date AS contracts_start_date, contracts.end_date AS contracts_end_date, contracts.royalty_rate AS contracts_royalty_rate, contracts.terms AS contracts_terms, contracts.file_path AS contracts_file_path, contracts.status AS contracts_status, contracts.title AS contracts_title, contracts.is_template AS contracts_is_template, contracts.created_at AS contracts_created_at, contracts.updated_at AS contracts_updated_at 
FROM contracts 
WHERE contracts.end_date >= ? OR contracts.end_date IS NULL) AS anon_1
2026-01-29 22:51:59,845 INFO sqlalchemy.engine.Engine [cached since 1919s ago] ('2026-01-29',)
2026-01-29 22:51:59,846 INFO sqlalchemy.engine.Engine SELECT events.id AS events_id, events.title AS events_title, events.description AS events_description, events.start_datetime AS events_start_datetime, events.end_datetime AS events_end_datetime, events.all_day AS events_all_day, events.category AS events_category, events.color AS events_color, events.location AS events_location, events.recurrence_rule AS events_recurrence_rule, events.recurrence_end_date AS events_recurrence_end_date, events.reminder_minutes AS events_reminder_minutes, events.related_entity_type AS events_related_entity_type, events.related_entity_id AS events_related_entity_id, events.created_by AS events_created_by, events.created_at AS events_created_at, events.updated_at AS events_updated_at 
FROM events 
WHERE events.start_datetime >= ? ORDER BY events.start_datetime
 LIMIT ? OFFSET ?
2026-01-29 22:51:59,847 INFO sqlalchemy.engine.Engine SELECT count(*) AS count_1 
FROM (SELECT works.id AS works_id, works.work_id AS works_work_id, works.title AS works_title, works.iswc_code AS works_iswc_code, works.composers AS works_composers, works.composers_text AS works_composers_text, works.arrangers AS works_arrangers, works.arrangers_text AS works_arrangers_text, works.publisher_id AS works_publisher_id, works.pro_id AS works_pro_id, works.created_at AS works_created_at, works.updated_at AS works_updated_at 
FROM works) AS anon_1
2026-01-29 22:51:59,848 INFO sqlalchemy.engine.Engine SELECT releases.id AS releases_id, releases.release_id AS releases_release_id, releases.title AS releases_title, releases.upc_code AS releases_upc_code, releases.release_date AS releases_release_date, releases.release_type AS releases_release_type, releases.cover_art_url AS releases_cover_art_url, releases.label_id AS releases_label_id, releases.artist_id AS releases_artist_id, releases.distributor_id AS releases_distributor_id, releases.created_at AS releases_created_at, releases.updated_at AS releases_updated_at 
FROM releases ORDER BY releases.release_date DESC
 LIMIT ? OFFSET ?
2026-01-29 22:51:59,849 INFO sqlalchemy.engine.Engine BEGIN (implicit)
2026-01-29 22:51:59,850 INFO sqlalchemy.engine.Engine ROLLBACK
2026-01-29 22:51:59,850 INFO sqlalchemy.engine.Engine [cached since 1919s ago] ('2026-01-29 22:51:59.846081', 5, 0)
2026-01-29 22:51:59,851 INFO sqlalchemy.engine.Engine [cached since 1919s ago] ()
2026-01-29 22:51:59,851 INFO sqlalchemy.engine.Engine [cached since 1919s ago] (1, 0)
2026-01-29 22:51:59,851 INFO sqlalchemy.engine.Engine SELECT users.id AS users_id, users.email AS users_email, users.hashed_password AS users_hashed_password, users.full_name AS users_full_name, users.is_active AS users_is_active, users.is_superuser AS users_is_superuser, users.role AS users_role, users.created_at AS users_created_at, users.updated_at AS users_updated_at, users.last_login AS users_last_login 
FROM users 
WHERE users.email = ?
 LIMIT ? OFFSET ?
2026-01-29 22:51:59,852 INFO sqlalchemy.engine.Engine [cached since 1920s ago] ('admin@otto.com', 1, 0)
2026-01-29 22:51:59,853 INFO sqlalchemy.engine.Engine SELECT count(*) AS count_1 
FROM (SELECT releases.id AS releases_id, releases.release_id AS releases_release_id, releases.title AS releases_title, releases.upc_code AS releases_upc_code, releases.release_date AS releases_release_date, releases.release_type AS releases_release_type, releases.cover_art_url AS releases_cover_art_url, releases.label_id AS releases_label_id, releases.artist_id AS releases_artist_id, releases.distributor_id AS releases_distributor_id, releases.created_at AS releases_created_at, releases.updated_at AS releases_updated_at 
FROM releases) AS anon_1
2026-01-29 22:51:59,853 INFO sqlalchemy.engine.Engine [cached since 1919s ago] ()
INFO:     127.0.0.1:36060 - "GET /api/analytics/kpi HTTP/1.1" 200 OK
2026-01-29 22:51:59,854 INFO sqlalchemy.engine.Engine ROLLBACK
2026-01-29 22:51:59,855 INFO sqlalchemy.engine.Engine ROLLBACK
2026-01-29 22:51:59,856 INFO sqlalchemy.engine.Engine SELECT activities.id AS activities_id, activities.user_id AS activities_user_id, activities.action AS activities_action, activities.entity_type AS activities_entity_type, activities.entity_id AS activities_entity_id, activities.entity_name AS activities_entity_name, activities.timestamp AS activities_timestamp 
FROM activities 
WHERE activities.user_id = ? ORDER BY activities.timestamp DESC
 LIMIT ? OFFSET ?
2026-01-29 22:51:59,856 INFO sqlalchemy.engine.Engine [cached since 1919s ago] (1, 10, 0)
INFO:     127.0.0.1:36106 - "GET /api/analytics/pending-contracts HTTP/1.1" 200 OK
INFO:     127.0.0.1:36086 - "GET /api/analytics/latest-release HTTP/1.1" 200 OK
2026-01-29 22:51:59,857 INFO sqlalchemy.engine.Engine SELECT count(*) AS count_1 
FROM (SELECT artists.id AS artists_id, artists.artist_id AS artists_artist_id, artists.name AS artists_name, artists.aka AS artists_aka, artists.id_number AS artists_id_number, artists.ipi_number AS artists_ipi_number, artists.contact_email AS artists_contact_email, artists.contact_phone AS artists_contact_phone, artists.physical_address AS artists_physical_address, artists.banking_details AS artists_banking_details, artists.profile_image_url AS artists_profile_image_url, artists.streaming_links AS artists_streaming_links, artists.social_media AS artists_social_media, artists.label_id AS artists_label_id, artists.publisher_id AS artists_publisher_id, artists.pro_id AS artists_pro_id, artists.created_at AS artists_created_at, artists.updated_at AS artists_updated_at 
FROM artists) AS anon_1
2026-01-29 22:51:59,859 INFO sqlalchemy.engine.Engine [cached since 1919s ago] ()
2026-01-29 22:51:59,857 INFO sqlalchemy.engine.Engine ROLLBACK
2026-01-29 22:51:59,860 INFO sqlalchemy.engine.Engine ROLLBACK
2026-01-29 22:51:59,861 INFO sqlalchemy.engine.Engine ROLLBACK
INFO:     127.0.0.1:36118 - "GET /api/analytics/upcoming-events?limit=5 HTTP/1.1" 200 OK
INFO:     127.0.0.1:36070 - "GET /api/analytics/catalog-growth HTTP/1.1" 200 OK
INFO:     127.0.0.1:36090 - "GET /api/analytics/recent-activity?limit=10 HTTP/1.1" 200 OK
INFO:     127.0.0.1:35262 - "OPTIONS /api/notes HTTP/1.1" 200 OK
INFO:     127.0.0.1:35264 - "OPTIONS /api/catalog/artists HTTP/1.1" 200 OK
INFO:     127.0.0.1:35276 - "OPTIONS /api/catalog/releases HTTP/1.1" 200 OK
INFO:     127.0.0.1:35290 - "OPTIONS /api/notes HTTP/1.1" 200 OK
INFO:     127.0.0.1:35296 - "OPTIONS /api/catalog/artists HTTP/1.1" 200 OK
INFO:     127.0.0.1:35300 - "OPTIONS /api/catalog/releases HTTP/1.1" 200 OK
INFO:     127.0.0.1:35290 - "GET /api/notes HTTP/1.1" 307 Temporary Redirect
INFO:     127.0.0.1:35290 - "GET /api/notes HTTP/1.1" 307 Temporary Redirect
2026-01-29 22:52:15,688 INFO sqlalchemy.engine.Engine BEGIN (implicit)
2026-01-29 22:52:15,690 INFO sqlalchemy.engine.Engine SELECT users.id AS users_id, users.email AS users_email, users.hashed_password AS users_hashed_password, users.full_name AS users_full_name, users.is_active AS users_is_active, users.is_superuser AS users_is_superuser, users.role AS users_role, users.created_at AS users_created_at, users.updated_at AS users_updated_at, users.last_login AS users_last_login 
FROM users 
WHERE users.email = ?
 LIMIT ? OFFSET ?
2026-01-29 22:52:15,690 INFO sqlalchemy.engine.Engine [cached since 1936s ago] ('admin@otto.com', 1, 0)
2026-01-29 22:52:15,702 INFO sqlalchemy.engine.Engine BEGIN (implicit)
2026-01-29 22:52:15,703 INFO sqlalchemy.engine.Engine SELECT users.id AS users_id, users.email AS users_email, users.hashed_password AS users_hashed_password, users.full_name AS users_full_name, users.is_active AS users_is_active, users.is_superuser AS users_is_superuser, users.role AS users_role, users.created_at AS users_created_at, users.updated_at AS users_updated_at, users.last_login AS users_last_login 
FROM users 
WHERE users.email = ?
 LIMIT ? OFFSET ?
2026-01-29 22:52:15,703 INFO sqlalchemy.engine.Engine [cached since 1936s ago] ('admin@otto.com', 1, 0)
2026-01-29 22:52:15,705 INFO sqlalchemy.engine.Engine SELECT artists.id AS artists_id, artists.artist_id AS artists_artist_id, artists.name AS artists_name, artists.aka AS artists_aka, artists.id_number AS artists_id_number, artists.ipi_number AS artists_ipi_number, artists.contact_email AS artists_contact_email, artists.contact_phone AS artists_contact_phone, artists.physical_address AS artists_physical_address, artists.banking_details AS artists_banking_details, artists.profile_image_url AS artists_profile_image_url, artists.streaming_links AS artists_streaming_links, artists.social_media AS artists_social_media, artists.label_id AS artists_label_id, artists.publisher_id AS artists_publisher_id, artists.pro_id AS artists_pro_id, artists.created_at AS artists_created_at, artists.updated_at AS artists_updated_at 
FROM artists
 LIMIT ? OFFSET ?
2026-01-29 22:52:15,705 INFO sqlalchemy.engine.Engine [cached since 1629s ago] (100, 0)
INFO:     127.0.0.1:35290 - "OPTIONS /api/notes/ HTTP/1.1" 200 OK
INFO:     127.0.0.1:35276 - "OPTIONS /api/notes/ HTTP/1.1" 200 OK
2026-01-29 22:52:15,710 INFO sqlalchemy.engine.Engine SELECT releases.id AS releases_id, releases.release_id AS releases_release_id, releases.title AS releases_title, releases.upc_code AS releases_upc_code, releases.release_date AS releases_release_date, releases.release_type AS releases_release_type, releases.cover_art_url AS releases_cover_art_url, releases.label_id AS releases_label_id, releases.artist_id AS releases_artist_id, releases.distributor_id AS releases_distributor_id, releases.created_at AS releases_created_at, releases.updated_at AS releases_updated_at 
FROM releases
 LIMIT ? OFFSET ?
2026-01-29 22:52:15,710 INFO sqlalchemy.engine.Engine [cached since 1629s ago] (100, 0)
2026-01-29 22:52:15,722 INFO sqlalchemy.engine.Engine ROLLBACK
2026-01-29 22:52:15,723 INFO sqlalchemy.engine.Engine BEGIN (implicit)
2026-01-29 22:52:15,723 INFO sqlalchemy.engine.Engine SELECT users.id AS users_id, users.email AS users_email, users.hashed_password AS users_hashed_password, users.full_name AS users_full_name, users.is_active AS users_is_active, users.is_superuser AS users_is_superuser, users.role AS users_role, users.created_at AS users_created_at, users.updated_at AS users_updated_at, users.last_login AS users_last_login 
FROM users 
WHERE users.email = ?
 LIMIT ? OFFSET ?
2026-01-29 22:52:15,723 INFO sqlalchemy.engine.Engine [cached since 1936s ago] ('admin@otto.com', 1, 0)
INFO:     127.0.0.1:35264 - "GET /api/catalog/artists HTTP/1.1" 200 OK
2026-01-29 22:52:15,732 INFO sqlalchemy.engine.Engine SELECT notes.id AS notes_id, notes.title AS notes_title, notes.content AS notes_content, notes.content_markdown AS notes_content_markdown, notes.tags AS notes_tags, notes.category AS notes_category, notes.color AS notes_color, notes.pinned AS notes_pinned, notes.attachments AS notes_attachments, notes.related_entity_type AS notes_related_entity_type, notes.related_entity_id AS notes_related_entity_id, notes.created_by AS notes_created_by, notes.created_at AS notes_created_at, notes.updated_at AS notes_updated_at 
FROM notes
 LIMIT ? OFFSET ?
2026-01-29 22:52:15,733 INFO sqlalchemy.engine.Engine [cached since 1629s ago] (100, 0)
2026-01-29 22:52:15,738 INFO sqlalchemy.engine.Engine BEGIN (implicit)
2026-01-29 22:52:15,743 INFO sqlalchemy.engine.Engine ROLLBACK
2026-01-29 22:52:15,740 INFO sqlalchemy.engine.Engine SELECT users.id AS users_id, users.email AS users_email, users.hashed_password AS users_hashed_password, users.full_name AS users_full_name, users.is_active AS users_is_active, users.is_superuser AS users_is_superuser, users.role AS users_role, users.created_at AS users_created_at, users.updated_at AS users_updated_at, users.last_login AS users_last_login 
FROM users 
WHERE users.email = ?
 LIMIT ? OFFSET ?
2026-01-29 22:52:15,746 INFO sqlalchemy.engine.Engine [cached since 1936s ago] ('admin@otto.com', 1, 0)
INFO:     127.0.0.1:35300 - "GET /api/catalog/releases HTTP/1.1" 200 OK
2026-01-29 22:52:15,751 INFO sqlalchemy.engine.Engine SELECT artists.id AS artists_id, artists.artist_id AS artists_artist_id, artists.name AS artists_name, artists.aka AS artists_aka, artists.id_number AS artists_id_number, artists.ipi_number AS artists_ipi_number, artists.contact_email AS artists_contact_email, artists.contact_phone AS artists_contact_phone, artists.physical_address AS artists_physical_address, artists.banking_details AS artists_banking_details, artists.profile_image_url AS artists_profile_image_url, artists.streaming_links AS artists_streaming_links, artists.social_media AS artists_social_media, artists.label_id AS artists_label_id, artists.publisher_id AS artists_publisher_id, artists.pro_id AS artists_pro_id, artists.created_at AS artists_created_at, artists.updated_at AS artists_updated_at 
FROM artists
 LIMIT ? OFFSET ?
2026-01-29 22:52:15,752 INFO sqlalchemy.engine.Engine [cached since 1629s ago] (100, 0)
2026-01-29 22:52:15,755 INFO sqlalchemy.engine.Engine ROLLBACK
INFO:     127.0.0.1:35262 - "GET /api/notes/ HTTP/1.1" 200 OK
2026-01-29 22:52:15,757 INFO sqlalchemy.engine.Engine BEGIN (implicit)
2026-01-29 22:52:15,757 INFO sqlalchemy.engine.Engine SELECT users.id AS users_id, users.email AS users_email, users.hashed_password AS users_hashed_password, users.full_name AS users_full_name, users.is_active AS users_is_active, users.is_superuser AS users_is_superuser, users.role AS users_role, users.created_at AS users_created_at, users.updated_at AS users_updated_at, users.last_login AS users_last_login 
FROM users 
WHERE users.email = ?
 LIMIT ? OFFSET ?
2026-01-29 22:52:15,757 INFO sqlalchemy.engine.Engine [cached since 1936s ago] ('admin@otto.com', 1, 0)
2026-01-29 22:52:15,760 INFO sqlalchemy.engine.Engine ROLLBACK
2026-01-29 22:52:15,761 INFO sqlalchemy.engine.Engine SELECT releases.id AS releases_id, releases.release_id AS releases_release_id, releases.title AS releases_title, releases.upc_code AS releases_upc_code, releases.release_date AS releases_release_date, releases.release_type AS releases_release_type, releases.cover_art_url AS releases_cover_art_url, releases.label_id AS releases_label_id, releases.artist_id AS releases_artist_id, releases.distributor_id AS releases_distributor_id, releases.created_at AS releases_created_at, releases.updated_at AS releases_updated_at 
FROM releases
 LIMIT ? OFFSET ?
2026-01-29 22:52:15,761 INFO sqlalchemy.engine.Engine [cached since 1629s ago] (100, 0)
INFO:     127.0.0.1:35264 - "GET /api/catalog/artists HTTP/1.1" 200 OK
2026-01-29 22:52:15,766 INFO sqlalchemy.engine.Engine ROLLBACK
INFO:     127.0.0.1:35300 - "GET /api/catalog/releases HTTP/1.1" 200 OK
2026-01-29 22:52:15,782 INFO sqlalchemy.engine.Engine BEGIN (implicit)
2026-01-29 22:52:15,789 INFO sqlalchemy.engine.Engine SELECT users.id AS users_id, users.email AS users_email, users.hashed_password AS users_hashed_password, users.full_name AS users_full_name, users.is_active AS users_is_active, users.is_superuser AS users_is_superuser, users.role AS users_role, users.created_at AS users_created_at, users.updated_at AS users_updated_at, users.last_login AS users_last_login 
FROM users 
WHERE users.email = ?
 LIMIT ? OFFSET ?
2026-01-29 22:52:15,789 INFO sqlalchemy.engine.Engine [cached since 1936s ago] ('admin@otto.com', 1, 0)
2026-01-29 22:52:15,794 INFO sqlalchemy.engine.Engine SELECT notes.id AS notes_id, notes.title AS notes_title, notes.content AS notes_content, notes.content_markdown AS notes_content_markdown, notes.tags AS notes_tags, notes.category AS notes_category, notes.color AS notes_color, notes.pinned AS notes_pinned, notes.attachments AS notes_attachments, notes.related_entity_type AS notes_related_entity_type, notes.related_entity_id AS notes_related_entity_id, notes.created_by AS notes_created_by, notes.created_at AS notes_created_at, notes.updated_at AS notes_updated_at 
FROM notes
 LIMIT ? OFFSET ?
2026-01-29 22:52:15,795 INFO sqlalchemy.engine.Engine [cached since 1629s ago] (100, 0)
2026-01-29 22:52:15,796 INFO sqlalchemy.engine.Engine ROLLBACK
INFO:     127.0.0.1:35262 - "GET /api/notes/ HTTP/1.1" 200 OK
INFO:     127.0.0.1:54882 - "OPTIONS /api/notes HTTP/1.1" 200 OK
INFO:     127.0.0.1:54890 - "POST /api/notes HTTP/1.1" 307 Temporary Redirect
INFO:     127.0.0.1:54882 - "OPTIONS /api/notes/ HTTP/1.1" 200 OK
2026-01-29 22:53:26,389 INFO sqlalchemy.engine.Engine BEGIN (implicit)
2026-01-29 22:53:26,392 INFO sqlalchemy.engine.Engine SELECT users.id AS users_id, users.email AS users_email, users.hashed_password AS users_hashed_password, users.full_name AS users_full_name, users.is_active AS users_is_active, users.is_superuser AS users_is_superuser, users.role AS users_role, users.created_at AS users_created_at, users.updated_at AS users_updated_at, users.last_login AS users_last_login 
FROM users 
WHERE users.email = ?
 LIMIT ? OFFSET ?
2026-01-29 22:53:26,393 INFO sqlalchemy.engine.Engine [cached since 2007s ago] ('admin@otto.com', 1, 0)
2026-01-29 22:53:26,417 INFO sqlalchemy.engine.Engine INSERT INTO notes (title, content, content_markdown, tags, category, color, pinned, attachments, related_entity_type, related_entity_id, created_by, updated_at) VALUES (?, ?, ?, ?, ?, ?, ?, ?, ?, ?, ?, ?) RETURNING id, created_at
2026-01-29 22:53:26,417 INFO sqlalchemy.engine.Engine [generated in 0.00040s] ('Test Note', 'This is a test note to verify saving functionality.', None, 'null', 'general', None, 0, 'null', None, None, 1, None)
2026-01-29 22:53:26,419 INFO sqlalchemy.engine.Engine COMMIT
2026-01-29 22:53:26,446 INFO sqlalchemy.engine.Engine BEGIN (implicit)
2026-01-29 22:53:26,448 INFO sqlalchemy.engine.Engine SELECT notes.id, notes.title, notes.content, notes.content_markdown, notes.tags, notes.category, notes.color, notes.pinned, notes.attachments, notes.related_entity_type, notes.related_entity_id, notes.created_by, notes.created_at, notes.updated_at 
FROM notes 
WHERE notes.id = ?
2026-01-29 22:53:26,448 INFO sqlalchemy.engine.Engine [generated in 0.00024s] (1,)
2026-01-29 22:53:26,450 INFO sqlalchemy.engine.Engine SELECT users.id AS users_id, users.email AS users_email, users.hashed_password AS users_hashed_password, users.full_name AS users_full_name, users.is_active AS users_is_active, users.is_superuser AS users_is_superuser, users.role AS users_role, users.created_at AS users_created_at, users.updated_at AS users_updated_at, users.last_login AS users_last_login 
FROM users 
WHERE users.id = ?
2026-01-29 22:53:26,450 INFO sqlalchemy.engine.Engine [generated in 0.00024s] (1,)
2026-01-29 22:53:26,452 INFO sqlalchemy.engine.Engine INSERT INTO activities (user_id, action, entity_type, entity_id, entity_name, timestamp) VALUES (?, ?, ?, ?, ?, ?)
2026-01-29 22:53:26,452 INFO sqlalchemy.engine.Engine [generated in 0.00025s] (1, 'created', 'note', 1, 'Test Note', '2026-01-29 20:53:26.451344')
2026-01-29 22:53:26,453 INFO sqlalchemy.engine.Engine COMMIT
2026-01-29 22:53:26,482 INFO sqlalchemy.engine.Engine BEGIN (implicit)
2026-01-29 22:53:26,484 INFO sqlalchemy.engine.Engine SELECT notes.id AS notes_id, notes.title AS notes_title, notes.content AS notes_content, notes.content_markdown AS notes_content_markdown, notes.tags AS notes_tags, notes.category AS notes_category, notes.color AS notes_color, notes.pinned AS notes_pinned, notes.attachments AS notes_attachments, notes.related_entity_type AS notes_related_entity_type, notes.related_entity_id AS notes_related_entity_id, notes.created_by AS notes_created_by, notes.created_at AS notes_created_at, notes.updated_at AS notes_updated_at 
FROM notes 
WHERE notes.id = ?
2026-01-29 22:53:26,484 INFO sqlalchemy.engine.Engine [generated in 0.00033s] (1,)
2026-01-29 22:53:26,509 INFO sqlalchemy.engine.Engine ROLLBACK
INFO:     127.0.0.1:54890 - "POST /api/notes/ HTTP/1.1" 201 Created
INFO:     127.0.0.1:54890 - "GET /api/notes HTTP/1.1" 307 Temporary Redirect
2026-01-29 22:53:26,622 INFO sqlalchemy.engine.Engine BEGIN (implicit)
2026-01-29 22:53:26,624 INFO sqlalchemy.engine.Engine SELECT users.id AS users_id, users.email AS users_email, users.hashed_password AS users_hashed_password, users.full_name AS users_full_name, users.is_active AS users_is_active, users.is_superuser AS users_is_superuser, users.role AS users_role, users.created_at AS users_created_at, users.updated_at AS users_updated_at, users.last_login AS users_last_login 
FROM users 
WHERE users.email = ?
 LIMIT ? OFFSET ?
2026-01-29 22:53:26,624 INFO sqlalchemy.engine.Engine [cached since 2007s ago] ('admin@otto.com', 1, 0)
2026-01-29 22:53:26,626 INFO sqlalchemy.engine.Engine SELECT notes.id AS notes_id, notes.title AS notes_title, notes.content AS notes_content, notes.content_markdown AS notes_content_markdown, notes.tags AS notes_tags, notes.category AS notes_category, notes.color AS notes_color, notes.pinned AS notes_pinned, notes.attachments AS notes_attachments, notes.related_entity_type AS notes_related_entity_type, notes.related_entity_id AS notes_related_entity_id, notes.created_by AS notes_created_by, notes.created_at AS notes_created_at, notes.updated_at AS notes_updated_at 
FROM notes
 LIMIT ? OFFSET ?
2026-01-29 22:53:26,627 INFO sqlalchemy.engine.Engine [cached since 1699s ago] (100, 0)
2026-01-29 22:53:26,629 INFO sqlalchemy.engine.Engine ROLLBACK
INFO:     127.0.0.1:54890 - "GET /api/notes/ HTTP/1.1" 200 OK
INFO:     127.0.0.1:39278 - "OPTIONS /api/catalog/tracks HTTP/1.1" 200 OK
INFO:     127.0.0.1:39290 - "OPTIONS /api/catalog/works HTTP/1.1" 200 OK
INFO:     127.0.0.1:39312 - "OPTIONS /api/catalog/tracks HTTP/1.1" 200 OK
INFO:     127.0.0.1:39328 - "OPTIONS /api/catalog/works HTTP/1.1" 200 OK
2026-01-29 22:54:36,134 INFO sqlalchemy.engine.Engine BEGIN (implicit)
2026-01-29 22:54:36,135 INFO sqlalchemy.engine.Engine SELECT users.id AS users_id, users.email AS users_email, users.hashed_password AS users_hashed_password, users.full_name AS users_full_name, users.is_active AS users_is_active, users.is_superuser AS users_is_superuser, users.role AS users_role, users.created_at AS users_created_at, users.updated_at AS users_updated_at, users.last_login AS users_last_login 
FROM users 
WHERE users.email = ?
 LIMIT ? OFFSET ?
2026-01-29 22:54:36,135 INFO sqlalchemy.engine.Engine [cached since 2076s ago] ('admin@otto.com', 1, 0)
2026-01-29 22:54:36,150 INFO sqlalchemy.engine.Engine BEGIN (implicit)
2026-01-29 22:54:36,150 INFO sqlalchemy.engine.Engine SELECT users.id AS users_id, users.email AS users_email, users.hashed_password AS users_hashed_password, users.full_name AS users_full_name, users.is_active AS users_is_active, users.is_superuser AS users_is_superuser, users.role AS users_role, users.created_at AS users_created_at, users.updated_at AS users_updated_at, users.last_login AS users_last_login 
FROM users 
WHERE users.email = ?
 LIMIT ? OFFSET ?
2026-01-29 22:54:36,151 INFO sqlalchemy.engine.Engine [cached since 2077s ago] ('admin@otto.com', 1, 0)
2026-01-29 22:54:36,156 INFO sqlalchemy.engine.Engine SELECT releases.id AS releases_id, releases.release_id AS releases_release_id, releases.title AS releases_title, releases.upc_code AS releases_upc_code, releases.release_date AS releases_release_date, releases.release_type AS releases_release_type, releases.cover_art_url AS releases_cover_art_url, releases.label_id AS releases_label_id, releases.artist_id AS releases_artist_id, releases.distributor_id AS releases_distributor_id, releases.created_at AS releases_created_at, releases.updated_at AS releases_updated_at 
FROM releases
 LIMIT ? OFFSET ?
2026-01-29 22:54:36,156 INFO sqlalchemy.engine.Engine [cached since 1769s ago] (100, 0)
2026-01-29 22:54:36,158 INFO sqlalchemy.engine.Engine BEGIN (implicit)
2026-01-29 22:54:36,158 INFO sqlalchemy.engine.Engine SELECT users.id AS users_id, users.email AS users_email, users.hashed_password AS users_hashed_password, users.full_name AS users_full_name, users.is_active AS users_is_active, users.is_superuser AS users_is_superuser, users.role AS users_role, users.created_at AS users_created_at, users.updated_at AS users_updated_at, users.last_login AS users_last_login 
FROM users 
WHERE users.email = ?
 LIMIT ? OFFSET ?
2026-01-29 22:54:36,165 INFO sqlalchemy.engine.Engine [cached since 2077s ago] ('admin@otto.com', 1, 0)
2026-01-29 22:54:36,167 INFO sqlalchemy.engine.Engine SELECT works.id AS works_id, works.work_id AS works_work_id, works.title AS works_title, works.iswc_code AS works_iswc_code, works.composers AS works_composers, works.composers_text AS works_composers_text, works.arrangers AS works_arrangers, works.arrangers_text AS works_arrangers_text, works.publisher_id AS works_publisher_id, works.pro_id AS works_pro_id, works.created_at AS works_created_at, works.updated_at AS works_updated_at 
FROM works
 LIMIT ? OFFSET ?
2026-01-29 22:54:36,167 INFO sqlalchemy.engine.Engine [cached since 1622s ago] (100, 0)
2026-01-29 22:54:36,167 INFO sqlalchemy.engine.Engine SELECT tracks.id AS tracks_id, tracks.track_id AS tracks_track_id, tracks.title AS tracks_title, tracks.duration AS tracks_duration, tracks.genre AS tracks_genre, tracks.release_date AS tracks_release_date, tracks.isrc_code AS tracks_isrc_code, tracks.streaming_link AS tracks_streaming_link, tracks.artist_ids AS tracks_artist_ids, tracks.file_location AS tracks_file_location, tracks.release_id AS tracks_release_id, tracks.work_id AS tracks_work_id, tracks.created_at AS tracks_created_at, tracks.updated_at AS tracks_updated_at 
FROM tracks
 LIMIT ? OFFSET ?
2026-01-29 22:54:36,168 INFO sqlalchemy.engine.Engine [cached since 1768s ago] (100, 0)
2026-01-29 22:54:36,170 INFO sqlalchemy.engine.Engine ROLLBACK
INFO:     127.0.0.1:39304 - "GET /api/catalog/releases HTTP/1.1" 200 OK
2026-01-29 22:54:36,170 INFO sqlalchemy.engine.Engine ROLLBACK
INFO:     127.0.0.1:39278 - "GET /api/catalog/works HTTP/1.1" 200 OK
2026-01-29 22:54:36,170 INFO sqlalchemy.engine.Engine ROLLBACK
INFO:     127.0.0.1:39336 - "GET /api/catalog/tracks HTTP/1.1" 200 OK
2026-01-29 22:54:36,222 INFO sqlalchemy.engine.Engine BEGIN (implicit)
2026-01-29 22:54:36,227 INFO sqlalchemy.engine.Engine SELECT users.id AS users_id, users.email AS users_email, users.hashed_password AS users_hashed_password, users.full_name AS users_full_name, users.is_active AS users_is_active, users.is_superuser AS users_is_superuser, users.role AS users_role, users.created_at AS users_created_at, users.updated_at AS users_updated_at, users.last_login AS users_last_login 
FROM users 
WHERE users.email = ?
 LIMIT ? OFFSET ?
2026-01-29 22:54:36,230 INFO sqlalchemy.engine.Engine [cached since 2077s ago] ('admin@otto.com', 1, 0)
2026-01-29 22:54:36,243 INFO sqlalchemy.engine.Engine SELECT tracks.id AS tracks_id, tracks.track_id AS tracks_track_id, tracks.title AS tracks_title, tracks.duration AS tracks_duration, tracks.genre AS tracks_genre, tracks.release_date AS tracks_release_date, tracks.isrc_code AS tracks_isrc_code, tracks.streaming_link AS tracks_streaming_link, tracks.artist_ids AS tracks_artist_ids, tracks.file_location AS tracks_file_location, tracks.release_id AS tracks_release_id, tracks.work_id AS tracks_work_id, tracks.created_at AS tracks_created_at, tracks.updated_at AS tracks_updated_at 
FROM tracks
 LIMIT ? OFFSET ?
2026-01-29 22:54:36,243 INFO sqlalchemy.engine.Engine [cached since 1768s ago] (100, 0)
2026-01-29 22:54:36,251 INFO sqlalchemy.engine.Engine BEGIN (implicit)
2026-01-29 22:54:36,259 INFO sqlalchemy.engine.Engine SELECT users.id AS users_id, users.email AS users_email, users.hashed_password AS users_hashed_password, users.full_name AS users_full_name, users.is_active AS users_is_active, users.is_superuser AS users_is_superuser, users.role AS users_role, users.created_at AS users_created_at, users.updated_at AS users_updated_at, users.last_login AS users_last_login 
FROM users 
WHERE users.email = ?
 LIMIT ? OFFSET ?
2026-01-29 22:54:36,259 INFO sqlalchemy.engine.Engine [cached since 2077s ago] ('admin@otto.com', 1, 0)
2026-01-29 22:54:36,261 INFO sqlalchemy.engine.Engine BEGIN (implicit)
2026-01-29 22:54:36,268 INFO sqlalchemy.engine.Engine SELECT users.id AS users_id, users.email AS users_email, users.hashed_password AS users_hashed_password, users.full_name AS users_full_name, users.is_active AS users_is_active, users.is_superuser AS users_is_superuser, users.role AS users_role, users.created_at AS users_created_at, users.updated_at AS users_updated_at, users.last_login AS users_last_login 
FROM users 
WHERE users.email = ?
 LIMIT ? OFFSET ?
2026-01-29 22:54:36,271 INFO sqlalchemy.engine.Engine [cached since 2077s ago] ('admin@otto.com', 1, 0)
2026-01-29 22:54:36,280 INFO sqlalchemy.engine.Engine SELECT releases.id AS releases_id, releases.release_id AS releases_release_id, releases.title AS releases_title, releases.upc_code AS releases_upc_code, releases.release_date AS releases_release_date, releases.release_type AS releases_release_type, releases.cover_art_url AS releases_cover_art_url, releases.label_id AS releases_label_id, releases.artist_id AS releases_artist_id, releases.distributor_id AS releases_distributor_id, releases.created_at AS releases_created_at, releases.updated_at AS releases_updated_at 
FROM releases
 LIMIT ? OFFSET ?
2026-01-29 22:54:36,287 INFO sqlalchemy.engine.Engine [cached since 1769s ago] (100, 0)
2026-01-29 22:54:36,286 INFO sqlalchemy.engine.Engine ROLLBACK
2026-01-29 22:54:36,285 INFO sqlalchemy.engine.Engine SELECT works.id AS works_id, works.work_id AS works_work_id, works.title AS works_title, works.iswc_code AS works_iswc_code, works.composers AS works_composers, works.composers_text AS works_composers_text, works.arrangers AS works_arrangers, works.arrangers_text AS works_arrangers_text, works.publisher_id AS works_publisher_id, works.pro_id AS works_pro_id, works.created_at AS works_created_at, works.updated_at AS works_updated_at 
FROM works
 LIMIT ? OFFSET ?
2026-01-29 22:54:36,301 INFO sqlalchemy.engine.Engine [cached since 1623s ago] (100, 0)
INFO:     127.0.0.1:39304 - "GET /api/catalog/tracks HTTP/1.1" 200 OK
2026-01-29 22:54:36,323 INFO sqlalchemy.engine.Engine ROLLBACK
INFO:     127.0.0.1:39278 - "GET /api/catalog/works HTTP/1.1" 200 OK
2026-01-29 22:54:36,339 INFO sqlalchemy.engine.Engine ROLLBACK
INFO:     127.0.0.1:39336 - "GET /api/catalog/releases HTTP/1.1" 200 OK
INFO:     127.0.0.1:39172 - "OPTIONS /api/catalog/tracks HTTP/1.1" 200 OK
2026-01-29 22:57:21,974 INFO sqlalchemy.engine.Engine BEGIN (implicit)
2026-01-29 22:57:21,974 INFO sqlalchemy.engine.Engine SELECT users.id AS users_id, users.email AS users_email, users.hashed_password AS users_hashed_password, users.full_name AS users_full_name, users.is_active AS users_is_active, users.is_superuser AS users_is_superuser, users.role AS users_role, users.created_at AS users_created_at, users.updated_at AS users_updated_at, users.last_login AS users_last_login 
FROM users 
WHERE users.email = ?
 LIMIT ? OFFSET ?
2026-01-29 22:57:21,975 INFO sqlalchemy.engine.Engine [cached since 2242s ago] ('admin@otto.com', 1, 0)
2026-01-29 22:57:21,983 INFO sqlalchemy.engine.Engine ROLLBACK
INFO:     127.0.0.1:39188 - "POST /api/catalog/tracks HTTP/1.1" 422 Unprocessable Entity
2026-01-29 23:00:09,678 INFO sqlalchemy.engine.Engine BEGIN (implicit)
2026-01-29 23:00:09,689 INFO sqlalchemy.engine.Engine SELECT users.id AS users_id, users.email AS users_email, users.hashed_password AS users_hashed_password, users.full_name AS users_full_name, users.is_active AS users_is_active, users.is_superuser AS users_is_superuser, users.role AS users_role, users.created_at AS users_created_at, users.updated_at AS users_updated_at, users.last_login AS users_last_login 
FROM users 
WHERE users.email = ?
 LIMIT ? OFFSET ?
2026-01-29 23:00:09,693 INFO sqlalchemy.engine.Engine [cached since 2410s ago] ('admin@otto.com', 1, 0)
2026-01-29 23:00:09,726 INFO sqlalchemy.engine.Engine ROLLBACK
INFO:     127.0.0.1:49234 - "POST /api/catalog/tracks HTTP/1.1" 422 Unprocessable Entity
2026-01-29 23:03:40,571 INFO sqlalchemy.engine.Engine BEGIN (implicit)
2026-01-29 23:03:40,590 INFO sqlalchemy.engine.Engine SELECT users.id AS users_id, users.email AS users_email, users.hashed_password AS users_hashed_password, users.full_name AS users_full_name, users.is_active AS users_is_active, users.is_superuser AS users_is_superuser, users.role AS users_role, users.created_at AS users_created_at, users.updated_at AS users_updated_at, users.last_login AS users_last_login 
FROM users 
WHERE users.email = ?
 LIMIT ? OFFSET ?
2026-01-29 23:03:40,601 INFO sqlalchemy.engine.Engine [cached since 2621s ago] ('admin@otto.com', 1, 0)
2026-01-29 23:03:40,662 INFO sqlalchemy.engine.Engine ROLLBACK
INFO:     127.0.0.1:49826 - "POST /api/catalog/tracks HTTP/1.1" 422 Unprocessable Entity
INFO:     127.0.0.1:33890 - "OPTIONS /api/catalog/works HTTP/1.1" 200 OK
INFO:     127.0.0.1:33892 - "OPTIONS /api/catalog/publishers HTTP/1.1" 200 OK
INFO:     127.0.0.1:33900 - "OPTIONS /api/catalog/pros HTTP/1.1" 200 OK
INFO:     127.0.0.1:33916 - "OPTIONS /api/catalog/works HTTP/1.1" 200 OK
INFO:     127.0.0.1:33932 - "OPTIONS /api/catalog/publishers HTTP/1.1" 200 OK
INFO:     127.0.0.1:33940 - "OPTIONS /api/catalog/pros HTTP/1.1" 200 OK
2026-01-29 23:12:32,100 INFO sqlalchemy.engine.Engine BEGIN (implicit)
2026-01-29 23:12:32,109 INFO sqlalchemy.engine.Engine SELECT users.id AS users_id, users.email AS users_email, users.hashed_password AS users_hashed_password, users.full_name AS users_full_name, users.is_active AS users_is_active, users.is_superuser AS users_is_superuser, users.role AS users_role, users.created_at AS users_created_at, users.updated_at AS users_updated_at, users.last_login AS users_last_login 
FROM users 
WHERE users.email = ?
 LIMIT ? OFFSET ?
2026-01-29 23:12:32,112 INFO sqlalchemy.engine.Engine [cached since 3152s ago] ('admin@otto.com', 1, 0)
2026-01-29 23:12:32,126 INFO sqlalchemy.engine.Engine SELECT works.id AS works_id, works.work_id AS works_work_id, works.title AS works_title, works.iswc_code AS works_iswc_code, works.composers AS works_composers, works.composers_text AS works_composers_text, works.arrangers AS works_arrangers, works.arrangers_text AS works_arrangers_text, works.publisher_id AS works_publisher_id, works.pro_id AS works_pro_id, works.created_at AS works_created_at, works.updated_at AS works_updated_at 
FROM works
 LIMIT ? OFFSET ?
2026-01-29 23:12:32,130 INFO sqlalchemy.engine.Engine [cached since 2698s ago] (100, 0)
2026-01-29 23:12:32,201 INFO sqlalchemy.engine.Engine BEGIN (implicit)
2026-01-29 23:12:32,201 INFO sqlalchemy.engine.Engine ROLLBACK
2026-01-29 23:12:32,202 INFO sqlalchemy.engine.Engine SELECT users.id AS users_id, users.email AS users_email, users.hashed_password AS users_hashed_password, users.full_name AS users_full_name, users.is_active AS users_is_active, users.is_superuser AS users_is_superuser, users.role AS users_role, users.created_at AS users_created_at, users.updated_at AS users_updated_at, users.last_login AS users_last_login 
FROM users 
WHERE users.email = ?
 LIMIT ? OFFSET ?
2026-01-29 23:12:32,203 INFO sqlalchemy.engine.Engine [cached since 3153s ago] ('admin@otto.com', 1, 0)
2026-01-29 23:12:32,209 INFO sqlalchemy.engine.Engine BEGIN (implicit)
2026-01-29 23:12:32,216 INFO sqlalchemy.engine.Engine SELECT users.id AS users_id, users.email AS users_email, users.hashed_password AS users_hashed_password, users.full_name AS users_full_name, users.is_active AS users_is_active, users.is_superuser AS users_is_superuser, users.role AS users_role, users.created_at AS users_created_at, users.updated_at AS users_updated_at, users.last_login AS users_last_login 
FROM users 
WHERE users.email = ?
 LIMIT ? OFFSET ?
2026-01-29 23:12:32,217 INFO sqlalchemy.engine.Engine [cached since 3153s ago] ('admin@otto.com', 1, 0)
INFO:     127.0.0.1:33890 - "GET /api/catalog/works HTTP/1.1" 200 OK
2026-01-29 23:12:32,228 INFO sqlalchemy.engine.Engine SELECT publishers.id AS publishers_id, publishers.publisher_id AS publishers_publisher_id, publishers.name AS publishers_name, publishers.address AS publishers_address, publishers.contact_email AS publishers_contact_email, publishers.contact_phone AS publishers_contact_phone, publishers.rights_type AS publishers_rights_type, publishers.artist_ids AS publishers_artist_ids, publishers.created_at AS publishers_created_at, publishers.updated_at AS publishers_updated_at 
FROM publishers
 LIMIT ? OFFSET ?
2026-01-29 23:12:32,228 INFO sqlalchemy.engine.Engine [cached since 2741s ago] (100, 0)
2026-01-29 23:12:32,235 INFO sqlalchemy.engine.Engine SELECT pros.id AS pros_id, pros.pro_id AS pros_pro_id, pros.name AS pros_name, pros.address AS pros_address, pros.contact_email AS pros_contact_email, pros.contact_phone AS pros_contact_phone, pros.website AS pros_website, pros.territory AS pros_territory, pros.created_at AS pros_created_at, pros.updated_at AS pros_updated_at 
FROM pros
 LIMIT ? OFFSET ?
2026-01-29 23:12:32,235 INFO sqlalchemy.engine.Engine [cached since 2698s ago] (100, 0)
2026-01-29 23:12:32,269 INFO sqlalchemy.engine.Engine ROLLBACK
2026-01-29 23:12:32,271 INFO sqlalchemy.engine.Engine ROLLBACK
INFO:     127.0.0.1:33892 - "GET /api/catalog/publishers HTTP/1.1" 200 OK
INFO:     127.0.0.1:33916 - "GET /api/catalog/pros HTTP/1.1" 200 OK
2026-01-29 23:12:32,284 INFO sqlalchemy.engine.Engine BEGIN (implicit)
2026-01-29 23:12:32,285 INFO sqlalchemy.engine.Engine SELECT users.id AS users_id, users.email AS users_email, users.hashed_password AS users_hashed_password, users.full_name AS users_full_name, users.is_active AS users_is_active, users.is_superuser AS users_is_superuser, users.role AS users_role, users.created_at AS users_created_at, users.updated_at AS users_updated_at, users.last_login AS users_last_login 
FROM users 
WHERE users.email = ?
 LIMIT ? OFFSET ?
2026-01-29 23:12:32,285 INFO sqlalchemy.engine.Engine [cached since 3153s ago] ('admin@otto.com', 1, 0)
2026-01-29 23:12:32,289 INFO sqlalchemy.engine.Engine SELECT works.id AS works_id, works.work_id AS works_work_id, works.title AS works_title, works.iswc_code AS works_iswc_code, works.composers AS works_composers, works.composers_text AS works_composers_text, works.arrangers AS works_arrangers, works.arrangers_text AS works_arrangers_text, works.publisher_id AS works_publisher_id, works.pro_id AS works_pro_id, works.created_at AS works_created_at, works.updated_at AS works_updated_at 
FROM works
 LIMIT ? OFFSET ?
2026-01-29 23:12:32,289 INFO sqlalchemy.engine.Engine [cached since 2699s ago] (100, 0)
2026-01-29 23:12:32,297 INFO sqlalchemy.engine.Engine ROLLBACK
INFO:     127.0.0.1:33890 - "GET /api/catalog/works HTTP/1.1" 200 OK
2026-01-29 23:12:32,320 INFO sqlalchemy.engine.Engine BEGIN (implicit)
2026-01-29 23:12:32,321 INFO sqlalchemy.engine.Engine SELECT users.id AS users_id, users.email AS users_email, users.hashed_password AS users_hashed_password, users.full_name AS users_full_name, users.is_active AS users_is_active, users.is_superuser AS users_is_superuser, users.role AS users_role, users.created_at AS users_created_at, users.updated_at AS users_updated_at, users.last_login AS users_last_login 
FROM users 
WHERE users.email = ?
 LIMIT ? OFFSET ?
2026-01-29 23:12:32,322 INFO sqlalchemy.engine.Engine [cached since 3153s ago] ('admin@otto.com', 1, 0)
2026-01-29 23:12:32,331 INFO sqlalchemy.engine.Engine BEGIN (implicit)
2026-01-29 23:12:32,335 INFO sqlalchemy.engine.Engine SELECT users.id AS users_id, users.email AS users_email, users.hashed_password AS users_hashed_password, users.full_name AS users_full_name, users.is_active AS users_is_active, users.is_superuser AS users_is_superuser, users.role AS users_role, users.created_at AS users_created_at, users.updated_at AS users_updated_at, users.last_login AS users_last_login 
FROM users 
WHERE users.email = ?
 LIMIT ? OFFSET ?
2026-01-29 23:12:32,336 INFO sqlalchemy.engine.Engine [cached since 3153s ago] ('admin@otto.com', 1, 0)
2026-01-29 23:12:32,342 INFO sqlalchemy.engine.Engine SELECT publishers.id AS publishers_id, publishers.publisher_id AS publishers_publisher_id, publishers.name AS publishers_name, publishers.address AS publishers_address, publishers.contact_email AS publishers_contact_email, publishers.contact_phone AS publishers_contact_phone, publishers.rights_type AS publishers_rights_type, publishers.artist_ids AS publishers_artist_ids, publishers.created_at AS publishers_created_at, publishers.updated_at AS publishers_updated_at 
FROM publishers
 LIMIT ? OFFSET ?
2026-01-29 23:12:32,346 INFO sqlalchemy.engine.Engine [cached since 2741s ago] (100, 0)
2026-01-29 23:12:32,344 INFO sqlalchemy.engine.Engine SELECT pros.id AS pros_id, pros.pro_id AS pros_pro_id, pros.name AS pros_name, pros.address AS pros_address, pros.contact_email AS pros_contact_email, pros.contact_phone AS pros_contact_phone, pros.website AS pros_website, pros.territory AS pros_territory, pros.created_at AS pros_created_at, pros.updated_at AS pros_updated_at 
FROM pros
 LIMIT ? OFFSET ?
2026-01-29 23:12:32,350 INFO sqlalchemy.engine.Engine [cached since 2699s ago] (100, 0)
2026-01-29 23:12:32,353 INFO sqlalchemy.engine.Engine ROLLBACK
INFO:     127.0.0.1:33916 - "GET /api/catalog/publishers HTTP/1.1" 200 OK
2026-01-29 23:12:32,359 INFO sqlalchemy.engine.Engine ROLLBACK
INFO:     127.0.0.1:33890 - "GET /api/catalog/pros HTTP/1.1" 200 OK
INFO:     127.0.0.1:37572 - "OPTIONS /api/catalog/works HTTP/1.1" 200 OK
2026-01-29 23:15:11,361 INFO sqlalchemy.engine.Engine BEGIN (implicit)
2026-01-29 23:15:11,366 INFO sqlalchemy.engine.Engine SELECT users.id AS users_id, users.email AS users_email, users.hashed_password AS users_hashed_password, users.full_name AS users_full_name, users.is_active AS users_is_active, users.is_superuser AS users_is_superuser, users.role AS users_role, users.created_at AS users_created_at, users.updated_at AS users_updated_at, users.last_login AS users_last_login 
FROM users 
WHERE users.email = ?
 LIMIT ? OFFSET ?
2026-01-29 23:15:11,368 INFO sqlalchemy.engine.Engine [cached since 3312s ago] ('admin@otto.com', 1, 0)
2026-01-29 23:15:11,402 INFO sqlalchemy.engine.Engine INSERT INTO works (work_id, title, iswc_code, composers, composers_text, arrangers, arrangers_text, publisher_id, pro_id, updated_at) VALUES (?, ?, ?, ?, ?, ?, ?, ?, ?, ?) RETURNING id, created_at
2026-01-29 23:15:11,404 INFO sqlalchemy.engine.Engine [generated in 0.00208s] (None, 'Test Work', None, 'null', '', 'null', '', None, None, None)
2026-01-29 23:15:11,413 INFO sqlalchemy.engine.Engine COMMIT
2026-01-29 23:15:11,433 INFO sqlalchemy.engine.Engine BEGIN (implicit)
2026-01-29 23:15:11,437 INFO sqlalchemy.engine.Engine SELECT works.id, works.work_id, works.title, works.iswc_code, works.composers, works.composers_text, works.arrangers, works.arrangers_text, works.publisher_id, works.pro_id, works.created_at, works.updated_at 
FROM works 
WHERE works.id = ?
2026-01-29 23:15:11,438 INFO sqlalchemy.engine.Engine [generated in 0.00252s] (1,)
2026-01-29 23:15:11,447 INFO sqlalchemy.engine.Engine ROLLBACK
INFO:     127.0.0.1:37586 - "POST /api/catalog/works HTTP/1.1" 201 Created
2026-01-29 23:15:11,480 INFO sqlalchemy.engine.Engine BEGIN (implicit)
2026-01-29 23:15:11,484 INFO sqlalchemy.engine.Engine SELECT users.id AS users_id, users.email AS users_email, users.hashed_password AS users_hashed_password, users.full_name AS users_full_name, users.is_active AS users_is_active, users.is_superuser AS users_is_superuser, users.role AS users_role, users.created_at AS users_created_at, users.updated_at AS users_updated_at, users.last_login AS users_last_login 
FROM users 
WHERE users.email = ?
 LIMIT ? OFFSET ?
2026-01-29 23:15:11,486 INFO sqlalchemy.engine.Engine [cached since 3312s ago] ('admin@otto.com', 1, 0)
2026-01-29 23:15:11,512 INFO sqlalchemy.engine.Engine SELECT works.id AS works_id, works.work_id AS works_work_id, works.title AS works_title, works.iswc_code AS works_iswc_code, works.composers AS works_composers, works.composers_text AS works_composers_text, works.arrangers AS works_arrangers, works.arrangers_text AS works_arrangers_text, works.publisher_id AS works_publisher_id, works.pro_id AS works_pro_id, works.created_at AS works_created_at, works.updated_at AS works_updated_at 
FROM works
 LIMIT ? OFFSET ?
2026-01-29 23:15:11,524 INFO sqlalchemy.engine.Engine [cached since 2858s ago] (100, 0)
2026-01-29 23:15:11,538 INFO sqlalchemy.engine.Engine BEGIN (implicit)
2026-01-29 23:15:11,549 INFO sqlalchemy.engine.Engine SELECT users.id AS users_id, users.email AS users_email, users.hashed_password AS users_hashed_password, users.full_name AS users_full_name, users.is_active AS users_is_active, users.is_superuser AS users_is_superuser, users.role AS users_role, users.created_at AS users_created_at, users.updated_at AS users_updated_at, users.last_login AS users_last_login 
FROM users 
WHERE users.email = ?
 LIMIT ? OFFSET ?
2026-01-29 23:15:11,549 INFO sqlalchemy.engine.Engine [cached since 3312s ago] ('admin@otto.com', 1, 0)
2026-01-29 23:15:11,570 INFO sqlalchemy.engine.Engine BEGIN (implicit)
2026-01-29 23:15:11,584 INFO sqlalchemy.engine.Engine SELECT users.id AS users_id, users.email AS users_email, users.hashed_password AS users_hashed_password, users.full_name AS users_full_name, users.is_active AS users_is_active, users.is_superuser AS users_is_superuser, users.role AS users_role, users.created_at AS users_created_at, users.updated_at AS users_updated_at, users.last_login AS users_last_login 
FROM users 
WHERE users.email = ?
 LIMIT ? OFFSET ?
2026-01-29 23:15:11,585 INFO sqlalchemy.engine.Engine [cached since 3312s ago] ('admin@otto.com', 1, 0)
2026-01-29 23:15:11,588 INFO sqlalchemy.engine.Engine SELECT pros.id AS pros_id, pros.pro_id AS pros_pro_id, pros.name AS pros_name, pros.address AS pros_address, pros.contact_email AS pros_contact_email, pros.contact_phone AS pros_contact_phone, pros.website AS pros_website, pros.territory AS pros_territory, pros.created_at AS pros_created_at, pros.updated_at AS pros_updated_at 
FROM pros
 LIMIT ? OFFSET ?
2026-01-29 23:15:11,594 INFO sqlalchemy.engine.Engine [cached since 2858s ago] (100, 0)
2026-01-29 23:15:11,594 INFO sqlalchemy.engine.Engine SELECT publishers.id AS publishers_id, publishers.publisher_id AS publishers_publisher_id, publishers.name AS publishers_name, publishers.address AS publishers_address, publishers.contact_email AS publishers_contact_email, publishers.contact_phone AS publishers_contact_phone, publishers.rights_type AS publishers_rights_type, publishers.artist_ids AS publishers_artist_ids, publishers.created_at AS publishers_created_at, publishers.updated_at AS publishers_updated_at 
FROM publishers
 LIMIT ? OFFSET ?
2026-01-29 23:15:11,597 INFO sqlalchemy.engine.Engine [cached since 2900s ago] (100, 0)
2026-01-29 23:15:11,604 INFO sqlalchemy.engine.Engine ROLLBACK
INFO:     127.0.0.1:37586 - "GET /api/catalog/works HTTP/1.1" 200 OK
2026-01-29 23:15:11,606 INFO sqlalchemy.engine.Engine ROLLBACK
2026-01-29 23:15:11,616 INFO sqlalchemy.engine.Engine ROLLBACK
INFO:     127.0.0.1:37592 - "GET /api/catalog/pros HTTP/1.1" 200 OK
INFO:     127.0.0.1:37572 - "GET /api/catalog/publishers HTTP/1.1" 200 OK
INFO:     127.0.0.1:39008 - "OPTIONS /api/catalog/tracks HTTP/1.1" 200 OK
2026-01-29 23:17:58,270 INFO sqlalchemy.engine.Engine BEGIN (implicit)
2026-01-29 23:17:58,278 INFO sqlalchemy.engine.Engine SELECT users.id AS users_id, users.email AS users_email, users.hashed_password AS users_hashed_password, users.full_name AS users_full_name, users.is_active AS users_is_active, users.is_superuser AS users_is_superuser, users.role AS users_role, users.created_at AS users_created_at, users.updated_at AS users_updated_at, users.last_login AS users_last_login 
FROM users 
WHERE users.email = ?
 LIMIT ? OFFSET ?
2026-01-29 23:17:58,279 INFO sqlalchemy.engine.Engine [cached since 3479s ago] ('admin@otto.com', 1, 0)
2026-01-29 23:17:58,319 INFO sqlalchemy.engine.Engine SELECT tracks.id AS tracks_id, tracks.track_id AS tracks_track_id, tracks.title AS tracks_title, tracks.duration AS tracks_duration, tracks.genre AS tracks_genre, tracks.release_date AS tracks_release_date, tracks.isrc_code AS tracks_isrc_code, tracks.streaming_link AS tracks_streaming_link, tracks.artist_ids AS tracks_artist_ids, tracks.file_location AS tracks_file_location, tracks.release_id AS tracks_release_id, tracks.work_id AS tracks_work_id, tracks.created_at AS tracks_created_at, tracks.updated_at AS tracks_updated_at 
FROM tracks
 LIMIT ? OFFSET ?
2026-01-29 23:17:58,320 INFO sqlalchemy.engine.Engine [cached since 3170s ago] (100, 0)
INFO:     127.0.0.1:39032 - "OPTIONS /api/catalog/releases HTTP/1.1" 200 OK
INFO:     127.0.0.1:39044 - "OPTIONS /api/catalog/releases HTTP/1.1" 200 OK
2026-01-29 23:17:58,327 INFO sqlalchemy.engine.Engine BEGIN (implicit)
2026-01-29 23:17:58,339 INFO sqlalchemy.engine.Engine SELECT users.id AS users_id, users.email AS users_email, users.hashed_password AS users_hashed_password, users.full_name AS users_full_name, users.is_active AS users_is_active, users.is_superuser AS users_is_superuser, users.role AS users_role, users.created_at AS users_created_at, users.updated_at AS users_updated_at, users.last_login AS users_last_login 
FROM users 
WHERE users.email = ?
 LIMIT ? OFFSET ?
2026-01-29 23:17:58,347 INFO sqlalchemy.engine.Engine [cached since 3479s ago] ('admin@otto.com', 1, 0)
2026-01-29 23:17:58,358 INFO sqlalchemy.engine.Engine ROLLBACK
INFO:     127.0.0.1:39020 - "GET /api/catalog/tracks HTTP/1.1" 200 OK
2026-01-29 23:17:58,361 INFO sqlalchemy.engine.Engine SELECT works.id AS works_id, works.work_id AS works_work_id, works.title AS works_title, works.iswc_code AS works_iswc_code, works.composers AS works_composers, works.composers_text AS works_composers_text, works.arrangers AS works_arrangers, works.arrangers_text AS works_arrangers_text, works.publisher_id AS works_publisher_id, works.pro_id AS works_pro_id, works.created_at AS works_created_at, works.updated_at AS works_updated_at 
FROM works
 LIMIT ? OFFSET ?
2026-01-29 23:17:58,363 INFO sqlalchemy.engine.Engine [cached since 3025s ago] (100, 0)
2026-01-29 23:17:58,372 INFO sqlalchemy.engine.Engine ROLLBACK
INFO:     127.0.0.1:39008 - "GET /api/catalog/works HTTP/1.1" 200 OK
2026-01-29 23:17:58,398 INFO sqlalchemy.engine.Engine BEGIN (implicit)
2026-01-29 23:17:58,398 INFO sqlalchemy.engine.Engine SELECT users.id AS users_id, users.email AS users_email, users.hashed_password AS users_hashed_password, users.full_name AS users_full_name, users.is_active AS users_is_active, users.is_superuser AS users_is_superuser, users.role AS users_role, users.created_at AS users_created_at, users.updated_at AS users_updated_at, users.last_login AS users_last_login 
FROM users 
WHERE users.email = ?
 LIMIT ? OFFSET ?
2026-01-29 23:17:58,399 INFO sqlalchemy.engine.Engine [cached since 3479s ago] ('admin@otto.com', 1, 0)
2026-01-29 23:17:58,403 INFO sqlalchemy.engine.Engine BEGIN (implicit)
2026-01-29 23:17:58,403 INFO sqlalchemy.engine.Engine SELECT users.id AS users_id, users.email AS users_email, users.hashed_password AS users_hashed_password, users.full_name AS users_full_name, users.is_active AS users_is_active, users.is_superuser AS users_is_superuser, users.role AS users_role, users.created_at AS users_created_at, users.updated_at AS users_updated_at, users.last_login AS users_last_login 
FROM users 
WHERE users.email = ?
 LIMIT ? OFFSET ?
2026-01-29 23:17:58,404 INFO sqlalchemy.engine.Engine [cached since 3479s ago] ('admin@otto.com', 1, 0)
2026-01-29 23:17:58,407 INFO sqlalchemy.engine.Engine SELECT releases.id AS releases_id, releases.release_id AS releases_release_id, releases.title AS releases_title, releases.upc_code AS releases_upc_code, releases.release_date AS releases_release_date, releases.release_type AS releases_release_type, releases.cover_art_url AS releases_cover_art_url, releases.label_id AS releases_label_id, releases.artist_id AS releases_artist_id, releases.distributor_id AS releases_distributor_id, releases.created_at AS releases_created_at, releases.updated_at AS releases_updated_at 
FROM releases
 LIMIT ? OFFSET ?
2026-01-29 23:17:58,408 INFO sqlalchemy.engine.Engine [cached since 3171s ago] (100, 0)
2026-01-29 23:17:58,408 INFO sqlalchemy.engine.Engine SELECT tracks.id AS tracks_id, tracks.track_id AS tracks_track_id, tracks.title AS tracks_title, tracks.duration AS tracks_duration, tracks.genre AS tracks_genre, tracks.release_date AS tracks_release_date, tracks.isrc_code AS tracks_isrc_code, tracks.streaming_link AS tracks_streaming_link, tracks.artist_ids AS tracks_artist_ids, tracks.file_location AS tracks_file_location, tracks.release_id AS tracks_release_id, tracks.work_id AS tracks_work_id, tracks.created_at AS tracks_created_at, tracks.updated_at AS tracks_updated_at 
FROM tracks
 LIMIT ? OFFSET ?
2026-01-29 23:17:58,410 INFO sqlalchemy.engine.Engine [cached since 3170s ago] (100, 0)
2026-01-29 23:17:58,409 INFO sqlalchemy.engine.Engine BEGIN (implicit)
2026-01-29 23:17:58,410 INFO sqlalchemy.engine.Engine SELECT users.id AS users_id, users.email AS users_email, users.hashed_password AS users_hashed_password, users.full_name AS users_full_name, users.is_active AS users_is_active, users.is_superuser AS users_is_superuser, users.role AS users_role, users.created_at AS users_created_at, users.updated_at AS users_updated_at, users.last_login AS users_last_login 
FROM users 
WHERE users.email = ?
 LIMIT ? OFFSET ?
2026-01-29 23:17:58,412 INFO sqlalchemy.engine.Engine [cached since 3479s ago] ('admin@otto.com', 1, 0)
2026-01-29 23:17:58,418 INFO sqlalchemy.engine.Engine SELECT works.id AS works_id, works.work_id AS works_work_id, works.title AS works_title, works.iswc_code AS works_iswc_code, works.composers AS works_composers, works.composers_text AS works_composers_text, works.arrangers AS works_arrangers, works.arrangers_text AS works_arrangers_text, works.publisher_id AS works_publisher_id, works.pro_id AS works_pro_id, works.created_at AS works_created_at, works.updated_at AS works_updated_at 
FROM works
 LIMIT ? OFFSET ?
2026-01-29 23:17:58,425 INFO sqlalchemy.engine.Engine [cached since 3025s ago] (100, 0)
2026-01-29 23:17:58,430 INFO sqlalchemy.engine.Engine ROLLBACK
INFO:     127.0.0.1:39060 - "GET /api/catalog/releases HTTP/1.1" 200 OK
2026-01-29 23:17:58,434 INFO sqlalchemy.engine.Engine ROLLBACK
INFO:     127.0.0.1:39044 - "GET /api/catalog/tracks HTTP/1.1" 200 OK
2026-01-29 23:17:58,443 INFO sqlalchemy.engine.Engine ROLLBACK
INFO:     127.0.0.1:39008 - "GET /api/catalog/works HTTP/1.1" 200 OK
2026-01-29 23:17:58,482 INFO sqlalchemy.engine.Engine BEGIN (implicit)
2026-01-29 23:17:58,485 INFO sqlalchemy.engine.Engine SELECT users.id AS users_id, users.email AS users_email, users.hashed_password AS users_hashed_password, users.full_name AS users_full_name, users.is_active AS users_is_active, users.is_superuser AS users_is_superuser, users.role AS users_role, users.created_at AS users_created_at, users.updated_at AS users_updated_at, users.last_login AS users_last_login 
FROM users 
WHERE users.email = ?
 LIMIT ? OFFSET ?
2026-01-29 23:17:58,486 INFO sqlalchemy.engine.Engine [cached since 3479s ago] ('admin@otto.com', 1, 0)
2026-01-29 23:17:58,489 INFO sqlalchemy.engine.Engine SELECT releases.id AS releases_id, releases.release_id AS releases_release_id, releases.title AS releases_title, releases.upc_code AS releases_upc_code, releases.release_date AS releases_release_date, releases.release_type AS releases_release_type, releases.cover_art_url AS releases_cover_art_url, releases.label_id AS releases_label_id, releases.artist_id AS releases_artist_id, releases.distributor_id AS releases_distributor_id, releases.created_at AS releases_created_at, releases.updated_at AS releases_updated_at 
FROM releases
 LIMIT ? OFFSET ?
2026-01-29 23:17:58,491 INFO sqlalchemy.engine.Engine [cached since 3171s ago] (100, 0)
2026-01-29 23:17:58,497 INFO sqlalchemy.engine.Engine ROLLBACK
INFO:     127.0.0.1:39060 - "GET /api/catalog/releases HTTP/1.1" 200 OK
INFO:     127.0.0.1:34686 - "OPTIONS /api/catalog/tracks HTTP/1.1" 200 OK
2026-01-29 23:20:33,564 INFO sqlalchemy.engine.Engine BEGIN (implicit)
2026-01-29 23:20:33,565 INFO sqlalchemy.engine.Engine SELECT users.id AS users_id, users.email AS users_email, users.hashed_password AS users_hashed_password, users.full_name AS users_full_name, users.is_active AS users_is_active, users.is_superuser AS users_is_superuser, users.role AS users_role, users.created_at AS users_created_at, users.updated_at AS users_updated_at, users.last_login AS users_last_login 
FROM users 
WHERE users.email = ?
 LIMIT ? OFFSET ?
2026-01-29 23:20:33,566 INFO sqlalchemy.engine.Engine [cached since 3634s ago] ('admin@otto.com', 1, 0)
2026-01-29 23:20:33,604 INFO sqlalchemy.engine.Engine ROLLBACK
INFO:     127.0.0.1:34692 - "POST /api/catalog/tracks HTTP/1.1" 422 Unprocessable Entity
INFO:     127.0.0.1:52316 - "OPTIONS /api/analytics/kpi HTTP/1.1" 200 OK
INFO:     127.0.0.1:52320 - "OPTIONS /api/analytics/catalog-growth HTTP/1.1" 200 OK
INFO:     127.0.0.1:52326 - "OPTIONS /api/analytics/upcoming-events?limit=5 HTTP/1.1" 200 OK
INFO:     127.0.0.1:51858 - "OPTIONS /api/analytics/recent-activity?limit=10 HTTP/1.1" 200 OK
INFO:     127.0.0.1:51864 - "OPTIONS /api/analytics/latest-release HTTP/1.1" 200 OK
INFO:     127.0.0.1:51870 - "OPTIONS /api/analytics/pending-contracts HTTP/1.1" 200 OK
INFO:     127.0.0.1:52316 - "OPTIONS /api/analytics/kpi HTTP/1.1" 200 OK
INFO:     127.0.0.1:52320 - "OPTIONS /api/analytics/catalog-growth HTTP/1.1" 200 OK
INFO:     127.0.0.1:52326 - "OPTIONS /api/analytics/upcoming-events?limit=5 HTTP/1.1" 200 OK
INFO:     127.0.0.1:51858 - "OPTIONS /api/analytics/recent-activity?limit=10 HTTP/1.1" 200 OK
2026-01-29 23:24:27,800 INFO sqlalchemy.engine.Engine BEGIN (implicit)
2026-01-29 23:24:27,816 INFO sqlalchemy.engine.Engine SELECT users.id AS users_id, users.email AS users_email, users.hashed_password AS users_hashed_password, users.full_name AS users_full_name, users.is_active AS users_is_active, users.is_superuser AS users_is_superuser, users.role AS users_role, users.created_at AS users_created_at, users.updated_at AS users_updated_at, users.last_login AS users_last_login 
FROM users 
WHERE users.email = ?
 LIMIT ? OFFSET ?
2026-01-29 23:24:27,817 INFO sqlalchemy.engine.Engine [cached since 3868s ago] ('admin@otto.com', 1, 0)
INFO:     127.0.0.1:51870 - "OPTIONS /api/analytics/latest-release HTTP/1.1" 200 OK
INFO:     127.0.0.1:52316 - "OPTIONS /api/analytics/pending-contracts HTTP/1.1" 200 OK
2026-01-29 23:24:27,902 INFO sqlalchemy.engine.Engine SELECT count(*) AS count_1 
FROM (SELECT artists.id AS artists_id, artists.artist_id AS artists_artist_id, artists.name AS artists_name, artists.aka AS artists_aka, artists.id_number AS artists_id_number, artists.ipi_number AS artists_ipi_number, artists.contact_email AS artists_contact_email, artists.contact_phone AS artists_contact_phone, artists.physical_address AS artists_physical_address, artists.banking_details AS artists_banking_details, artists.profile_image_url AS artists_profile_image_url, artists.streaming_links AS artists_streaming_links, artists.social_media AS artists_social_media, artists.label_id AS artists_label_id, artists.publisher_id AS artists_publisher_id, artists.pro_id AS artists_pro_id, artists.created_at AS artists_created_at, artists.updated_at AS artists_updated_at 
FROM artists) AS anon_1
2026-01-29 23:24:27,916 INFO sqlalchemy.engine.Engine [cached since 3867s ago] ()
2026-01-29 23:24:27,930 INFO sqlalchemy.engine.Engine BEGIN (implicit)
2026-01-29 23:24:27,935 INFO sqlalchemy.engine.Engine SELECT users.id AS users_id, users.email AS users_email, users.hashed_password AS users_hashed_password, users.full_name AS users_full_name, users.is_active AS users_is_active, users.is_superuser AS users_is_superuser, users.role AS users_role, users.created_at AS users_created_at, users.updated_at AS users_updated_at, users.last_login AS users_last_login 
FROM users 
WHERE users.email = ?
 LIMIT ? OFFSET ?
2026-01-29 23:24:27,938 INFO sqlalchemy.engine.Engine [cached since 3868s ago] ('admin@otto.com', 1, 0)
2026-01-29 23:24:27,937 INFO sqlalchemy.engine.Engine SELECT count(*) AS count_1 
FROM (SELECT releases.id AS releases_id, releases.release_id AS releases_release_id, releases.title AS releases_title, releases.upc_code AS releases_upc_code, releases.release_date AS releases_release_date, releases.release_type AS releases_release_type, releases.cover_art_url AS releases_cover_art_url, releases.label_id AS releases_label_id, releases.artist_id AS releases_artist_id, releases.distributor_id AS releases_distributor_id, releases.created_at AS releases_created_at, releases.updated_at AS releases_updated_at 
FROM releases) AS anon_1
2026-01-29 23:24:27,946 INFO sqlalchemy.engine.Engine [cached since 3867s ago] ()
2026-01-29 23:24:27,947 INFO sqlalchemy.engine.Engine BEGIN (implicit)
2026-01-29 23:24:27,959 INFO sqlalchemy.engine.Engine SELECT users.id AS users_id, users.email AS users_email, users.hashed_password AS users_hashed_password, users.full_name AS users_full_name, users.is_active AS users_is_active, users.is_superuser AS users_is_superuser, users.role AS users_role, users.created_at AS users_created_at, users.updated_at AS users_updated_at, users.last_login AS users_last_login 
FROM users 
WHERE users.email = ?
 LIMIT ? OFFSET ?
2026-01-29 23:24:27,955 INFO sqlalchemy.engine.Engine SELECT count(*) AS count_1 
FROM (SELECT works.id AS works_id, works.work_id AS works_work_id, works.title AS works_title, works.iswc_code AS works_iswc_code, works.composers AS works_composers, works.composers_text AS works_composers_text, works.arrangers AS works_arrangers, works.arrangers_text AS works_arrangers_text, works.publisher_id AS works_publisher_id, works.pro_id AS works_pro_id, works.created_at AS works_created_at, works.updated_at AS works_updated_at 
FROM works) AS anon_1
2026-01-29 23:24:27,961 INFO sqlalchemy.engine.Engine [cached since 3867s ago] ()
2026-01-29 23:24:27,960 INFO sqlalchemy.engine.Engine [cached since 3868s ago] ('admin@otto.com', 1, 0)
2026-01-29 23:24:27,982 INFO sqlalchemy.engine.Engine SELECT count(*) AS count_1 
FROM (SELECT contracts.id AS contracts_id, contracts.contract_id AS contracts_contract_id, contracts.artist_id AS contracts_artist_id, contracts.label_id AS contracts_label_id, contracts.publisher_id AS contracts_publisher_id, contracts.start_date AS contracts_start_date, contracts.end_date AS contracts_end_date, contracts.royalty_rate AS contracts_royalty_rate, contracts.terms AS contracts_terms, contracts.file_path AS contracts_file_path, contracts.status AS contracts_status, contracts.title AS contracts_title, contracts.is_template AS contracts_is_template, contracts.created_at AS contracts_created_at, contracts.updated_at AS contracts_updated_at 
FROM contracts 
WHERE contracts.end_date >= ? OR contracts.end_date IS NULL) AS anon_1
2026-01-29 23:24:27,983 INFO sqlalchemy.engine.Engine [cached since 3867s ago] ('2026-01-29',)
2026-01-29 23:24:28,003 INFO sqlalchemy.engine.Engine BEGIN (implicit)
2026-01-29 23:24:28,014 INFO sqlalchemy.engine.Engine SELECT users.id AS users_id, users.email AS users_email, users.hashed_password AS users_hashed_password, users.full_name AS users_full_name, users.is_active AS users_is_active, users.is_superuser AS users_is_superuser, users.role AS users_role, users.created_at AS users_created_at, users.updated_at AS users_updated_at, users.last_login AS users_last_login 
FROM users 
WHERE users.email = ?
 LIMIT ? OFFSET ?
2026-01-29 23:24:28,015 INFO sqlalchemy.engine.Engine [cached since 3868s ago] ('admin@otto.com', 1, 0)
2026-01-29 23:24:28,028 INFO sqlalchemy.engine.Engine SELECT events.id AS events_id, events.title AS events_title, events.description AS events_description, events.start_datetime AS events_start_datetime, events.end_datetime AS events_end_datetime, events.all_day AS events_all_day, events.category AS events_category, events.color AS events_color, events.location AS events_location, events.recurrence_rule AS events_recurrence_rule, events.recurrence_end_date AS events_recurrence_end_date, events.reminder_minutes AS events_reminder_minutes, events.related_entity_type AS events_related_entity_type, events.related_entity_id AS events_related_entity_id, events.created_by AS events_created_by, events.created_at AS events_created_at, events.updated_at AS events_updated_at 
FROM events 
WHERE events.start_datetime >= ? ORDER BY events.start_datetime
 LIMIT ? OFFSET ?
2026-01-29 23:24:28,029 INFO sqlalchemy.engine.Engine [cached since 3867s ago] ('2026-01-29 23:24:28.023747', 5, 0)
2026-01-29 23:24:28,056 INFO sqlalchemy.engine.Engine SELECT count(*) AS count_1 
FROM (SELECT works.id AS works_id, works.work_id AS works_work_id, works.title AS works_title, works.iswc_code AS works_iswc_code, works.composers AS works_composers, works.composers_text AS works_composers_text, works.arrangers AS works_arrangers, works.arrangers_text AS works_arrangers_text, works.publisher_id AS works_publisher_id, works.pro_id AS works_pro_id, works.created_at AS works_created_at, works.updated_at AS works_updated_at 
FROM works) AS anon_1
2026-01-29 23:24:28,069 INFO sqlalchemy.engine.Engine [cached since 3867s ago] ()
2026-01-29 23:24:28,058 INFO sqlalchemy.engine.Engine SELECT activities.id AS activities_id, activities.user_id AS activities_user_id, activities.action AS activities_action, activities.entity_type AS activities_entity_type, activities.entity_id AS activities_entity_id, activities.entity_name AS activities_entity_name, activities.timestamp AS activities_timestamp 
FROM activities 
WHERE activities.user_id = ? ORDER BY activities.timestamp DESC
 LIMIT ? OFFSET ?
2026-01-29 23:24:28,099 INFO sqlalchemy.engine.Engine [cached since 3867s ago] (1, 10, 0)
2026-01-29 23:24:28,098 INFO sqlalchemy.engine.Engine BEGIN (implicit)
2026-01-29 23:24:28,126 INFO sqlalchemy.engine.Engine SELECT count(*) AS count_1 
FROM (SELECT releases.id AS releases_id, releases.release_id AS releases_release_id, releases.title AS releases_title, releases.upc_code AS releases_upc_code, releases.release_date AS releases_release_date, releases.release_type AS releases_release_type, releases.cover_art_url AS releases_cover_art_url, releases.label_id AS releases_label_id, releases.artist_id AS releases_artist_id, releases.distributor_id AS releases_distributor_id, releases.created_at AS releases_created_at, releases.updated_at AS releases_updated_at 
FROM releases) AS anon_1
2026-01-29 23:24:28,127 INFO sqlalchemy.engine.Engine [cached since 3867s ago] ()
2026-01-29 23:24:28,128 INFO sqlalchemy.engine.Engine SELECT users.id AS users_id, users.email AS users_email, users.hashed_password AS users_hashed_password, users.full_name AS users_full_name, users.is_active AS users_is_active, users.is_superuser AS users_is_superuser, users.role AS users_role, users.created_at AS users_created_at, users.updated_at AS users_updated_at, users.last_login AS users_last_login 
FROM users 
WHERE users.email = ?
 LIMIT ? OFFSET ?
2026-01-29 23:24:28,135 INFO sqlalchemy.engine.Engine [cached since 3868s ago] ('admin@otto.com', 1, 0)
2026-01-29 23:24:28,163 INFO sqlalchemy.engine.Engine SELECT count(*) AS count_1 
FROM (SELECT artists.id AS artists_id, artists.artist_id AS artists_artist_id, artists.name AS artists_name, artists.aka AS artists_aka, artists.id_number AS artists_id_number, artists.ipi_number AS artists_ipi_number, artists.contact_email AS artists_contact_email, artists.contact_phone AS artists_contact_phone, artists.physical_address AS artists_physical_address, artists.banking_details AS artists_banking_details, artists.profile_image_url AS artists_profile_image_url, artists.streaming_links AS artists_streaming_links, artists.social_media AS artists_social_media, artists.label_id AS artists_label_id, artists.publisher_id AS artists_publisher_id, artists.pro_id AS artists_pro_id, artists.created_at AS artists_created_at, artists.updated_at AS artists_updated_at 
FROM artists) AS anon_1
2026-01-29 23:24:28,164 INFO sqlalchemy.engine.Engine [cached since 3867s ago] ()
2026-01-29 23:24:28,184 INFO sqlalchemy.engine.Engine BEGIN (implicit)
2026-01-29 23:24:28,186 INFO sqlalchemy.engine.Engine SELECT users.id AS users_id, users.email AS users_email, users.hashed_password AS users_hashed_password, users.full_name AS users_full_name, users.is_active AS users_is_active, users.is_superuser AS users_is_superuser, users.role AS users_role, users.created_at AS users_created_at, users.updated_at AS users_updated_at, users.last_login AS users_last_login 
FROM users 
WHERE users.email = ?
 LIMIT ? OFFSET ?
2026-01-29 23:24:28,186 INFO sqlalchemy.engine.Engine [cached since 3869s ago] ('admin@otto.com', 1, 0)
2026-01-29 23:24:28,231 INFO sqlalchemy.engine.Engine ROLLBACK
2026-01-29 23:24:28,255 INFO sqlalchemy.engine.Engine SELECT count(*) AS count_1 
FROM (SELECT contracts.id AS contracts_id, contracts.contract_id AS contracts_contract_id, contracts.artist_id AS contracts_artist_id, contracts.label_id AS contracts_label_id, contracts.publisher_id AS contracts_publisher_id, contracts.start_date AS contracts_start_date, contracts.end_date AS contracts_end_date, contracts.royalty_rate AS contracts_royalty_rate, contracts.terms AS contracts_terms, contracts.file_path AS contracts_file_path, contracts.status AS contracts_status, contracts.title AS contracts_title, contracts.is_template AS contracts_is_template, contracts.created_at AS contracts_created_at, contracts.updated_at AS contracts_updated_at 
FROM contracts 
WHERE contracts.end_date >= ? OR contracts.end_date IS NULL) AS anon_1
INFO:     127.0.0.1:51864 - "GET /api/analytics/kpi HTTP/1.1" 200 OK
2026-01-29 23:24:28,270 INFO sqlalchemy.engine.Engine [cached since 3867s ago] ('2026-01-29',)
2026-01-29 23:24:28,260 INFO sqlalchemy.engine.Engine ROLLBACK
2026-01-29 23:24:28,261 INFO sqlalchemy.engine.Engine SELECT releases.id AS releases_id, releases.release_id AS releases_release_id, releases.title AS releases_title, releases.upc_code AS releases_upc_code, releases.release_date AS releases_release_date, releases.release_type AS releases_release_type, releases.cover_art_url AS releases_cover_art_url, releases.label_id AS releases_label_id, releases.artist_id AS releases_artist_id, releases.distributor_id AS releases_distributor_id, releases.created_at AS releases_created_at, releases.updated_at AS releases_updated_at 
FROM releases ORDER BY releases.release_date DESC
 LIMIT ? OFFSET ?
2026-01-29 23:24:28,311 INFO sqlalchemy.engine.Engine [cached since 3867s ago] (1, 0)
2026-01-29 23:24:28,259 INFO sqlalchemy.engine.Engine ROLLBACK
INFO:     127.0.0.1:52326 - "GET /api/analytics/upcoming-events?limit=5 HTTP/1.1" 200 OK
2026-01-29 23:24:28,288 INFO sqlalchemy.engine.Engine ROLLBACK
INFO:     127.0.0.1:51858 - "GET /api/analytics/recent-activity?limit=10 HTTP/1.1" 200 OK
INFO:     127.0.0.1:52320 - "GET /api/analytics/catalog-growth HTTP/1.1" 200 OK
2026-01-29 23:24:28,339 INFO sqlalchemy.engine.Engine ROLLBACK
INFO:     127.0.0.1:52316 - "GET /api/analytics/pending-contracts HTTP/1.1" 200 OK
2026-01-29 23:24:28,407 INFO sqlalchemy.engine.Engine ROLLBACK
2026-01-29 23:24:28,428 INFO sqlalchemy.engine.Engine BEGIN (implicit)
2026-01-29 23:24:28,432 INFO sqlalchemy.engine.Engine SELECT users.id AS users_id, users.email AS users_email, users.hashed_password AS users_hashed_password, users.full_name AS users_full_name, users.is_active AS users_is_active, users.is_superuser AS users_is_superuser, users.role AS users_role, users.created_at AS users_created_at, users.updated_at AS users_updated_at, users.last_login AS users_last_login 
FROM users 
WHERE users.email = ?
 LIMIT ? OFFSET ?
2026-01-29 23:24:28,433 INFO sqlalchemy.engine.Engine [cached since 3869s ago] ('admin@otto.com', 1, 0)
INFO:     127.0.0.1:51870 - "GET /api/analytics/latest-release HTTP/1.1" 200 OK
2026-01-29 23:24:28,469 INFO sqlalchemy.engine.Engine SELECT count(*) AS count_1 
FROM (SELECT artists.id AS artists_id, artists.artist_id AS artists_artist_id, artists.name AS artists_name, artists.aka AS artists_aka, artists.id_number AS artists_id_number, artists.ipi_number AS artists_ipi_number, artists.contact_email AS artists_contact_email, artists.contact_phone AS artists_contact_phone, artists.physical_address AS artists_physical_address, artists.banking_details AS artists_banking_details, artists.profile_image_url AS artists_profile_image_url, artists.streaming_links AS artists_streaming_links, artists.social_media AS artists_social_media, artists.label_id AS artists_label_id, artists.publisher_id AS artists_publisher_id, artists.pro_id AS artists_pro_id, artists.created_at AS artists_created_at, artists.updated_at AS artists_updated_at 
FROM artists) AS anon_1
2026-01-29 23:24:28,470 INFO sqlalchemy.engine.Engine [cached since 3867s ago] ()
2026-01-29 23:24:28,507 INFO sqlalchemy.engine.Engine SELECT count(*) AS count_1 
FROM (SELECT releases.id AS releases_id, releases.release_id AS releases_release_id, releases.title AS releases_title, releases.upc_code AS releases_upc_code, releases.release_date AS releases_release_date, releases.release_type AS releases_release_type, releases.cover_art_url AS releases_cover_art_url, releases.label_id AS releases_label_id, releases.artist_id AS releases_artist_id, releases.distributor_id AS releases_distributor_id, releases.created_at AS releases_created_at, releases.updated_at AS releases_updated_at 
FROM releases) AS anon_1
2026-01-29 23:24:28,531 INFO sqlalchemy.engine.Engine [cached since 3867s ago] ()
2026-01-29 23:24:28,582 INFO sqlalchemy.engine.Engine SELECT count(*) AS count_1 
FROM (SELECT works.id AS works_id, works.work_id AS works_work_id, works.title AS works_title, works.iswc_code AS works_iswc_code, works.composers AS works_composers, works.composers_text AS works_composers_text, works.arrangers AS works_arrangers, works.arrangers_text AS works_arrangers_text, works.publisher_id AS works_publisher_id, works.pro_id AS works_pro_id, works.created_at AS works_created_at, works.updated_at AS works_updated_at 
FROM works) AS anon_1
2026-01-29 23:24:28,600 INFO sqlalchemy.engine.Engine [cached since 3867s ago] ()
2026-01-29 23:24:28,602 INFO sqlalchemy.engine.Engine SELECT count(*) AS count_1 
FROM (SELECT contracts.id AS contracts_id, contracts.contract_id AS contracts_contract_id, contracts.artist_id AS contracts_artist_id, contracts.label_id AS contracts_label_id, contracts.publisher_id AS contracts_publisher_id, contracts.start_date AS contracts_start_date, contracts.end_date AS contracts_end_date, contracts.royalty_rate AS contracts_royalty_rate, contracts.terms AS contracts_terms, contracts.file_path AS contracts_file_path, contracts.status AS contracts_status, contracts.title AS contracts_title, contracts.is_template AS contracts_is_template, contracts.created_at AS contracts_created_at, contracts.updated_at AS contracts_updated_at 
FROM contracts 
WHERE contracts.end_date >= ? OR contracts.end_date IS NULL) AS anon_1
2026-01-29 23:24:28,623 INFO sqlalchemy.engine.Engine [cached since 3868s ago] ('2026-01-29',)
2026-01-29 23:24:28,621 INFO sqlalchemy.engine.Engine BEGIN (implicit)
2026-01-29 23:24:28,625 INFO sqlalchemy.engine.Engine SELECT users.id AS users_id, users.email AS users_email, users.hashed_password AS users_hashed_password, users.full_name AS users_full_name, users.is_active AS users_is_active, users.is_superuser AS users_is_superuser, users.role AS users_role, users.created_at AS users_created_at, users.updated_at AS users_updated_at, users.last_login AS users_last_login 
FROM users 
WHERE users.email = ?
 LIMIT ? OFFSET ?
2026-01-29 23:24:28,625 INFO sqlalchemy.engine.Engine [cached since 3869s ago] ('admin@otto.com', 1, 0)
2026-01-29 23:24:28,638 INFO sqlalchemy.engine.Engine BEGIN (implicit)
2026-01-29 23:24:28,643 INFO sqlalchemy.engine.Engine SELECT users.id AS users_id, users.email AS users_email, users.hashed_password AS users_hashed_password, users.full_name AS users_full_name, users.is_active AS users_is_active, users.is_superuser AS users_is_superuser, users.role AS users_role, users.created_at AS users_created_at, users.updated_at AS users_updated_at, users.last_login AS users_last_login 
FROM users 
WHERE users.email = ?
 LIMIT ? OFFSET ?
2026-01-29 23:24:28,644 INFO sqlalchemy.engine.Engine [cached since 3869s ago] ('admin@otto.com', 1, 0)
2026-01-29 23:24:28,652 INFO sqlalchemy.engine.Engine BEGIN (implicit)
2026-01-29 23:24:28,653 INFO sqlalchemy.engine.Engine SELECT users.id AS users_id, users.email AS users_email, users.hashed_password AS users_hashed_password, users.full_name AS users_full_name, users.is_active AS users_is_active, users.is_superuser AS users_is_superuser, users.role AS users_role, users.created_at AS users_created_at, users.updated_at AS users_updated_at, users.last_login AS users_last_login 
FROM users 
WHERE users.email = ?
 LIMIT ? OFFSET ?
2026-01-29 23:24:28,654 INFO sqlalchemy.engine.Engine [cached since 3869s ago] ('admin@otto.com', 1, 0)
2026-01-29 23:24:28,660 INFO sqlalchemy.engine.Engine BEGIN (implicit)
2026-01-29 23:24:28,661 INFO sqlalchemy.engine.Engine SELECT users.id AS users_id, users.email AS users_email, users.hashed_password AS users_hashed_password, users.full_name AS users_full_name, users.is_active AS users_is_active, users.is_superuser AS users_is_superuser, users.role AS users_role, users.created_at AS users_created_at, users.updated_at AS users_updated_at, users.last_login AS users_last_login 
FROM users 
WHERE users.email = ?
 LIMIT ? OFFSET ?
2026-01-29 23:24:28,661 INFO sqlalchemy.engine.Engine [cached since 3869s ago] ('admin@otto.com', 1, 0)
2026-01-29 23:24:28,672 INFO sqlalchemy.engine.Engine BEGIN (implicit)
2026-01-29 23:24:28,674 INFO sqlalchemy.engine.Engine SELECT users.id AS users_id, users.email AS users_email, users.hashed_password AS users_hashed_password, users.full_name AS users_full_name, users.is_active AS users_is_active, users.is_superuser AS users_is_superuser, users.role AS users_role, users.created_at AS users_created_at, users.updated_at AS users_updated_at, users.last_login AS users_last_login 
FROM users 
WHERE users.email = ?
 LIMIT ? OFFSET ?
2026-01-29 23:24:28,677 INFO sqlalchemy.engine.Engine [cached since 3869s ago] ('admin@otto.com', 1, 0)
2026-01-29 23:24:28,706 INFO sqlalchemy.engine.Engine SELECT count(*) AS count_1 
FROM (SELECT contracts.id AS contracts_id, contracts.contract_id AS contracts_contract_id, contracts.artist_id AS contracts_artist_id, contracts.label_id AS contracts_label_id, contracts.publisher_id AS contracts_publisher_id, contracts.start_date AS contracts_start_date, contracts.end_date AS contracts_end_date, contracts.royalty_rate AS contracts_royalty_rate, contracts.terms AS contracts_terms, contracts.file_path AS contracts_file_path, contracts.status AS contracts_status, contracts.title AS contracts_title, contracts.is_template AS contracts_is_template, contracts.created_at AS contracts_created_at, contracts.updated_at AS contracts_updated_at 
FROM contracts 
WHERE contracts.end_date >= ? OR contracts.end_date IS NULL) AS anon_1
2026-01-29 23:24:28,695 INFO sqlalchemy.engine.Engine SELECT count(*) AS count_1 
FROM (SELECT works.id AS works_id, works.work_id AS works_work_id, works.title AS works_title, works.iswc_code AS works_iswc_code, works.composers AS works_composers, works.composers_text AS works_composers_text, works.arrangers AS works_arrangers, works.arrangers_text AS works_arrangers_text, works.publisher_id AS works_publisher_id, works.pro_id AS works_pro_id, works.created_at AS works_created_at, works.updated_at AS works_updated_at 
FROM works) AS anon_1
2026-01-29 23:24:28,710 INFO sqlalchemy.engine.Engine [cached since 3868s ago] ()
2026-01-29 23:24:28,734 INFO sqlalchemy.engine.Engine SELECT releases.id AS releases_id, releases.release_id AS releases_release_id, releases.title AS releases_title, releases.upc_code AS releases_upc_code, releases.release_date AS releases_release_date, releases.release_type AS releases_release_type, releases.cover_art_url AS releases_cover_art_url, releases.label_id AS releases_label_id, releases.artist_id AS releases_artist_id, releases.distributor_id AS releases_distributor_id, releases.created_at AS releases_created_at, releases.updated_at AS releases_updated_at 
FROM releases ORDER BY releases.release_date DESC
 LIMIT ? OFFSET ?
2026-01-29 23:24:28,733 INFO sqlalchemy.engine.Engine SELECT events.id AS events_id, events.title AS events_title, events.description AS events_description, events.start_datetime AS events_start_datetime, events.end_datetime AS events_end_datetime, events.all_day AS events_all_day, events.category AS events_category, events.color AS events_color, events.location AS events_location, events.recurrence_rule AS events_recurrence_rule, events.recurrence_end_date AS events_recurrence_end_date, events.reminder_minutes AS events_reminder_minutes, events.related_entity_type AS events_related_entity_type, events.related_entity_id AS events_related_entity_id, events.created_by AS events_created_by, events.created_at AS events_created_at, events.updated_at AS events_updated_at 
FROM events 
WHERE events.start_datetime >= ? ORDER BY events.start_datetime
 LIMIT ? OFFSET ?
2026-01-29 23:24:28,748 INFO sqlalchemy.engine.Engine [cached since 3868s ago] ('2026-01-29 23:24:28.727821', 5, 0)
2026-01-29 23:24:28,745 INFO sqlalchemy.engine.Engine ROLLBACK
2026-01-29 23:24:28,708 INFO sqlalchemy.engine.Engine [cached since 3868s ago] ('2026-01-29',)
2026-01-29 23:24:28,746 INFO sqlalchemy.engine.Engine SELECT activities.id AS activities_id, activities.user_id AS activities_user_id, activities.action AS activities_action, activities.entity_type AS activities_entity_type, activities.entity_id AS activities_entity_id, activities.entity_name AS activities_entity_name, activities.timestamp AS activities_timestamp 
FROM activities 
WHERE activities.user_id = ? ORDER BY activities.timestamp DESC
 LIMIT ? OFFSET ?
2026-01-29 23:24:28,750 INFO sqlalchemy.engine.Engine [cached since 3868s ago] (1, 10, 0)
2026-01-29 23:24:28,747 INFO sqlalchemy.engine.Engine SELECT count(*) AS count_1 
FROM (SELECT releases.id AS releases_id, releases.release_id AS releases_release_id, releases.title AS releases_title, releases.upc_code AS releases_upc_code, releases.release_date AS releases_release_date, releases.release_type AS releases_release_type, releases.cover_art_url AS releases_cover_art_url, releases.label_id AS releases_label_id, releases.artist_id AS releases_artist_id, releases.distributor_id AS releases_distributor_id, releases.created_at AS releases_created_at, releases.updated_at AS releases_updated_at 
FROM releases) AS anon_1
2026-01-29 23:24:28,752 INFO sqlalchemy.engine.Engine [cached since 3868s ago] ()
INFO:     127.0.0.1:51864 - "GET /api/analytics/kpi HTTP/1.1" 200 OK
2026-01-29 23:24:28,746 INFO sqlalchemy.engine.Engine [cached since 3868s ago] (1, 0)
2026-01-29 23:24:28,758 INFO sqlalchemy.engine.Engine SELECT count(*) AS count_1 
FROM (SELECT artists.id AS artists_id, artists.artist_id AS artists_artist_id, artists.name AS artists_name, artists.aka AS artists_aka, artists.id_number AS artists_id_number, artists.ipi_number AS artists_ipi_number, artists.contact_email AS artists_contact_email, artists.contact_phone AS artists_contact_phone, artists.physical_address AS artists_physical_address, artists.banking_details AS artists_banking_details, artists.profile_image_url AS artists_profile_image_url, artists.streaming_links AS artists_streaming_links, artists.social_media AS artists_social_media, artists.label_id AS artists_label_id, artists.publisher_id AS artists_publisher_id, artists.pro_id AS artists_pro_id, artists.created_at AS artists_created_at, artists.updated_at AS artists_updated_at 
FROM artists) AS anon_1
2026-01-29 23:24:28,758 INFO sqlalchemy.engine.Engine [cached since 3868s ago] ()
2026-01-29 23:24:28,759 INFO sqlalchemy.engine.Engine ROLLBACK
2026-01-29 23:24:28,759 INFO sqlalchemy.engine.Engine ROLLBACK
INFO:     127.0.0.1:52316 - "GET /api/analytics/upcoming-events?limit=5 HTTP/1.1" 200 OK
2026-01-29 23:24:28,760 INFO sqlalchemy.engine.Engine ROLLBACK
2026-01-29 23:24:28,760 INFO sqlalchemy.engine.Engine ROLLBACK
INFO:     127.0.0.1:51870 - "GET /api/analytics/pending-contracts HTTP/1.1" 200 OK
INFO:     127.0.0.1:52320 - "GET /api/analytics/recent-activity?limit=10 HTTP/1.1" 200 OK
INFO:     127.0.0.1:52326 - "GET /api/analytics/latest-release HTTP/1.1" 200 OK
2026-01-29 23:24:28,778 INFO sqlalchemy.engine.Engine ROLLBACK
INFO:     127.0.0.1:51858 - "GET /api/analytics/catalog-growth HTTP/1.1" 200 OK
2026-01-29 23:28:59,740 INFO sqlalchemy.engine.Engine BEGIN (implicit)
2026-01-29 23:28:59,745 INFO sqlalchemy.engine.Engine SELECT users.id AS users_id, users.email AS users_email, users.hashed_password AS users_hashed_password, users.full_name AS users_full_name, users.is_active AS users_is_active, users.is_superuser AS users_is_superuser, users.role AS users_role, users.created_at AS users_created_at, users.updated_at AS users_updated_at, users.last_login AS users_last_login 
FROM users 
WHERE users.email = ?
 LIMIT ? OFFSET ?
2026-01-29 23:28:59,745 INFO sqlalchemy.engine.Engine [cached since 4140s ago] ('admin@otto.com', 1, 0)
2026-01-29 23:28:59,771 INFO sqlalchemy.engine.Engine BEGIN (implicit)
2026-01-29 23:28:59,771 INFO sqlalchemy.engine.Engine SELECT users.id AS users_id, users.email AS users_email, users.hashed_password AS users_hashed_password, users.full_name AS users_full_name, users.is_active AS users_is_active, users.is_superuser AS users_is_superuser, users.role AS users_role, users.created_at AS users_created_at, users.updated_at AS users_updated_at, users.last_login AS users_last_login 
FROM users 
WHERE users.email = ?
 LIMIT ? OFFSET ?
2026-01-29 23:28:59,771 INFO sqlalchemy.engine.Engine [cached since 4140s ago] ('admin@otto.com', 1, 0)
2026-01-29 23:28:59,789 INFO sqlalchemy.engine.Engine BEGIN (implicit)
2026-01-29 23:28:59,791 INFO sqlalchemy.engine.Engine SELECT users.id AS users_id, users.email AS users_email, users.hashed_password AS users_hashed_password, users.full_name AS users_full_name, users.is_active AS users_is_active, users.is_superuser AS users_is_superuser, users.role AS users_role, users.created_at AS users_created_at, users.updated_at AS users_updated_at, users.last_login AS users_last_login 
FROM users 
WHERE users.email = ?
 LIMIT ? OFFSET ?
2026-01-29 23:28:59,791 INFO sqlalchemy.engine.Engine [cached since 4140s ago] ('admin@otto.com', 1, 0)
2026-01-29 23:28:59,812 INFO sqlalchemy.engine.Engine BEGIN (implicit)
2026-01-29 23:28:59,814 INFO sqlalchemy.engine.Engine SELECT users.id AS users_id, users.email AS users_email, users.hashed_password AS users_hashed_password, users.full_name AS users_full_name, users.is_active AS users_is_active, users.is_superuser AS users_is_superuser, users.role AS users_role, users.created_at AS users_created_at, users.updated_at AS users_updated_at, users.last_login AS users_last_login 
FROM users 
WHERE users.email = ?
 LIMIT ? OFFSET ?
2026-01-29 23:28:59,815 INFO sqlalchemy.engine.Engine [cached since 4140s ago] ('admin@otto.com', 1, 0)
2026-01-29 23:28:59,830 INFO sqlalchemy.engine.Engine BEGIN (implicit)
2026-01-29 23:28:59,832 INFO sqlalchemy.engine.Engine SELECT users.id AS users_id, users.email AS users_email, users.hashed_password AS users_hashed_password, users.full_name AS users_full_name, users.is_active AS users_is_active, users.is_superuser AS users_is_superuser, users.role AS users_role, users.created_at AS users_created_at, users.updated_at AS users_updated_at, users.last_login AS users_last_login 
FROM users 
WHERE users.email = ?
 LIMIT ? OFFSET ?
2026-01-29 23:28:59,832 INFO sqlalchemy.engine.Engine [cached since 4140s ago] ('admin@otto.com', 1, 0)
2026-01-29 23:28:59,846 INFO sqlalchemy.engine.Engine BEGIN (implicit)
2026-01-29 23:28:59,847 INFO sqlalchemy.engine.Engine SELECT users.id AS users_id, users.email AS users_email, users.hashed_password AS users_hashed_password, users.full_name AS users_full_name, users.is_active AS users_is_active, users.is_superuser AS users_is_superuser, users.role AS users_role, users.created_at AS users_created_at, users.updated_at AS users_updated_at, users.last_login AS users_last_login 
FROM users 
WHERE users.email = ?
 LIMIT ? OFFSET ?
2026-01-29 23:28:59,848 INFO sqlalchemy.engine.Engine [cached since 4140s ago] ('admin@otto.com', 1, 0)
2026-01-29 23:28:59,862 INFO sqlalchemy.engine.Engine SELECT activities.id AS activities_id, activities.user_id AS activities_user_id, activities.action AS activities_action, activities.entity_type AS activities_entity_type, activities.entity_id AS activities_entity_id, activities.entity_name AS activities_entity_name, activities.timestamp AS activities_timestamp 
FROM activities 
WHERE activities.user_id = ? ORDER BY activities.timestamp DESC
 LIMIT ? OFFSET ?
2026-01-29 23:28:59,863 INFO sqlalchemy.engine.Engine [cached since 4139s ago] (1, 10, 0)
2026-01-29 23:28:59,865 INFO sqlalchemy.engine.Engine SELECT count(*) AS count_1 
FROM (SELECT works.id AS works_id, works.work_id AS works_work_id, works.title AS works_title, works.iswc_code AS works_iswc_code, works.composers AS works_composers, works.composers_text AS works_composers_text, works.arrangers AS works_arrangers, works.arrangers_text AS works_arrangers_text, works.publisher_id AS works_publisher_id, works.pro_id AS works_pro_id, works.created_at AS works_created_at, works.updated_at AS works_updated_at 
FROM works) AS anon_1
2026-01-29 23:28:59,869 INFO sqlalchemy.engine.Engine [cached since 4139s ago] ()
2026-01-29 23:28:59,866 INFO sqlalchemy.engine.Engine SELECT events.id AS events_id, events.title AS events_title, events.description AS events_description, events.start_datetime AS events_start_datetime, events.end_datetime AS events_end_datetime, events.all_day AS events_all_day, events.category AS events_category, events.color AS events_color, events.location AS events_location, events.recurrence_rule AS events_recurrence_rule, events.recurrence_end_date AS events_recurrence_end_date, events.reminder_minutes AS events_reminder_minutes, events.related_entity_type AS events_related_entity_type, events.related_entity_id AS events_related_entity_id, events.created_by AS events_created_by, events.created_at AS events_created_at, events.updated_at AS events_updated_at 
FROM events 
WHERE events.start_datetime >= ? ORDER BY events.start_datetime
 LIMIT ? OFFSET ?
2026-01-29 23:28:59,863 INFO sqlalchemy.engine.Engine SELECT count(*) AS count_1 
FROM (SELECT artists.id AS artists_id, artists.artist_id AS artists_artist_id, artists.name AS artists_name, artists.aka AS artists_aka, artists.id_number AS artists_id_number, artists.ipi_number AS artists_ipi_number, artists.contact_email AS artists_contact_email, artists.contact_phone AS artists_contact_phone, artists.physical_address AS artists_physical_address, artists.banking_details AS artists_banking_details, artists.profile_image_url AS artists_profile_image_url, artists.streaming_links AS artists_streaming_links, artists.social_media AS artists_social_media, artists.label_id AS artists_label_id, artists.publisher_id AS artists_publisher_id, artists.pro_id AS artists_pro_id, artists.created_at AS artists_created_at, artists.updated_at AS artists_updated_at 
FROM artists) AS anon_1
2026-01-29 23:28:59,881 INFO sqlalchemy.engine.Engine [cached since 4139s ago] ()
2026-01-29 23:28:59,880 INFO sqlalchemy.engine.Engine [cached since 4139s ago] ('2026-01-29 23:28:59.865458', 5, 0)
2026-01-29 23:28:59,877 INFO sqlalchemy.engine.Engine ROLLBACK
INFO:     127.0.0.1:58942 - "GET /api/analytics/recent-activity?limit=10 HTTP/1.1" 200 OK
2026-01-29 23:28:59,871 INFO sqlalchemy.engine.Engine SELECT releases.id AS releases_id, releases.release_id AS releases_release_id, releases.title AS releases_title, releases.upc_code AS releases_upc_code, releases.release_date AS releases_release_date, releases.release_type AS releases_release_type, releases.cover_art_url AS releases_cover_art_url, releases.label_id AS releases_label_id, releases.artist_id AS releases_artist_id, releases.distributor_id AS releases_distributor_id, releases.created_at AS releases_created_at, releases.updated_at AS releases_updated_at 
FROM releases ORDER BY releases.release_date DESC
 LIMIT ? OFFSET ?
2026-01-29 23:28:59,901 INFO sqlalchemy.engine.Engine [cached since 4139s ago] (1, 0)
2026-01-29 23:28:59,885 INFO sqlalchemy.engine.Engine SELECT count(*) AS count_1 
FROM (SELECT releases.id AS releases_id, releases.release_id AS releases_release_id, releases.title AS releases_title, releases.upc_code AS releases_upc_code, releases.release_date AS releases_release_date, releases.release_type AS releases_release_type, releases.cover_art_url AS releases_cover_art_url, releases.label_id AS releases_label_id, releases.artist_id AS releases_artist_id, releases.distributor_id AS releases_distributor_id, releases.created_at AS releases_created_at, releases.updated_at AS releases_updated_at 
FROM releases) AS anon_1
2026-01-29 23:28:59,902 INFO sqlalchemy.engine.Engine [cached since 4139s ago] ()
2026-01-29 23:28:59,904 INFO sqlalchemy.engine.Engine SELECT count(*) AS count_1 
FROM (SELECT works.id AS works_id, works.work_id AS works_work_id, works.title AS works_title, works.iswc_code AS works_iswc_code, works.composers AS works_composers, works.composers_text AS works_composers_text, works.arrangers AS works_arrangers, works.arrangers_text AS works_arrangers_text, works.publisher_id AS works_publisher_id, works.pro_id AS works_pro_id, works.created_at AS works_created_at, works.updated_at AS works_updated_at 
FROM works) AS anon_1
2026-01-29 23:28:59,918 INFO sqlalchemy.engine.Engine [cached since 4139s ago] ()
2026-01-29 23:28:59,896 INFO sqlalchemy.engine.Engine SELECT count(*) AS count_1 
FROM (SELECT releases.id AS releases_id, releases.release_id AS releases_release_id, releases.title AS releases_title, releases.upc_code AS releases_upc_code, releases.release_date AS releases_release_date, releases.release_type AS releases_release_type, releases.cover_art_url AS releases_cover_art_url, releases.label_id AS releases_label_id, releases.artist_id AS releases_artist_id, releases.distributor_id AS releases_distributor_id, releases.created_at AS releases_created_at, releases.updated_at AS releases_updated_at 
FROM releases) AS anon_1
2026-01-29 23:28:59,927 INFO sqlalchemy.engine.Engine [cached since 4139s ago] ()
2026-01-29 23:28:59,901 INFO sqlalchemy.engine.Engine ROLLBACK
2026-01-29 23:28:59,920 INFO sqlalchemy.engine.Engine SELECT count(*) AS count_1 
FROM (SELECT contracts.id AS contracts_id, contracts.contract_id AS contracts_contract_id, contracts.artist_id AS contracts_artist_id, contracts.label_id AS contracts_label_id, contracts.publisher_id AS contracts_publisher_id, contracts.start_date AS contracts_start_date, contracts.end_date AS contracts_end_date, contracts.royalty_rate AS contracts_royalty_rate, contracts.terms AS contracts_terms, contracts.file_path AS contracts_file_path, contracts.status AS contracts_status, contracts.title AS contracts_title, contracts.is_template AS contracts_is_template, contracts.created_at AS contracts_created_at, contracts.updated_at AS contracts_updated_at 
FROM contracts 
WHERE contracts.end_date >= ? OR contracts.end_date IS NULL) AS anon_1
2026-01-29 23:28:59,928 INFO sqlalchemy.engine.Engine ROLLBACK
2026-01-29 23:28:59,876 INFO sqlalchemy.engine.Engine SELECT count(*) AS count_1 
FROM (SELECT contracts.id AS contracts_id, contracts.contract_id AS contracts_contract_id, contracts.artist_id AS contracts_artist_id, contracts.label_id AS contracts_label_id, contracts.publisher_id AS contracts_publisher_id, contracts.start_date AS contracts_start_date, contracts.end_date AS contracts_end_date, contracts.royalty_rate AS contracts_royalty_rate, contracts.terms AS contracts_terms, contracts.file_path AS contracts_file_path, contracts.status AS contracts_status, contracts.title AS contracts_title, contracts.is_template AS contracts_is_template, contracts.created_at AS contracts_created_at, contracts.updated_at AS contracts_updated_at 
FROM contracts 
WHERE contracts.end_date >= ? OR contracts.end_date IS NULL) AS anon_1
2026-01-29 23:28:59,932 INFO sqlalchemy.engine.Engine [cached since 4139s ago] ('2026-01-29',)
2026-01-29 23:28:59,930 INFO sqlalchemy.engine.Engine [cached since 4139s ago] ('2026-01-29',)
2026-01-29 23:28:59,931 INFO sqlalchemy.engine.Engine BEGIN (implicit)
2026-01-29 23:28:59,934 INFO sqlalchemy.engine.Engine SELECT count(*) AS count_1 
FROM (SELECT artists.id AS artists_id, artists.artist_id AS artists_artist_id, artists.name AS artists_name, artists.aka AS artists_aka, artists.id_number AS artists_id_number, artists.ipi_number AS artists_ipi_number, artists.contact_email AS artists_contact_email, artists.contact_phone AS artists_contact_phone, artists.physical_address AS artists_physical_address, artists.banking_details AS artists_banking_details, artists.profile_image_url AS artists_profile_image_url, artists.streaming_links AS artists_streaming_links, artists.social_media AS artists_social_media, artists.label_id AS artists_label_id, artists.publisher_id AS artists_publisher_id, artists.pro_id AS artists_pro_id, artists.created_at AS artists_created_at, artists.updated_at AS artists_updated_at 
FROM artists) AS anon_1
2026-01-29 23:28:59,936 INFO sqlalchemy.engine.Engine [cached since 4139s ago] ()
2026-01-29 23:28:59,935 INFO sqlalchemy.engine.Engine SELECT users.id AS users_id, users.email AS users_email, users.hashed_password AS users_hashed_password, users.full_name AS users_full_name, users.is_active AS users_is_active, users.is_superuser AS users_is_superuser, users.role AS users_role, users.created_at AS users_created_at, users.updated_at AS users_updated_at, users.last_login AS users_last_login 
FROM users 
WHERE users.email = ?
 LIMIT ? OFFSET ?
2026-01-29 23:28:59,938 INFO sqlalchemy.engine.Engine [cached since 4140s ago] ('admin@otto.com', 1, 0)
INFO:     127.0.0.1:58938 - "GET /api/analytics/upcoming-events?limit=5 HTTP/1.1" 200 OK
INFO:     127.0.0.1:58952 - "GET /api/analytics/latest-release HTTP/1.1" 200 OK
2026-01-29 23:28:59,957 INFO sqlalchemy.engine.Engine SELECT activities.id AS activities_id, activities.user_id AS activities_user_id, activities.action AS activities_action, activities.entity_type AS activities_entity_type, activities.entity_id AS activities_entity_id, activities.entity_name AS activities_entity_name, activities.timestamp AS activities_timestamp 
FROM activities 
WHERE activities.user_id = ? ORDER BY activities.timestamp DESC
 LIMIT ? OFFSET ?
2026-01-29 23:28:59,958 INFO sqlalchemy.engine.Engine ROLLBACK
2026-01-29 23:28:59,958 INFO sqlalchemy.engine.Engine ROLLBACK
2026-01-29 23:28:59,958 INFO sqlalchemy.engine.Engine ROLLBACK
2026-01-29 23:28:59,961 INFO sqlalchemy.engine.Engine [cached since 4139s ago] (1, 10, 0)
2026-01-29 23:28:59,960 INFO sqlalchemy.engine.Engine BEGIN (implicit)
2026-01-29 23:28:59,964 INFO sqlalchemy.engine.Engine SELECT users.id AS users_id, users.email AS users_email, users.hashed_password AS users_hashed_password, users.full_name AS users_full_name, users.is_active AS users_is_active, users.is_superuser AS users_is_superuser, users.role AS users_role, users.created_at AS users_created_at, users.updated_at AS users_updated_at, users.last_login AS users_last_login 
FROM users 
WHERE users.email = ?
 LIMIT ? OFFSET ?
2026-01-29 23:28:59,964 INFO sqlalchemy.engine.Engine [cached since 4140s ago] ('admin@otto.com', 1, 0)
INFO:     127.0.0.1:58934 - "GET /api/analytics/catalog-growth HTTP/1.1" 200 OK
INFO:     127.0.0.1:58918 - "GET /api/analytics/kpi HTTP/1.1" 200 OK
INFO:     127.0.0.1:58964 - "GET /api/analytics/pending-contracts HTTP/1.1" 200 OK
2026-01-29 23:28:59,971 INFO sqlalchemy.engine.Engine SELECT events.id AS events_id, events.title AS events_title, events.description AS events_description, events.start_datetime AS events_start_datetime, events.end_datetime AS events_end_datetime, events.all_day AS events_all_day, events.category AS events_category, events.color AS events_color, events.location AS events_location, events.recurrence_rule AS events_recurrence_rule, events.recurrence_end_date AS events_recurrence_end_date, events.reminder_minutes AS events_reminder_minutes, events.related_entity_type AS events_related_entity_type, events.related_entity_id AS events_related_entity_id, events.created_by AS events_created_by, events.created_at AS events_created_at, events.updated_at AS events_updated_at 
FROM events 
WHERE events.start_datetime >= ? ORDER BY events.start_datetime
 LIMIT ? OFFSET ?
2026-01-29 23:28:59,972 INFO sqlalchemy.engine.Engine [cached since 4139s ago] ('2026-01-29 23:28:59.969567', 5, 0)
2026-01-29 23:28:59,973 INFO sqlalchemy.engine.Engine ROLLBACK
2026-01-29 23:28:59,976 INFO sqlalchemy.engine.Engine BEGIN (implicit)
2026-01-29 23:28:59,976 INFO sqlalchemy.engine.Engine SELECT users.id AS users_id, users.email AS users_email, users.hashed_password AS users_hashed_password, users.full_name AS users_full_name, users.is_active AS users_is_active, users.is_superuser AS users_is_superuser, users.role AS users_role, users.created_at AS users_created_at, users.updated_at AS users_updated_at, users.last_login AS users_last_login 
FROM users 
WHERE users.email = ?
 LIMIT ? OFFSET ?
2026-01-29 23:28:59,976 INFO sqlalchemy.engine.Engine [cached since 4140s ago] ('admin@otto.com', 1, 0)
INFO:     127.0.0.1:58938 - "GET /api/analytics/upcoming-events?limit=5 HTTP/1.1" 200 OK
2026-01-29 23:28:59,985 INFO sqlalchemy.engine.Engine ROLLBACK
INFO:     127.0.0.1:58942 - "GET /api/analytics/recent-activity?limit=10 HTTP/1.1" 200 OK
2026-01-29 23:28:59,988 INFO sqlalchemy.engine.Engine SELECT releases.id AS releases_id, releases.release_id AS releases_release_id, releases.title AS releases_title, releases.upc_code AS releases_upc_code, releases.release_date AS releases_release_date, releases.release_type AS releases_release_type, releases.cover_art_url AS releases_cover_art_url, releases.label_id AS releases_label_id, releases.artist_id AS releases_artist_id, releases.distributor_id AS releases_distributor_id, releases.created_at AS releases_created_at, releases.updated_at AS releases_updated_at 
FROM releases ORDER BY releases.release_date DESC
 LIMIT ? OFFSET ?
2026-01-29 23:28:59,992 INFO sqlalchemy.engine.Engine [cached since 4139s ago] (1, 0)
2026-01-29 23:29:00,008 INFO sqlalchemy.engine.Engine ROLLBACK
INFO:     127.0.0.1:58952 - "GET /api/analytics/latest-release HTTP/1.1" 200 OK
2026-01-29 23:29:00,036 INFO sqlalchemy.engine.Engine BEGIN (implicit)
2026-01-29 23:29:00,040 INFO sqlalchemy.engine.Engine SELECT users.id AS users_id, users.email AS users_email, users.hashed_password AS users_hashed_password, users.full_name AS users_full_name, users.is_active AS users_is_active, users.is_superuser AS users_is_superuser, users.role AS users_role, users.created_at AS users_created_at, users.updated_at AS users_updated_at, users.last_login AS users_last_login 
FROM users 
WHERE users.email = ?
 LIMIT ? OFFSET ?
2026-01-29 23:29:00,043 INFO sqlalchemy.engine.Engine [cached since 4140s ago] ('admin@otto.com', 1, 0)
2026-01-29 23:29:00,051 INFO sqlalchemy.engine.Engine BEGIN (implicit)
2026-01-29 23:29:00,052 INFO sqlalchemy.engine.Engine SELECT users.id AS users_id, users.email AS users_email, users.hashed_password AS users_hashed_password, users.full_name AS users_full_name, users.is_active AS users_is_active, users.is_superuser AS users_is_superuser, users.role AS users_role, users.created_at AS users_created_at, users.updated_at AS users_updated_at, users.last_login AS users_last_login 
FROM users 
WHERE users.email = ?
 LIMIT ? OFFSET ?
2026-01-29 23:29:00,052 INFO sqlalchemy.engine.Engine [cached since 4140s ago] ('admin@otto.com', 1, 0)
2026-01-29 23:29:00,055 INFO sqlalchemy.engine.Engine BEGIN (implicit)
2026-01-29 23:29:00,055 INFO sqlalchemy.engine.Engine SELECT users.id AS users_id, users.email AS users_email, users.hashed_password AS users_hashed_password, users.full_name AS users_full_name, users.is_active AS users_is_active, users.is_superuser AS users_is_superuser, users.role AS users_role, users.created_at AS users_created_at, users.updated_at AS users_updated_at, users.last_login AS users_last_login 
FROM users 
WHERE users.email = ?
 LIMIT ? OFFSET ?
2026-01-29 23:29:00,055 INFO sqlalchemy.engine.Engine [cached since 4140s ago] ('admin@otto.com', 1, 0)
2026-01-29 23:29:00,057 INFO sqlalchemy.engine.Engine SELECT count(*) AS count_1 
FROM (SELECT artists.id AS artists_id, artists.artist_id AS artists_artist_id, artists.name AS artists_name, artists.aka AS artists_aka, artists.id_number AS artists_id_number, artists.ipi_number AS artists_ipi_number, artists.contact_email AS artists_contact_email, artists.contact_phone AS artists_contact_phone, artists.physical_address AS artists_physical_address, artists.banking_details AS artists_banking_details, artists.profile_image_url AS artists_profile_image_url, artists.streaming_links AS artists_streaming_links, artists.social_media AS artists_social_media, artists.label_id AS artists_label_id, artists.publisher_id AS artists_publisher_id, artists.pro_id AS artists_pro_id, artists.created_at AS artists_created_at, artists.updated_at AS artists_updated_at 
FROM artists) AS anon_1
2026-01-29 23:29:00,058 INFO sqlalchemy.engine.Engine [cached since 4139s ago] ()
2026-01-29 23:29:00,059 INFO sqlalchemy.engine.Engine SELECT count(*) AS count_1 
FROM (SELECT releases.id AS releases_id, releases.release_id AS releases_release_id, releases.title AS releases_title, releases.upc_code AS releases_upc_code, releases.release_date AS releases_release_date, releases.release_type AS releases_release_type, releases.cover_art_url AS releases_cover_art_url, releases.label_id AS releases_label_id, releases.artist_id AS releases_artist_id, releases.distributor_id AS releases_distributor_id, releases.created_at AS releases_created_at, releases.updated_at AS releases_updated_at 
FROM releases) AS anon_1
2026-01-29 23:29:00,063 INFO sqlalchemy.engine.Engine [cached since 4139s ago] ()
2026-01-29 23:29:00,058 INFO sqlalchemy.engine.Engine SELECT count(*) AS count_1 
FROM (SELECT contracts.id AS contracts_id, contracts.contract_id AS contracts_contract_id, contracts.artist_id AS contracts_artist_id, contracts.label_id AS contracts_label_id, contracts.publisher_id AS contracts_publisher_id, contracts.start_date AS contracts_start_date, contracts.end_date AS contracts_end_date, contracts.royalty_rate AS contracts_royalty_rate, contracts.terms AS contracts_terms, contracts.file_path AS contracts_file_path, contracts.status AS contracts_status, contracts.title AS contracts_title, contracts.is_template AS contracts_is_template, contracts.created_at AS contracts_created_at, contracts.updated_at AS contracts_updated_at 
FROM contracts 
WHERE contracts.end_date >= ? OR contracts.end_date IS NULL) AS anon_1
2026-01-29 23:29:00,067 INFO sqlalchemy.engine.Engine [cached since 4139s ago] ('2026-01-29',)
2026-01-29 23:29:00,066 INFO sqlalchemy.engine.Engine SELECT count(*) AS count_1 
FROM (SELECT works.id AS works_id, works.work_id AS works_work_id, works.title AS works_title, works.iswc_code AS works_iswc_code, works.composers AS works_composers, works.composers_text AS works_composers_text, works.arrangers AS works_arrangers, works.arrangers_text AS works_arrangers_text, works.publisher_id AS works_publisher_id, works.pro_id AS works_pro_id, works.created_at AS works_created_at, works.updated_at AS works_updated_at 
FROM works) AS anon_1
2026-01-29 23:29:00,062 INFO sqlalchemy.engine.Engine SELECT count(*) AS count_1 
FROM (SELECT works.id AS works_id, works.work_id AS works_work_id, works.title AS works_title, works.iswc_code AS works_iswc_code, works.composers AS works_composers, works.composers_text AS works_composers_text, works.arrangers AS works_arrangers, works.arrangers_text AS works_arrangers_text, works.publisher_id AS works_publisher_id, works.pro_id AS works_pro_id, works.created_at AS works_created_at, works.updated_at AS works_updated_at 
FROM works) AS anon_1
2026-01-29 23:29:00,071 INFO sqlalchemy.engine.Engine [cached since 4139s ago] ()
2026-01-29 23:29:00,069 INFO sqlalchemy.engine.Engine [cached since 4139s ago] ()
2026-01-29 23:29:00,075 INFO sqlalchemy.engine.Engine SELECT count(*) AS count_1 
FROM (SELECT contracts.id AS contracts_id, contracts.contract_id AS contracts_contract_id, contracts.artist_id AS contracts_artist_id, contracts.label_id AS contracts_label_id, contracts.publisher_id AS contracts_publisher_id, contracts.start_date AS contracts_start_date, contracts.end_date AS contracts_end_date, contracts.royalty_rate AS contracts_royalty_rate, contracts.terms AS contracts_terms, contracts.file_path AS contracts_file_path, contracts.status AS contracts_status, contracts.title AS contracts_title, contracts.is_template AS contracts_is_template, contracts.created_at AS contracts_created_at, contracts.updated_at AS contracts_updated_at 
FROM contracts 
WHERE contracts.end_date >= ? OR contracts.end_date IS NULL) AS anon_1
2026-01-29 23:29:00,075 INFO sqlalchemy.engine.Engine ROLLBACK
2026-01-29 23:29:00,076 INFO sqlalchemy.engine.Engine SELECT count(*) AS count_1 
FROM (SELECT releases.id AS releases_id, releases.release_id AS releases_release_id, releases.title AS releases_title, releases.upc_code AS releases_upc_code, releases.release_date AS releases_release_date, releases.release_type AS releases_release_type, releases.cover_art_url AS releases_cover_art_url, releases.label_id AS releases_label_id, releases.artist_id AS releases_artist_id, releases.distributor_id AS releases_distributor_id, releases.created_at AS releases_created_at, releases.updated_at AS releases_updated_at 
FROM releases) AS anon_1
2026-01-29 23:29:00,076 INFO sqlalchemy.engine.Engine [cached since 4139s ago] ()
2026-01-29 23:29:00,077 INFO sqlalchemy.engine.Engine SELECT count(*) AS count_1 
FROM (SELECT artists.id AS artists_id, artists.artist_id AS artists_artist_id, artists.name AS artists_name, artists.aka AS artists_aka, artists.id_number AS artists_id_number, artists.ipi_number AS artists_ipi_number, artists.contact_email AS artists_contact_email, artists.contact_phone AS artists_contact_phone, artists.physical_address AS artists_physical_address, artists.banking_details AS artists_banking_details, artists.profile_image_url AS artists_profile_image_url, artists.streaming_links AS artists_streaming_links, artists.social_media AS artists_social_media, artists.label_id AS artists_label_id, artists.publisher_id AS artists_publisher_id, artists.pro_id AS artists_pro_id, artists.created_at AS artists_created_at, artists.updated_at AS artists_updated_at 
FROM artists) AS anon_1
2026-01-29 23:29:00,077 INFO sqlalchemy.engine.Engine [cached since 4139s ago] ()
INFO:     127.0.0.1:58918 - "GET /api/analytics/pending-contracts HTTP/1.1" 200 OK
2026-01-29 23:29:00,076 INFO sqlalchemy.engine.Engine [cached since 4139s ago] ('2026-01-29',)
2026-01-29 23:29:00,080 INFO sqlalchemy.engine.Engine ROLLBACK
2026-01-29 23:29:00,081 INFO sqlalchemy.engine.Engine ROLLBACK
INFO:     127.0.0.1:58964 - "GET /api/analytics/kpi HTTP/1.1" 200 OK
INFO:     127.0.0.1:58934 - "GET /api/analytics/catalog-growth HTTP/1.1" 200 OK
INFO:     127.0.0.1:39352 - "OPTIONS /api/catalog/works HTTP/1.1" 200 OK
INFO:     127.0.0.1:39356 - "OPTIONS /api/catalog/releases HTTP/1.1" 200 OK
INFO:     127.0.0.1:39368 - "OPTIONS /api/catalog/works HTTP/1.1" 200 OK
INFO:     127.0.0.1:39374 - "OPTIONS /api/catalog/releases HTTP/1.1" 200 OK
2026-01-29 23:29:38,888 INFO sqlalchemy.engine.Engine BEGIN (implicit)
2026-01-29 23:29:38,888 INFO sqlalchemy.engine.Engine SELECT users.id AS users_id, users.email AS users_email, users.hashed_password AS users_hashed_password, users.full_name AS users_full_name, users.is_active AS users_is_active, users.is_superuser AS users_is_superuser, users.role AS users_role, users.created_at AS users_created_at, users.updated_at AS users_updated_at, users.last_login AS users_last_login 
FROM users 
WHERE users.email = ?
 LIMIT ? OFFSET ?
2026-01-29 23:29:38,889 INFO sqlalchemy.engine.Engine [cached since 4179s ago] ('admin@otto.com', 1, 0)
2026-01-29 23:29:38,892 INFO sqlalchemy.engine.Engine SELECT tracks.id AS tracks_id, tracks.track_id AS tracks_track_id, tracks.title AS tracks_title, tracks.duration AS tracks_duration, tracks.genre AS tracks_genre, tracks.release_date AS tracks_release_date, tracks.isrc_code AS tracks_isrc_code, tracks.streaming_link AS tracks_streaming_link, tracks.artist_ids AS tracks_artist_ids, tracks.file_location AS tracks_file_location, tracks.release_id AS tracks_release_id, tracks.work_id AS tracks_work_id, tracks.created_at AS tracks_created_at, tracks.updated_at AS tracks_updated_at 
FROM tracks
 LIMIT ? OFFSET ?
2026-01-29 23:29:38,892 INFO sqlalchemy.engine.Engine [cached since 3870s ago] (100, 0)
2026-01-29 23:29:38,901 INFO sqlalchemy.engine.Engine BEGIN (implicit)
2026-01-29 23:29:38,902 INFO sqlalchemy.engine.Engine SELECT users.id AS users_id, users.email AS users_email, users.hashed_password AS users_hashed_password, users.full_name AS users_full_name, users.is_active AS users_is_active, users.is_superuser AS users_is_superuser, users.role AS users_role, users.created_at AS users_created_at, users.updated_at AS users_updated_at, users.last_login AS users_last_login 
FROM users 
WHERE users.email = ?
 LIMIT ? OFFSET ?
2026-01-29 23:29:38,903 INFO sqlalchemy.engine.Engine [cached since 4179s ago] ('admin@otto.com', 1, 0)
2026-01-29 23:29:38,911 INFO sqlalchemy.engine.Engine BEGIN (implicit)
2026-01-29 23:29:38,911 INFO sqlalchemy.engine.Engine SELECT users.id AS users_id, users.email AS users_email, users.hashed_password AS users_hashed_password, users.full_name AS users_full_name, users.is_active AS users_is_active, users.is_superuser AS users_is_superuser, users.role AS users_role, users.created_at AS users_created_at, users.updated_at AS users_updated_at, users.last_login AS users_last_login 
FROM users 
WHERE users.email = ?
 LIMIT ? OFFSET ?
2026-01-29 23:29:38,912 INFO sqlalchemy.engine.Engine [cached since 4179s ago] ('admin@otto.com', 1, 0)
2026-01-29 23:29:38,920 INFO sqlalchemy.engine.Engine ROLLBACK
INFO:     127.0.0.1:39342 - "GET /api/catalog/tracks HTTP/1.1" 200 OK
2026-01-29 23:29:38,922 INFO sqlalchemy.engine.Engine SELECT works.id AS works_id, works.work_id AS works_work_id, works.title AS works_title, works.iswc_code AS works_iswc_code, works.composers AS works_composers, works.composers_text AS works_composers_text, works.arrangers AS works_arrangers, works.arrangers_text AS works_arrangers_text, works.publisher_id AS works_publisher_id, works.pro_id AS works_pro_id, works.created_at AS works_created_at, works.updated_at AS works_updated_at 
FROM works
 LIMIT ? OFFSET ?
2026-01-29 23:29:38,929 INFO sqlalchemy.engine.Engine [cached since 3725s ago] (100, 0)
2026-01-29 23:29:38,930 INFO sqlalchemy.engine.Engine SELECT releases.id AS releases_id, releases.release_id AS releases_release_id, releases.title AS releases_title, releases.upc_code AS releases_upc_code, releases.release_date AS releases_release_date, releases.release_type AS releases_release_type, releases.cover_art_url AS releases_cover_art_url, releases.label_id AS releases_label_id, releases.artist_id AS releases_artist_id, releases.distributor_id AS releases_distributor_id, releases.created_at AS releases_created_at, releases.updated_at AS releases_updated_at 
FROM releases
 LIMIT ? OFFSET ?
2026-01-29 23:29:38,930 INFO sqlalchemy.engine.Engine [cached since 3872s ago] (100, 0)
2026-01-29 23:29:38,934 INFO sqlalchemy.engine.Engine BEGIN (implicit)
2026-01-29 23:29:38,934 INFO sqlalchemy.engine.Engine SELECT users.id AS users_id, users.email AS users_email, users.hashed_password AS users_hashed_password, users.full_name AS users_full_name, users.is_active AS users_is_active, users.is_superuser AS users_is_superuser, users.role AS users_role, users.created_at AS users_created_at, users.updated_at AS users_updated_at, users.last_login AS users_last_login 
FROM users 
WHERE users.email = ?
 LIMIT ? OFFSET ?
2026-01-29 23:29:38,934 INFO sqlalchemy.engine.Engine [cached since 4179s ago] ('admin@otto.com', 1, 0)
2026-01-29 23:29:38,936 INFO sqlalchemy.engine.Engine SELECT tracks.id AS tracks_id, tracks.track_id AS tracks_track_id, tracks.title AS tracks_title, tracks.duration AS tracks_duration, tracks.genre AS tracks_genre, tracks.release_date AS tracks_release_date, tracks.isrc_code AS tracks_isrc_code, tracks.streaming_link AS tracks_streaming_link, tracks.artist_ids AS tracks_artist_ids, tracks.file_location AS tracks_file_location, tracks.release_id AS tracks_release_id, tracks.work_id AS tracks_work_id, tracks.created_at AS tracks_created_at, tracks.updated_at AS tracks_updated_at 
FROM tracks
 LIMIT ? OFFSET ?
2026-01-29 23:29:38,936 INFO sqlalchemy.engine.Engine [cached since 3870s ago] (100, 0)
2026-01-29 23:29:38,948 INFO sqlalchemy.engine.Engine ROLLBACK
INFO:     127.0.0.1:39356 - "GET /api/catalog/works HTTP/1.1" 200 OK
2026-01-29 23:29:38,949 INFO sqlalchemy.engine.Engine ROLLBACK
INFO:     127.0.0.1:39378 - "GET /api/catalog/releases HTTP/1.1" 200 OK
2026-01-29 23:29:38,956 INFO sqlalchemy.engine.Engine ROLLBACK
INFO:     127.0.0.1:39342 - "GET /api/catalog/tracks HTTP/1.1" 200 OK
2026-01-29 23:29:38,991 INFO sqlalchemy.engine.Engine BEGIN (implicit)
2026-01-29 23:29:39,008 INFO sqlalchemy.engine.Engine SELECT users.id AS users_id, users.email AS users_email, users.hashed_password AS users_hashed_password, users.full_name AS users_full_name, users.is_active AS users_is_active, users.is_superuser AS users_is_superuser, users.role AS users_role, users.created_at AS users_created_at, users.updated_at AS users_updated_at, users.last_login AS users_last_login 
FROM users 
WHERE users.email = ?
 LIMIT ? OFFSET ?
2026-01-29 23:29:39,008 INFO sqlalchemy.engine.Engine [cached since 4179s ago] ('admin@otto.com', 1, 0)
2026-01-29 23:29:39,034 INFO sqlalchemy.engine.Engine SELECT works.id AS works_id, works.work_id AS works_work_id, works.title AS works_title, works.iswc_code AS works_iswc_code, works.composers AS works_composers, works.composers_text AS works_composers_text, works.arrangers AS works_arrangers, works.arrangers_text AS works_arrangers_text, works.publisher_id AS works_publisher_id, works.pro_id AS works_pro_id, works.created_at AS works_created_at, works.updated_at AS works_updated_at 
FROM works
 LIMIT ? OFFSET ?
2026-01-29 23:29:39,044 INFO sqlalchemy.engine.Engine [cached since 3725s ago] (100, 0)
2026-01-29 23:29:39,057 INFO sqlalchemy.engine.Engine BEGIN (implicit)
2026-01-29 23:29:39,060 INFO sqlalchemy.engine.Engine SELECT users.id AS users_id, users.email AS users_email, users.hashed_password AS users_hashed_password, users.full_name AS users_full_name, users.is_active AS users_is_active, users.is_superuser AS users_is_superuser, users.role AS users_role, users.created_at AS users_created_at, users.updated_at AS users_updated_at, users.last_login AS users_last_login 
FROM users 
WHERE users.email = ?
 LIMIT ? OFFSET ?
2026-01-29 23:29:39,063 INFO sqlalchemy.engine.Engine [cached since 4179s ago] ('admin@otto.com', 1, 0)
2026-01-29 23:29:39,069 INFO sqlalchemy.engine.Engine SELECT releases.id AS releases_id, releases.release_id AS releases_release_id, releases.title AS releases_title, releases.upc_code AS releases_upc_code, releases.release_date AS releases_release_date, releases.release_type AS releases_release_type, releases.cover_art_url AS releases_cover_art_url, releases.label_id AS releases_label_id, releases.artist_id AS releases_artist_id, releases.distributor_id AS releases_distributor_id, releases.created_at AS releases_created_at, releases.updated_at AS releases_updated_at 
FROM releases
 LIMIT ? OFFSET ?
2026-01-29 23:29:39,069 INFO sqlalchemy.engine.Engine [cached since 3872s ago] (100, 0)
2026-01-29 23:29:39,071 INFO sqlalchemy.engine.Engine ROLLBACK
INFO:     127.0.0.1:39356 - "GET /api/catalog/releases HTTP/1.1" 200 OK
2026-01-29 23:29:39,072 INFO sqlalchemy.engine.Engine ROLLBACK
INFO:     127.0.0.1:39378 - "GET /api/catalog/works HTTP/1.1" 200 OK
INFO:     127.0.0.1:53648 - "OPTIONS /api/catalog/tracks HTTP/1.1" 200 OK
2026-01-29 23:37:23,867 INFO sqlalchemy.engine.Engine BEGIN (implicit)
2026-01-29 23:37:23,871 INFO sqlalchemy.engine.Engine SELECT users.id AS users_id, users.email AS users_email, users.hashed_password AS users_hashed_password, users.full_name AS users_full_name, users.is_active AS users_is_active, users.is_superuser AS users_is_superuser, users.role AS users_role, users.created_at AS users_created_at, users.updated_at AS users_updated_at, users.last_login AS users_last_login 
FROM users 
WHERE users.email = ?
 LIMIT ? OFFSET ?
2026-01-29 23:37:23,872 INFO sqlalchemy.engine.Engine [cached since 4644s ago] ('admin@otto.com', 1, 0)
2026-01-29 23:37:23,913 INFO sqlalchemy.engine.Engine ROLLBACK
INFO:     127.0.0.1:53660 - "POST /api/catalog/tracks HTTP/1.1" 422 Unprocessable Entity
2026-01-29 23:39:54,481 INFO sqlalchemy.engine.Engine BEGIN (implicit)
2026-01-29 23:39:54,492 INFO sqlalchemy.engine.Engine SELECT users.id AS users_id, users.email AS users_email, users.hashed_password AS users_hashed_password, users.full_name AS users_full_name, users.is_active AS users_is_active, users.is_superuser AS users_is_superuser, users.role AS users_role, users.created_at AS users_created_at, users.updated_at AS users_updated_at, users.last_login AS users_last_login 
FROM users 
WHERE users.email = ?
 LIMIT ? OFFSET ?
2026-01-29 23:39:54,492 INFO sqlalchemy.engine.Engine [cached since 4795s ago] ('admin@otto.com', 1, 0)
2026-01-29 23:39:54,536 INFO sqlalchemy.engine.Engine ROLLBACK
INFO:     127.0.0.1:41644 - "POST /api/catalog/tracks HTTP/1.1" 422 Unprocessable Entity
2026-01-29 23:42:16,915 INFO sqlalchemy.engine.Engine BEGIN (implicit)
2026-01-29 23:42:16,922 INFO sqlalchemy.engine.Engine SELECT users.id AS users_id, users.email AS users_email, users.hashed_password AS users_hashed_password, users.full_name AS users_full_name, users.is_active AS users_is_active, users.is_superuser AS users_is_superuser, users.role AS users_role, users.created_at AS users_created_at, users.updated_at AS users_updated_at, users.last_login AS users_last_login 
FROM users 
WHERE users.email = ?
 LIMIT ? OFFSET ?
2026-01-29 23:42:16,922 INFO sqlalchemy.engine.Engine [cached since 4937s ago] ('admin@otto.com', 1, 0)
2026-01-29 23:42:16,955 INFO sqlalchemy.engine.Engine ROLLBACK
INFO:     127.0.0.1:56184 - "POST /api/catalog/tracks HTTP/1.1" 422 Unprocessable Entity
INFO:     127.0.0.1:51332 - "POST /api/catalog/tracks HTTP/1.1" 401 Unauthorized
